分类名称,图片路径,父分类,排序
Women,,,10
Boots,cl/cl0722-black.jpg,Women,20
"Ankle Boots",cl/cl0548-black.jpg,Women/Boots,30
"Tall Boots",cl/cl0722-black.jpg,Women/Boots,40
"Bridal Shoes",cl/cl0747-grenadine.jpg,Women,50
Flats,cl/cl0331-all-black.jpg,Women,60
Sandals,cl/cl0032-black.jpg,Women/Flats,70
Ballerinas,cl/cl0331-all-black.jpg,Women/Flats,80
Sneakers,cl/cl0233-all-black.jpg,Women/Flats,90
Loafers,cl/cl0523-suede-black.jpg,Women/Flats,100
Pumps,cl/cl0330-white.jpg,Women,110
High,cl/cl0330-white.jpg,Women/Pumps,120
"Sky High",cl/cl0119-black.jpg,Women/Pumps,130
Platforms,cl/cl0724-nude.jpg,Women,140
High,cl/cl0687-black-patent.jpg,Women/Platforms,150
"Sky High",cl/cl0724-nude.jpg,Women/Platforms,160
Sandals,cl/cl0758-black.jpg,Women,170
Wedges,cl/cl0684-nude.jpg,Women,180
Bag,cl/women-bag.jpg,Women,190
Handbag,cl/women-bag-handbag.jpg,Women/Bag,200
"Shoulder Bag",cl/women-bag-shoulder-bag.jpg,Women/Bag,210
Wallet,cl/women-bag-wallet.jpg,Women/Bag,220
Men,,,230
"Boat Shoes",cl/cl0351-allblack.jpg,Men,240
Boots,cl/cl0549-black.jpg,Men,250
Derbies,cl/cl0638-white.jpg,Men,260
Loafers,cl/cl0190-black-leather.jpg,Men,270
Sneakers,cl/cl0233-red-pik.jpg,Men,280
"Hot Collections",,,290
Zoulou,cl/cl0548-black.jpg,"Hot Collections",300
Pigalle,cl/cl0330-100mm-cameo.jpg,"Hot Collections",310
Daffodile,cl/cl0118-cameo-rose.jpg,"Hot Collections",320
"So Kate",cl/cl0717-purple.jpg,"Hot Collections",330
Filo,cl/cl0509-black.jpg,"Hot Collections",340
"Body Strass",cl/cl0747-grenadine.jpg,"Hot Collections",350
Printz,cl/cl0721-nude.jpg,"Hot Collections",360
Gwynitta,cl/cl0737-silver.jpg,"Hot Collections",370
"Pik Pik",cl/cl0233-pik-lame.jpg,"Hot Collections",380
"Self-owned Brand",,,390
