产品型号,分类路径,排序
CL0001-BLACK,分类不存在,10
CL0001-LIGHT-PEACH,分类不存在,20
CL0001-MULTICOLOR,分类不存在,30
CL0003-BLACK,分类不存在,40
CL0003-PURPLE,分类不存在,50
CL0004-WHITE,分类不存在,60
CL0004-YELLOW,分类不存在,70
CL0005-BLACK,分类不存在,80
CL0005-NUDE,分类不存在,90
CL0006-BLACK,分类不存在,100
CL0010-BLACK,分类不存在,110
CL0010-BLUE,分类不存在,120
CL0010-BROWN,分类不存在,130
CL0010-CHOCOLATE,分类不存在,140
CL0010-FRAMBOISE,分类不存在,150
CL0010-NUDE,分类不存在,160
CL0010-RED,分类不存在,170
CL0010-SLIDES,分类不存在,180
CL0011-LEOPARD,分类不存在,190
CL0013-BLACK,分类不存在,200
CL0013-BROWN,分类不存在,210
CL0013-NUDE-BLACK,分类不存在,220
CL0014-BLACK,分类不存在,230
CL0014-RED,分类不存在,240
CL0015-BLACK,分类不存在,250
CL0015-CREAM,分类不存在,260
CL0016-BLACK,分类不存在,270
CL0017-SILVER,分类不存在,280
CL0018-BLACK,分类不存在,290
CL0018-BLUE-POWDER,分类不存在,300
CL0018-GREEN,分类不存在,310
CL0018-NUDE,分类不存在,320
CL0018-PINK-POWDER,分类不存在,330
CL0018-SOURIS,分类不存在,340
CL0018-WATERSNAKE-BLACK,分类不存在,350
CL0018-WATERSNAKE-CHOCOLATE,分类不存在,360
CL0020-BLACK,分类不存在,370
CL0020-BLACK-PATENT,分类不存在,380
CL0020-BLUE,分类不存在,390
CL0020-ECLIPSE,分类不存在,400
CL0020-NATURAL-GOLD,分类不存在,410
CL0020-NUDE,分类不存在,420
CL0020-SILVER,分类不存在,430
CL0020-SPIKES-BLACK,分类不存在,440
CL0020-SPIKES-NUDE,分类不存在,450
CL0020-TAUPE-GREY,分类不存在,460
CL0021-GREEN,分类不存在,470
CL0021-PURPLE,分类不存在,480
CL0022-BLACK,分类不存在,490
CL0022-PLUM,分类不存在,500
CL0023-BLACK,分类不存在,510
CL0023-WHITE,分类不存在,520
CL0024-BLACK,分类不存在,530
CL0024-PLUM,分类不存在,540
CL0025-BLACK,分类不存在,550
CL0028-BLACK,分类不存在,560
CL0028-FUXIA,分类不存在,570
CL0028-WHITE,分类不存在,580
CL0030-BLACK,分类不存在,590
CL0030-BROWN,分类不存在,600
CL0030-GLITTER-BLACK,分类不存在,610
CL0030-NUDE,分类不存在,620
CL0030-PINK,分类不存在,630
CL0030-TURQUOISE,分类不存在,640
CL0032-BLACK,分类不存在,650
CL0032-GOLD,分类不存在,660
CL0032-RED,分类不存在,670
CL0032-WHITE,分类不存在,680
CL0033-BLACK,分类不存在,690
CL0033-GOLD,分类不存在,700
CL0033-GREEN,分类不存在,710
CL0033-SILVER,分类不存在,720
CL0034-SILVER,分类不存在,730
CL0034-WHITE-SILVER,分类不存在,740
CL0037-BLACK,分类不存在,750
CL0037-RED,分类不存在,760
CL0038-BLACK,分类不存在,770
CL0038-BLUE,分类不存在,780
CL0038-GLITTER-BLACK,分类不存在,790
CL0038-MULTICOLOR,分类不存在,800
CL0038-PINK-GOLD,分类不存在,810
CL0038-ROSE,分类不存在,820
CL0039-AMETHYSTE,分类不存在,830
CL0039-INDIGO,分类不存在,840
CL0040-BLACK,分类不存在,850
CL0040-NUDE,分类不存在,860
CL0040-PINK,分类不存在,870
CL0040-RED,分类不存在,880
CL0040-TARTEN-BLUE,分类不存在,890
CL0041-BEIGE,分类不存在,900
CL0041-PYTHON,分类不存在,910
CL0043-BEIGE,分类不存在,920
CL0043-COFFEE,分类不存在,930
CL0043-YELLOW,分类不存在,940
CL0044-BLUE,分类不存在,950
CL0044-CAMEL,分类不存在,960
CL0044-EVEQUE,分类不存在,970
CL0044-LEOPARD,分类不存在,980
CL0044-LEOPARD-PRINTED,分类不存在,990
CL0044-PURPLE,分类不存在,1000
CL0044-PYTHON-BLACK,分类不存在,1010
CL0044-SUEDE-BLACK,分类不存在,1020
CL0044-SUEDE-COFFEE,分类不存在,1030
CL0045-SILVER,分类不存在,1040
CL0045-WHITE,分类不存在,1050
CL0046-120MM-BLACK,分类不存在,1060
CL0046-140MM-BLACK,分类不存在,1070
CL0046-AMETHYSTE,分类不存在,1080
CL0046-BLACK,分类不存在,1090
CL0046-BLACK-LEATHER,分类不存在,1100
CL0046-BLACK-SUEDE,分类不存在,1110
CL0046-BLUE,分类不存在,1120
CL0046-COFFEE,分类不存在,1130
CL0046-CORK,分类不存在,1140
CL0046-GREY,分类不存在,1150
CL0046-LEATHER-BLACK,分类不存在,1160
CL0046-LEOPARD-PRINT,分类不存在,1170
CL0046-LIGHT-COFFEE,分类不存在,1180
CL0046-NUDE,分类不存在,1190
CL0046-NUDE-PATENT,分类不存在,1200
CL0046-PINK,分类不存在,1210
CL0046-PIVOINE,分类不存在,1220
CL0046-PURPLE,分类不存在,1230
CL0046-PYTHON-RED,分类不存在,1240
CL0046-RED,分类不存在,1250
CL0046-ROSE-PARIS,分类不存在,1260
CL0046-SUEDE-NAVY,分类不存在,1270
CL0046-SUEDE-NUDE,分类不存在,1280
CL0046-TURQUOISE,分类不存在,1290
CL0047-BLACK,分类不存在,1300
CL0047-BLACK-SUEDE,分类不存在,1310
CL0048-BLACK-LEATHER,分类不存在,1320
CL0049-AMETHYST,分类不存在,1330
CL0049-BLACK,分类不存在,1340
CL0049-BLACK-120MM,分类不存在,1350
CL0049-BROWN,分类不存在,1360
CL0049-CAMEL,分类不存在,1370
CL0049-CHOCOLATE,分类不存在,1380
CL0049-ENGLISH-GREEN,分类不存在,1390
CL0049-GLITTER-GOLD,分类不存在,1400
CL0049-NUDE,分类不存在,1410
CL0049-PIVOINE,分类不存在,1420
CL0049-RED,分类不存在,1430
CL0049-SUEDE-BLACK,分类不存在,1440
CL0049-TARTAN-RED,分类不存在,1450
CL0050-PRINTED,分类不存在,1460
CL0050-WHITE,分类不存在,1470
CL0053-BLACK,分类不存在,1480
CL0054-BLACK,分类不存在,1490
CL0056-BLACK,分类不存在,1500
CL0056-PURPLE,分类不存在,1510
CL0056-ROSE,分类不存在,1520
CL0056-SKY-BLUE,分类不存在,1530
CL0057-BLACK,分类不存在,1540
CL0057-LEOPARD,分类不存在,1550
CL0059-GREY,分类不存在,1560
CL0059-RED,分类不存在,1570
CL0060-BLACK,分类不存在,1580
CL0060-RED,分类不存在,1590
CL0061-BLACK,分类不存在,1600
CL0061-BLUE,分类不存在,1610
CL0061-GREEN,分类不存在,1620
CL0061-ORANGE,分类不存在,1630
CL0061-PURPLE,分类不存在,1640
CL0061-RED,分类不存在,1650
CL0061-SILVER,分类不存在,1660
CL0061-YELLOW,分类不存在,1670
CL0064-APRICOT,分类不存在,1680
CL0064-BEIGE,分类不存在,1690
CL0064-BLACK,分类不存在,1700
CL0064-PYTHON-BLACK,分类不存在,1710
CL0065-GOLD,分类不存在,1720
CL0065-RED,分类不存在,1730
CL0065-SILVER,分类不存在,1740
CL0066-BLACK,分类不存在,1750
CL0066-BLUE,分类不存在,1760
CL0066-PINK,分类不存在,1770
CL0066-RED,分类不存在,1780
CL0066-TUTU,分类不存在,1790
CL0068-BLACK,分类不存在,1800
CL0068-CAMEL,分类不存在,1810
CL0068-WHITE,分类不存在,1820
CL0068-YELLOW,分类不存在,1830
CL0069-BLACK,分类不存在,1840
CL0069-SILVER,分类不存在,1850
CL0070-BLACK-SUEDE,分类不存在,1860
CL0070-LEATHER-BLACK,分类不存在,1870
CL0070-LEOPORD,分类不存在,1880
CL0071-BLACK,分类不存在,1890
CL0071-WHITE,分类不存在,1900
CL0072-BLACK,分类不存在,1910
CL0072-RED,分类不存在,1920
CL0073-BLACK,分类不存在,1930
CL0073-GOLD,分类不存在,1940
CL0076-BLACK,分类不存在,1950
CL0076-BURGUNDY,分类不存在,1960
CL0076-NUDE,分类不存在,1970
CL0078-AFRICA,分类不存在,1980
CL0078-BEIGE,分类不存在,1990
CL0078-BLACK,分类不存在,2000
CL0080-BROWN,分类不存在,2010
CL0080-IVORY,分类不存在,2020
CL0081-BLACK,分类不存在,2030
CL0081-BLACK-RED,分类不存在,2040
CL0081-RED-BLUE,分类不存在,2050
CL0082-ALL-BLACK,分类不存在,2060
CL0082-BLACK,分类不存在,2070
CL0082-RED,分类不存在,2080
CL0083-BLACK,分类不存在,2090
CL0083-RED,分类不存在,2100
CL0084-BEIGE,分类不存在,2110
CL0084-BLACK,分类不存在,2120
CL0085-BLACK,分类不存在,2130
CL0085-SILVER,分类不存在,2140
CL0085-WHITE,分类不存在,2150
CL0089-ARGENT,分类不存在,2160
CL0089-BROWN,分类不存在,2170
CL0089-BROWN-CROSTA,分类不存在,2180
CL0089-TAUPE,分类不存在,2190
CL0091-BLACK,分类不存在,2200
CL0093-BLACK,分类不存在,2210
CL0093-BLUE,分类不存在,2220
CL0093-MINT,分类不存在,2230
CL0093-PINK,分类不存在,2240
CL0095-BLACK,分类不存在,2250
CL0096-ELEFANTE,分类不存在,2260
CL0096-ROCCIA,分类不存在,2270
CL0098-BLACK,分类不存在,2280
CL0098-BLACK-GLITTER,分类不存在,2290
CL0098-GLITTER-SILVER,分类不存在,2300
CL0098-RED,分类不存在,2310
CL0099-WHITE,分类不存在,2320
CL0101-BLACK,分类不存在,2330
CL0102-BLUE,分类不存在,2340
CL0104-BLACK,分类不存在,2350
CL0104-PINK,分类不存在,2360
CL0107-NATUERAL,分类不存在,2370
CL0108-BLACK,分类不存在,2380
CL0108-BLACK-100MM,分类不存在,2390
CL0108-LIGHT-GREY,分类不存在,2400
CL0108-NUDE,分类不存在,2410
CL0108-OFF-WHITE,分类不存在,2420
CL0108-PATENT-BLACK,分类不存在,2430
CL0108-PIVOINE,分类不存在,2440
CL0108-RED,分类不存在,2450
CL0108-SATIN-TURQUOISE,分类不存在,2460
CL0109-MULTICOLOR,分类不存在,2470
CL0109-NUDE,分类不存在,2480
CL0110-BEIGE,分类不存在,2490
CL0110-BLACK,分类不存在,2500
CL0111-AMETHYSTE,分类不存在,2510
CL0111-BLACK,分类不存在,2520
CL0113-BLACK,分类不存在,2530
CL0113-BLACK-GLITTER,分类不存在,2540
CL0113-BLACK-YELLOW,分类不存在,2550
CL0113-PURPLE,分类不存在,2560
CL0114-ORANGE,分类不存在,2570
CL0114-RED,分类不存在,2580
CL0114-TURQUOISE,分类不存在,2590
CL0115-BLACK,分类不存在,2600
CL0115-NUDE,分类不存在,2610
CL0115-WHITE,分类不存在,2620
CL0116-BLACK,分类不存在,2630
CL0116-LEOPARD,分类不存在,2640
CL0116-MULTICOLOR,分类不存在,2650
CL0116-RED,分类不存在,2660
CL0116-SUEDE-BLACK,分类不存在,2670
CL0116-TARTAN-BLUE,分类不存在,2680
CL0117-BLACK,分类不存在,2690
CL0117-BROWN,分类不存在,2700
CL0117-NUDE,分类不存在,2710
CL0118-AMETHYSTE,分类不存在,2720
CL0118-BLACK,分类不存在,2730
CL0118-BLUE,分类不存在,2740
CL0118-CAMEO-ROSE,分类不存在,2750
CL0118-DARK-BLUE,分类不存在,2760
CL0118-HOT-PINK,分类不存在,2770
CL0118-LEMON,分类不存在,2780
CL0118-LEOPARD,分类不存在,2790
CL0118-SUEDE-GREY,分类不存在,2800
CL0118-TAUPE-SUEDE,分类不存在,2810
CL0118-TURQUOISE,分类不存在,2820
CL0118-YELLOW,分类不存在,2830
CL0119-BEIGE,分类不存在,2840
CL0119-BLACK,分类不存在,2850
CL0119-BLEU-SAPHIR,分类不存在,2860
CL0119-BLUE,分类不存在,2870
CL0119-BOREALE-GOLD,分类不存在,2880
CL0119-BROWN,分类不存在,2890
CL0119-CHAIN-MULTICOLOR,分类不存在,2900
CL0119-CROCO-BLACK,分类不存在,2910
CL0119-CROCO-PATCHWORK,分类不存在,2920
CL0119-CROCO-PATCHWORKS,分类不存在,2930
CL0119-CROCO-TAN,分类不存在,2940
CL0119-FUCHSIA,分类不存在,2950
CL0119-GEEK,分类不存在,2960
CL0119-GLITTER-BLACK,分类不存在,2970
CL0119-GOLD,分类不存在,2980
CL0119-GREEN,分类不存在,2990
CL0119-GREEN-STRASS,分类不存在,3000
CL0119-JACQUARD-LEOPARD,分类不存在,3010
CL0119-LACE-BLACK,分类不存在,3020
CL0119-LACE-GREEN,分类不存在,3030
CL0119-LACE-GREY,分类不存在,3040
CL0119-LACE-WHITE,分类不存在,3050
CL0119-LAME-GOLD,分类不存在,3060
CL0119-LEATHER-NUDE,分类不存在,3070
CL0119-MERIDIAN-BLUE,分类不存在,3080
CL0119-MULTICOLOR,分类不存在,3090
CL0119-NATURALE,分类不存在,3100
CL0119-PANAMA-BLACK,分类不存在,3110
CL0119-PATENT-WHITE,分类不存在,3120
CL0119-PINK,分类不存在,3130
CL0119-PIVOINE,分类不存在,3140
CL0119-PLUM,分类不存在,3150
CL0119-PONY-ZEBRA,分类不存在,3160
CL0119-PURPLE,分类不存在,3170
CL0119-PYTHON-GREY,分类不存在,3180
CL0119-PYTHON-MENTHE,分类不存在,3190
CL0119-PYTHON-ROCCIA,分类不存在,3200
CL0119-ROUGE-LIPSTICK,分类不存在,3210
CL0119-SAHARA,分类不存在,3220
CL0119-SATIN-BLUE,分类不存在,3230
CL0119-SATIN-PLUM,分类不存在,3240
CL0119-SILVER,分类不存在,3250
CL0119-SNAKESKIN,分类不存在,3260
CL0119-SNAKESKIN-BLUE,分类不存在,3270
CL0119-SNAKESKIN-GREEN,分类不存在,3280
CL0119-SNAKESKIN-PINK,分类不存在,3290
CL0119-STRASS-GOLD,分类不存在,3300
CL0119-STRASS-HEMATITE,分类不存在,3310
CL0119-SUEDE-BLACK,分类不存在,3320
CL0119-SUEDE-PEACOCK,分类不存在,3330
CL0119-SUEDE-VIOLETTE,分类不存在,3340
CL0119-YELLOW,分类不存在,3350
CL0120-BLACK,分类不存在,3360
CL0120-BLUE,分类不存在,3370
CL0120-CHARTREUSE,分类不存在,3380
CL0120-HOT-PINK,分类不存在,3390
CL0120-RED,分类不存在,3400
CL0120-TAUPE,分类不存在,3410
CL0120-YELLOW,分类不存在,3420
CL0121-BEIGE,分类不存在,3430
CL0121-BLACK,分类不存在,3440
CL0121-GLITTE-BLACK,分类不存在,3450
CL0121-GOLD,分类不存在,3460
CL0121-GOLD-GLITTER,分类不存在,3470
CL0122-BLACK-SUEDE,分类不存在,3480
CL0122M-AFRICA,分类不存在,3490
CL0122M-ANTHRACITE,分类不存在,3500
CL0122M-BLACK,分类不存在,3510
CL0122M-BROWN,分类不存在,3520
CL0123-BLACK,分类不存在,3530
CL0123-BLACK-554,分类不存在,3540
CL0123-CANARI,分类不存在,3550
CL0123-CYCLAMEN,分类不存在,3560
CL0123-JAZZ-BLACK,分类不存在,3570
CL0123-LEOPARD,分类不存在,3580
CL0123-NUDE,分类不存在,3590
CL0123-NUDE-RED,分类不存在,3600
CL0123-PATENT-BLACK,分类不存在,3610
CL0123-PYTHON,分类不存在,3620
CL0123-RED,分类不存在,3630
CL0123-STRASS-GOLD,分类不存在,3640
CL0123-STRASS-SILVER,分类不存在,3650
CL0123-W-BLACK,分类不存在,3660
CL0123-WINE-RED,分类不存在,3670
CL0124-BLACK,分类不存在,3680
CL0125-BLACK,分类不存在,3690
CL0125-COBRA,分类不存在,3700
CL0125-JADE,分类不存在,3710
CL0125-NUDE,分类不存在,3720
CL0125-ROSE,分类不存在,3730
CL0126-CAMEL,分类不存在,3740
CL0126-LEMON,分类不存在,3750
CL0127-BEIGE,分类不存在,3760
CL0127-BLACK,分类不存在,3770
CL0128-BLUE,分类不存在,3780
CL0129-IVORY,分类不存在,3790
CL0130-SAND,分类不存在,3800
CL0133-BLACK,分类不存在,3810
CL0133-CHOCOLATE,分类不存在,3820
CL0133-ORANGE,分类不存在,3830
CL0133-PINK,分类不存在,3840
CL0133-RED,分类不存在,3850
CL0133-SILVER,分类不存在,3860
CL0133-YELLOW,分类不存在,3870
CL0134-BLACK,分类不存在,3880
CL0134-MEKONG,分类不存在,3890
CL0134-RED,分类不存在,3900
CL0135-BLACK,分类不存在,3910
CL0135-CHAMPAGNE,分类不存在,3920
CL0135-NAVY,分类不存在,3930
CL0135-RED,分类不存在,3940
CL0136-BLACK,分类不存在,3950
CL0137-RED,分类不存在,3960
CL0138-LEOPARD-PRINTED,分类不存在,3970
CL0139-BLACK,分类不存在,3980
CL0139-NUDE,分类不存在,3990
CL0141-TAN,分类不存在,4000
CL0142-85MM-NUDE,分类不存在,4010
CL0142-BEIGE,分类不存在,4020
CL0142-BLACK,分类不存在,4030
CL0142-CAMEL,分类不存在,4040
CL0142-PINK,分类不存在,4050
CL0142-SILVER,分类不存在,4060
CL0144-BLACK,分类不存在,4070
CL0144-BLUE,分类不存在,4080
CL0144-WHITE,分类不存在,4090
CL0145-BROWN,分类不存在,4100
CL0146-ALL-BLACK,分类不存在,4110
CL0146-BEIGE,分类不存在,4120
CL0146-BLACK,分类不存在,4130
CL0146-GLITTER-PLATINE,分类不存在,4140
CL0146-NUDE,分类不存在,4150
CL0146-PLATINE,分类不存在,4160
CL0147-BEIGE,分类不存在,4170
CL0147-BLACK,分类不存在,4180
CL0152-BLACK-WHITE,分类不存在,4190
CL0152-CAMEO-ROSE,分类不存在,4200
CL0152-GLITTERED-SILVER,分类不存在,4210
CL0152-GLITTER-NUDE,分类不存在,4220
CL0152-GLITTER-SILVER,分类不存在,4230
CL0152-GREY-FLANNEL,分类不存在,4240
CL0152-LACE,分类不存在,4250
CL0152-LIGHT-PEACH,分类不存在,4260
CL0152-MULTICOLOR,分类不存在,4270
CL0152-NUDE,分类不存在,4280
CL0152-NUDE-STRASS,分类不存在,4290
CL0152-PATENT-BLACK,分类不存在,4300
CL0152-PATENT-NUDE,分类不存在,4310
CL0152-PIVOINE,分类不存在,4320
CL0152-PYTHON-SILVER,分类不存在,4330
CL0152-RED-FLAME,分类不存在,4340
CL0152-SILVER,分类不存在,4350
CL0152-SPIKE-BLACK,分类不存在,4360
CL0152-SPIKE-CORDE,分类不存在,4370
CL0152-SPIKE-NUDE,分类不存在,4380
CL0152-SPIKE-ROSE,分类不存在,4390
CL0152-STRASS-ARGENT,分类不存在,4400
CL0152-STRASS-CRISTAL,分类不存在,4410
CL0152-STRASS-GOLD,分类不存在,4420
CL0152-VOLCANO,分类不存在,4430
CL0155-BLACK,分类不存在,4440
CL0155-GREY,分类不存在,4450
CL0155-RED-WINE,分类不存在,4460
CL0155-SILVER,分类不存在,4470
CL0156-BLACK,分类不存在,4480
CL0156-GOLD,分类不存在,4490
CL0156-NUDE,分类不存在,4500
CL0156-ROSE,分类不存在,4510
CL0156-SILVER,分类不存在,4520
CL0159-GINGHAM,分类不存在,4530
CL0160M-ALL-BLACK,分类不存在,4540
CL0160M-ALL-WHITE,分类不存在,4550
CL0160M-BLACK,分类不存在,4560
CL0160M-LACE-BLACK,分类不存在,4570
CL0161M-LIGHT-BROWN,分类不存在,4580
CL0161M-TAUPE,分类不存在,4590
CL0162-GOLD,分类不存在,4600
CL0164-BLACK,分类不存在,4610
CL0164-PINK,分类不存在,4620
CL0164-PURPLE,分类不存在,4630
CL0166-SILVER,分类不存在,4640
CL0168-BROWN,分类不存在,4650
CL0168-LEATHER-BLACK,分类不存在,4660
CL0168-SUEDE-BLACK,分类不存在,4670
CL0168-SUEDE-CHOCOLATE,分类不存在,4680
CL0170-ARGENTO,分类不存在,4690
CL0170-NUDE,分类不存在,4700
CL0172M-BLACK,分类不存在,4710
CL0176-CAMEL,分类不存在,4720
CL0176-NATURAL,分类不存在,4730
CL0176-WHITE,分类不存在,4740
CL0178-BLACK,分类不存在,4750
CL0178-NUDE,分类不存在,4760
CL0180M-BLACK,分类不存在,4770
CL0180M-LATTE,分类不存在,4780
CL0180M-NAVY,分类不存在,4790
CL0181-GLITTER-BLACK,分类不存在,4800
CL0181-GLITTER-MULTICOLOR,分类不存在,4810
CL0181-GLITTER-SILVER,分类不存在,4820
CL0181-PATENT-BLACK,分类不存在,4830
CL0181-PATENT-CARAMEL,分类不存在,4840
CL0181-PATENT-PINK,分类不存在,4850
CL0181-PATENT-TAUPE,分类不存在,4860
CL0182M-BLACK,分类不存在,4870
CL0182M-SPIKES-BLACK,分类不存在,4880
CL0182M-SUEDE-BLACK,分类不存在,4890
CL0184-BLACK,分类不存在,4900
CL0184-CORK,分类不存在,4910
CL0184-GOLD,分类不存在,4920
CL0184-GOLDEN,分类不存在,4930
CL0184-NUDE,分类不存在,4940
CL0184-PATENT-BLACK,分类不存在,4950
CL0184-P-BLACK-RED,分类不存在,4960
CL0184-PYTHON,分类不存在,4970
CL0184-SILVER,分类不存在,4980
CL0184-SUEDE-BLACK,分类不存在,4990
CL0184-SUEDE-LEOPARD,分类不存在,5000
CL0184-SUEDE-ORANGE,分类不存在,5010
CL0184-SUEDE-PINK,分类不存在,5020
CL0184-WRINKLE-BLACK,分类不存在,5030
CL0185-ACAJOU,分类不存在,5040
CL0185-BLACK,分类不存在,5050
CL0185-MANDARIN-RED,分类不存在,5060
CL0187-GOLD,分类不存在,5070
CL0187-NUDE,分类不存在,5080
CL0187-PATENT-BLACK,分类不存在,5090
CL0187-WHITE,分类不存在,5100
CL0188-GOLD,分类不存在,5110
CL0188-SILVER,分类不存在,5120
CL0189-BLACK,分类不存在,5130
CL0189-NUDE,分类不存在,5140
CL0190-BLACK-LEATHER,分类不存在,5150
CL0190M-BLACK,分类不存在,5160
CL0190M-BLUE,分类不存在,5170
CL0190M-DARK-RED,分类不存在,5180
CL0190M-FLANNEL,分类不存在,5190
CL0190M-LEOPARD,分类不存在,5200
CL0190M-M-BLACK,分类不存在,5210
CL0190M-RED,分类不存在,5220
CL0190M-ZEBRA,分类不存在,5230
CL0192-BLACK,分类不存在,5240
CL0192-BRONZE,分类不存在,5250
CL0192-GOLD,分类不存在,5260
CL0193-BLUE,分类不存在,5270
CL0193-GOLD,分类不存在,5280
CL0193-SILVER,分类不存在,5290
CL0195-BLACK,分类不存在,5300
CL0195-GREY,分类不存在,5310
CL0195-PURPLE,分类不存在,5320
CL0196-BAZIN,分类不存在,5330
CL0196-BLACK,分类不存在,5340
CL0196-BLACK-SUEDE,分类不存在,5350
CL0196-BLUE,分类不存在,5360
CL0196-FUXIA,分类不存在,5370
CL0196-GLITTER-SILVER,分类不存在,5380
CL0196-LEATHER-BLACK,分类不存在,5390
CL0196-LEATHER-NUDE,分类不存在,5400
CL0196-NAVY,分类不存在,5410
CL0196-NUDE,分类不存在,5420
CL0196-OFF-WHITE,分类不存在,5430
CL0196-PRINTED,分类不存在,5440
CL0196-ROSE,分类不存在,5450
CL0196-SILVER,分类不存在,5460
CL0196-SUEDE-RED,分类不存在,5470
CL0196-WHITE,分类不存在,5480
CL0198-BLACK,分类不存在,5490
CL0198-WHITE,分类不存在,5500
CL0200-BLACK,分类不存在,5510
CL0200-GOLD,分类不存在,5520
CL0200-SILVER,分类不存在,5530
CL0202-BEIGE,分类不存在,5540
CL0202-BLACK,分类不存在,5550
CL0202-BROWN,分类不存在,5560
CL0202-GREEN,分类不存在,5570
CL0205-BEIGE,分类不存在,5580
CL0205-BLACK,分类不存在,5590
CL0205-LEOPARD-PRINT,分类不存在,5600
CL0205-OXBLOOD,分类不存在,5610
CL0205-PETROL-BLUE,分类不存在,5620
CL0205-RED,分类不存在,5630
CL0205-SILVER,分类不存在,5640
CL0206-BEIGE,分类不存在,5650
CL0206-BLACK,分类不存在,5660
CL0206-NUDE,分类不存在,5670
CL0206-WHITE,分类不存在,5680
CL0207-FUCHSIA,分类不存在,5690
CL0207-RED,分类不存在,5700
CL0207-TUTU,分类不存在,5710
CL0209-AMETHYSTE,分类不存在,5720
CL0209-BLUE,分类不存在,5730
CL0209-DEEP-BLUE,分类不存在,5740
CL0209-LIGHT-GREY,分类不存在,5750
CL0209-NOIR,分类不存在,5760
CL0209-NUDE,分类不存在,5770
CL0209-PLUM,分类不存在,5780
CL0209-RED,分类不存在,5790
CL0209-SATIN-FUCHSIA,分类不存在,5800
CL0209-SATIN-GREEN,分类不存在,5810
CL0209-SATIN-PURPLE,分类不存在,5820
CL0209-SCALES,分类不存在,5830
CL0209-SNAKESKIN,分类不存在,5840
CL0209-SUEDE-BLACK,分类不存在,5850
CL0209-SUEDE-RED,分类不存在,5860
CL0209-VIOLA,分类不存在,5870
CL0211-BEIGE,分类不存在,5880
CL0211-BLACK,分类不存在,5890
CL0211-FRAMBOISE,分类不存在,5900
CL0211-RED,分类不存在,5910
CL0211-SUEDE-BLACK,分类不存在,5920
CL0211-TURQUOISE,分类不存在,5930
CL0212-BLACK,分类不存在,5940
CL0212-BLUE,分类不存在,5950
CL0212-GREEN,分类不存在,5960
CL0212-PARME,分类不存在,5970
CL0213-BLACK,分类不存在,5980
CL0213-NUDE,分类不存在,5990
CL0213-POUSSIN,分类不存在,6000
CL0214-BLACK,分类不存在,6010
CL0214-GOLD,分类不存在,6020
CL0214-NUDE,分类不存在,6030
CL0214-SILVER,分类不存在,6040
CL0215-BLACK,分类不存在,6050
CL0215-BURGUNDY,分类不存在,6060
CL0216-ALL-BLACK,分类不存在,6070
CL0216-ANTIQUE-SILVER,分类不存在,6080
CL0216-BLACK,分类不存在,6090
CL0216-BLACK-SATIN,分类不存在,6100
CL0216-CAMEL,分类不存在,6110
CL0216-FLAME,分类不存在,6120
CL0216-GLITTER-BLACK,分类不存在,6130
CL0216-GLITTER-BLEU,分类不存在,6140
CL0216-GLITTER-GOLD,分类不存在,6150
CL0216-GOLD,分类不存在,6160
CL0216-HEMATITE-GOLD,分类不存在,6170
CL0216-IVORY,分类不存在,6180
CL0216-JADE,分类不存在,6190
CL0216-LIGHT-PEACH,分类不存在,6200
CL0216-MANDARIN-RED,分类不存在,6210
CL0216-MENTHE,分类不存在,6220
CL0216-MOROCCAN-RED,分类不存在,6230
CL0216-NAVY,分类不存在,6240
CL0216-NUDE,分类不存在,6250
CL0216-PATENT-BLACK,分类不存在,6260
CL0216-PATENT-BLACK-RED,分类不存在,6270
CL0216-PATENT-BLUE,分类不存在,6280
CL0216-PATENT-COFFEE,分类不存在,6290
CL0216-PATENT-FUCHSIA,分类不存在,6300
CL0216-PATENT-GREEN,分类不存在,6310
CL0216-PATENT-ORANGE,分类不存在,6320
CL0216-PATENT-PIVOINE,分类不存在,6330
CL0216-PATENT-RED,分类不存在,6340
CL0216-PATENT-SKYBLUE,分类不存在,6350
CL0216-PATENT-SPIKES-RED,分类不存在,6360
CL0216-PATENT-YELLOW,分类不存在,6370
CL0216-P-CAMEO-ROSE,分类不存在,6380
CL0216-P-CANARI,分类不存在,6390
CL0216-PIVOINE,分类不存在,6400
CL0216-P-MULTICOLOR,分类不存在,6410
CL0216-P-PINK,分类不存在,6420
CL0216-P-ROSE,分类不存在,6430
CL0216-PURPLE,分类不存在,6440
CL0216-RED,分类不存在,6450
CL0216-ROSE,分类不存在,6460
CL0216-SAPHIR,分类不存在,6470
CL0216-SILVER,分类不存在,6480
CL0216-SPECCHIO-GOLD,分类不存在,6490
CL0216-SPIKE-CRAIE,分类不存在,6500
CL0216-SPIKE-PINK,分类不存在,6510
CL0216-SPIKES-BLACK,分类不存在,6520
CL0216-SPIKES-NUDE,分类不存在,6530
CL0216-SPIKE-YELLOW,分类不存在,6540
CL0216-TURQUOISE,分类不存在,6550
CL0216-VIOLET,分类不存在,6560
CL0217-BLACK,分类不存在,6570
CL0217-NUDE,分类不存在,6580
CL0219-BLACK,分类不存在,6590
CL0219-RED,分类不存在,6600
CL0220-PINK,分类不存在,6610
CL0222-GLITTER,分类不存在,6620
CL0222-SNAKESKIN,分类不存在,6630
CL0223-BLACK-GRAY,分类不存在,6640
CL0223-BLUE,分类不存在,6650
CL0223-CAMEL,分类不存在,6660
CL0223-LEATHER-BLACK,分类不存在,6670
CL0223-NUDE,分类不存在,6680
CL0223-TAN,分类不存在,6690
CL0224-BLACK,分类不存在,6700
CL0226-BLACK,分类不存在,6710
CL0226-SLICK-BLACK,分类不存在,6720
CL0226-WHITE,分类不存在,6730
CL0229-BLACK-RED,分类不存在,6740
CL0233-ALBA,分类不存在,6750
CL0233-ALL-BLACK,分类不存在,6760
CL0233-ALL-CHOCOLATE,分类不存在,6770
CL0233-ALL-WHITE,分类不存在,6780
CL0233-BLACK,分类不存在,6790
CL0233-BLACK-BROWN,分类不存在,6800
CL0233-BLACK-GOLD,分类不存在,6810
CL0233-BLACK-M,分类不存在,6820
CL0233-BLACK-WHITE,分类不存在,6830
CL0233-BLUE-RED,分类不存在,6840
CL0233-BRONZE,分类不存在,6850
CL0233-BROWN,分类不存在,6860
CL0233-CHOCOLATE,分类不存在,6870
CL0233-CRYSTAL-BLACK,分类不存在,6880
CL0233-CRYSTAL-BLUE,分类不存在,6890
CL0233-GOLD,分类不存在,6900
CL0233-GOLD-SILVER,分类不存在,6910
CL0233-GRAY,分类不存在,6920
CL0233-GREY,分类不存在,6930
CL0233-GRID-BLUE,分类不存在,6940
CL0233-GRID-RED,分类不存在,6950
CL0233-HEMATITE,分类不存在,6960
CL0233-HI-RED,分类不存在,6970
CL0233-L-BLACK,分类不存在,6980
CL0233M-ALBA,分类不存在,6990
CL0233M-ALL-BLACK,分类不存在,7000
CL0233M-ALL-CHOCOLATE,分类不存在,7010
CL0233M-ALL-WHITE,分类不存在,7020
CL0233M-BLACK,分类不存在,7030
CL0233M-BLACK-BROWN,分类不存在,7040
CL0233M-BLACK-GOLD,分类不存在,7050
CL0233M-BLACK-M,分类不存在,7060
CL0233M-BLACK-WHITE,分类不存在,7070
CL0233M-BLUE-RED,分类不存在,7080
CL0233M-BRONZE,分类不存在,7090
CL0233M-BROWN,分类不存在,7100
CL0233M-CHOCOLATE,分类不存在,7110
CL0233M-CRYSTAL-BLACK,分类不存在,7120
CL0233M-CRYSTAL-BLUE,分类不存在,7130
CL0233M-ELECTRIC,分类不存在,7140
CL0233M-GOLD,分类不存在,7150
CL0233M-GOLD-SILVER,分类不存在,7160
CL0233M-GREY,分类不存在,7170
CL0233M-GRID-BLUE,分类不存在,7180
CL0233M-GRID-RED,分类不存在,7190
CL0233M-HEMATITE,分类不存在,7200
CL0233M-HI-RED,分类不存在,7210
CL0233M-L-BLACK,分类不存在,7220
CL0233M-MULTICOLOR,分类不存在,7230
CL0233M-MW-BLUE,分类不存在,7240
CL0233M-NAVY,分类不存在,7250
CL0233M-NAVY-GREY,分类不存在,7260
CL0233M-OFF-WHITE,分类不存在,7270
CL0233M-PATENT-BLACK,分类不存在,7280
CL0233M-PIK-LAME,分类不存在,7290
CL0233M-PIK-NOIR,分类不存在,7300
CL0233M-PURPLE,分类不存在,7310
CL0233M-PURPLE-GOLD,分类不存在,7320
CL0233M-PYTHON-BLACK,分类不存在,7330
CL0233M-PYTHON-NAVY,分类不存在,7340
CL0233M-RED,分类不存在,7350
CL0233M-SCALE-BROWN,分类不存在,7360
CL0233M-SCALE-PURPLE,分类不存在,7370
CL0233M-SPIKE-BLACK,分类不存在,7380
CL0233M-SPIKES-BLACK,分类不存在,7390
CL0233M-SPIKES-GREEN,分类不存在,7400
CL0233M-STRASS-APRICOT,分类不存在,7410
CL0233M-STRASS-BLACK,分类不存在,7420
CL0233M-STRASS-BLACK-SILVER,分类不存在,7430
CL0233M-STRASS-GOLD,分类不存在,7440
CL0233M-STRASS-HEMATITE,分类不存在,7450
CL0233M-STRASS-PLUM,分类不存在,7460
CL0233M-STRASS-PURPLE,分类不存在,7470
CL0233M-STRASS-WHITE,分类不存在,7480
CL0233M-STUDDED-BLUE,分类不存在,7490
CL0233M-SUEDE-RED,分类不存在,7500
CL0233M-SUN,分类不存在,7510
CL0233M-TAUPE,分类不存在,7520
CL0233-MULTICOLOR,分类不存在,7530
CL0233M-W-BALCK-GUN,分类不存在,7540
CL0233M-W-BEIGE,分类不存在,7550
CL0233M-W-BLACK,分类不存在,7560
CL0233-MW-BLUE,分类不存在,7570
CL0233M-W-BRONZE,分类不存在,7580
CL0233M-WHITE,分类不存在,7590
CL0233M-WHITE-GOLD,分类不存在,7600
CL0233M-WHITE-IVORY,分类不存在,7610
CL0233M-W-MULTICOLOR,分类不存在,7620
CL0233M-W-NUDE,分类不存在,7630
CL0233M-W-RED,分类不存在,7640
CL0233M-W-ROSE,分类不存在,7650
CL0233M-W-STONE,分类不存在,7660
CL0233M-W-VIOLET,分类不存在,7670
CL0233-NAVY,分类不存在,7680
CL0233-NAVY-GREY,分类不存在,7690
CL0233-PATENT-BLACK,分类不存在,7700
CL0233-PIK-LAME,分类不存在,7710
CL0233-PIK-NOIR,分类不存在,7720
CL0233-PURPLE,分类不存在,7730
CL0233-PURPLE-GOLD,分类不存在,7740
CL0233-PYTHON-BLACK,分类不存在,7750
CL0233-PYTHON-NAVY,分类不存在,7760
CL0233-RED,分类不存在,7770
CL0233-RED-PIK,分类不存在,7780
CL0233-RIVIERA,分类不存在,7790
CL0233-SCALE-BROWN,分类不存在,7800
CL0233-SCALE-PURPLE,分类不存在,7810
CL0233-SPIKE-BLACK,分类不存在,7820
CL0233-SPIKES-BLACK,分类不存在,7830
CL0233-SPIKES-GREEN,分类不存在,7840
CL0233-STRASS-APRICOT,分类不存在,7850
CL0233-STRASS-BLACK,分类不存在,7860
CL0233-STRASS-BLACK-SILVER,分类不存在,7870
CL0233-STRASS-GOLD,分类不存在,7880
CL0233-STRASS-HEMATITE,分类不存在,7890
CL0233-STRASS-PLUM,分类不存在,7900
CL0233-STRASS-PURPLE,分类不存在,7910
CL0233-STRASS-WHITE,分类不存在,7920
CL0233-STUDDED-BLUE,分类不存在,7930
CL0233-SUEDE-RED,分类不存在,7940
CL0233-TAUPE,分类不存在,7950
CL0233-W-BALCK-GUN,分类不存在,7960
CL0233-W-BEIGE,分类不存在,7970
CL0233-W-BLACK,分类不存在,7980
CL0233-W-BRONZE,分类不存在,7990
CL0233-WHITE,分类不存在,8000
CL0233-WHITE-GOLD,分类不存在,8010
CL0233-W-NUDE,分类不存在,8020
CL0233-W-RED,分类不存在,8030
CL0233-W-ROSE,分类不存在,8040
CL0233-W-STONE,分类不存在,8050
CL0233-W-VIOLET,分类不存在,8060
CL0233-YELLOW,分类不存在,8070
CL0235-MULTICOLOR-STRASS,分类不存在,8080
CL0240M-ALL-BLACK,分类不存在,8090
CL0240M-BLACK,分类不存在,8100
CL0241-BLACK-85MM,分类不存在,8110
CL0241-BLACK-LEATHER,分类不存在,8120
CL0241-GOLD,分类不存在,8130
CL0241-NUDE-85MM,分类不存在,8140
CL0241-NUDE-LEATHER,分类不存在,8150
CL0241-OFF-WHITE,分类不存在,8160
CL0241-PURPLE,分类不存在,8170
CL0242-BLACK,分类不存在,8180
CL0242-POMICE,分类不存在,8190
CL0243-IVORY,分类不存在,8200
CL0244-BEIGE,分类不存在,8210
CL0244-BLACK,分类不存在,8220
CL0246-BLACK,分类不存在,8230
CL0246-BLACK-BROWN,分类不存在,8240
CL0247-BEIGE,分类不存在,8250
CL0248-BLACK,分类不存在,8260
CL0249-ACID-BLUE,分类不存在,8270
CL0249-APRICOT,分类不存在,8280
CL0249-BEIGE,分类不存在,8290
CL0249-BLACK,分类不存在,8300
CL0249-BROWN,分类不存在,8310
CL0249-FRAMBOISE,分类不存在,8320
CL0249-LEATHER-BLACK,分类不存在,8330
CL0249-RED,分类不存在,8340
CL0249-TAUPE,分类不存在,8350
CL0250-AFRICA,分类不存在,8360
CL0250-BLACK,分类不存在,8370
CL0250-BROWN,分类不存在,8380
CL0250-ELEFANTE-PEWTER,分类不存在,8390
CL0250-LEOPARD,分类不存在,8400
CL0250-NUDE,分类不存在,8410
CL0250-NUDE-GOLD,分类不存在,8420
CL0250-PONY-BLACK,分类不存在,8430
CL0250-SEPIA,分类不存在,8440
CL0250-WATERSNAKE-BLACK,分类不存在,8450
CL0251-BLACK,分类不存在,8460
CL0251-BLUE,分类不存在,8470
CL0252-BLACK,分类不存在,8480
CL0252-TAUPE,分类不存在,8490
CL0254-BLUE,分类不存在,8500
CL0254-BROWN,分类不存在,8510
CL0255-BLACK-RED,分类不存在,8520
CL0255-CAMEL,分类不存在,8530
CL0256-GOLD,分类不存在,8540
CL0258-WHITE,分类不存在,8550
CL0259-BLACK,分类不存在,8560
CL0259-NUDE,分类不存在,8570
CL0260-SILVER,分类不存在,8580
CL0261-BLACK,分类不存在,8590
CL0262-BLACK,分类不存在,8600
CL0262-BRONZE,分类不存在,8610
CL0262-HOT-PINK,分类不存在,8620
CL0262-NOCE,分类不存在,8630
CL0263-BLACK,分类不存在,8640
CL0265-BLACK,分类不存在,8650
CL0265-NATURAL,分类不存在,8660
CL0265-RED,分类不存在,8670
CL0266-NUDE,分类不存在,8680
CL0267-BLACK,分类不存在,8690
CL0267-BLACK-RED,分类不存在,8700
CL0267-BLUE,分类不存在,8710
CL0267-FUCHSIA,分类不存在,8720
CL0267-LEOPARD,分类不存在,8730
CL0267-MANDA,分类不存在,8740
CL0267-NUDE,分类不存在,8750
CL0267-TAUPE,分类不存在,8760
CL0268-ALBA,分类不存在,8770
CL0268-OFF-WHITE,分类不存在,8780
CL0268-PINK,分类不存在,8790
CL0268-SAHARA,分类不存在,8800
CL0269-BLACK,分类不存在,8810
CL0269-NUDE,分类不存在,8820
CL0270-BLACK,分类不存在,8830
CL0270-SUEDE-BLACK,分类不存在,8840
CL0271-BROWN,分类不存在,8850
CL0271-NATURAL,分类不存在,8860
CL0271-NAVY,分类不存在,8870
CL0276-WATERSNAKE-GOLD,分类不存在,8880
CL0277-BLACK,分类不存在,8890
CL0278-AFRICA,分类不存在,8900
CL0278-BLACK,分类不存在,8910
CL0278-BLUE,分类不存在,8920
CL0278-LEOPARD,分类不存在,8930
CL0278-YELLOW,分类不存在,8940
CL0284-BLACK,分类不存在,8950
CL0284-NUDE,分类不存在,8960
CL0284-NUDE-BLACK,分类不存在,8970
CL0284-OFF-WHITE,分类不存在,8980
CL0284-PIVOINE,分类不存在,8990
CL0285-BLACK-GLITTER,分类不存在,9000
CL0285-NUDE,分类不存在,9010
CL0285-SAHARA,分类不存在,9020
CL0285-SILVER,分类不存在,9030
CL0286-BLACK,分类不存在,9040
CL0286-CHAMPAGNE,分类不存在,9050
CL0286-RED,分类不存在,9060
CL0288-BLACK,分类不存在,9070
CL0288-MOROCCAN-RED,分类不存在,9080
CL0288-SUEDE-BLACK,分类不存在,9090
CL0289-BLACK,分类不存在,9100
CL0289-TURQUOISE,分类不存在,9110
CL0292-BLACK,分类不存在,9120
CL0292-CORK,分类不存在,9130
CL0292-NUDE,分类不存在,9140
CL0293-BLACK,分类不存在,9150
CL0293-BROWN,分类不存在,9160
CL0295-BLACK,分类不存在,9170
CL0295-BLACK-SUEDE,分类不存在,9180
CL0296-BLACK,分类不存在,9190
CL0296-LEOPARD-PRINT,分类不存在,9200
CL0296-NUDE,分类不存在,9210
CL0297-BLACK,分类不存在,9220
CL0298-BLACK,分类不存在,9230
CL0298-BLUE,分类不存在,9240
CL0299-BLACK,分类不存在,9250
CL0299-LEOPARD,分类不存在,9260
CL0301-GOLD,分类不存在,9270
CL0301-SILVER,分类不存在,9280
CL0303-NUDE,分类不存在,9290
CL0303-SILVER,分类不存在,9300
CL0304-BLACK,分类不存在,9310
CL0305-BLACK,分类不存在,9320
CL0305-NUDE,分类不存在,9330
CL0306-BLACK,分类不存在,9340
CL0306-LAME,分类不存在,9350
CL0306-NUDE,分类不存在,9360
CL0306-RED,分类不存在,9370
CL0307-BEIGE,分类不存在,9380
CL0307-BLACK,分类不存在,9390
CL0307-KID-BLACK,分类不存在,9400
CL0307-LEOPARD,分类不存在,9410
CL0307-NOIR,分类不存在,9420
CL0307-NUDE,分类不存在,9430
CL0307-PINK,分类不存在,9440
CL0307-RIVIERA,分类不存在,9450
CL0307-WHITE,分类不存在,9460
CL0308-BLACK,分类不存在,9470
CL0308-NUDE,分类不存在,9480
CL0309-BEIGE,分类不存在,9490
CL0309-BLACK,分类不存在,9500
CL0309-RED,分类不存在,9510
CL0309-SUEDE-BLACK,分类不存在,9520
CL0309-SUEDE-TURQUOISE,分类不存在,9530
CL0310-AMETHYST,分类不存在,9540
CL0310-BLACK,分类不存在,9550
CL0310-BLACK-PATENT,分类不存在,9560
CL0310-EMERAUDE,分类不存在,9570
CL0310-FLANNEL-GREY,分类不存在,9580
CL0310-MANDARIN-RED,分类不存在,9590
CL0310-NUDE,分类不存在,9600
CL0310-NUDE-100MM,分类不存在,9610
CL0310-NUDE-PATENT,分类不存在,9620
CL0310-PEACOCK,分类不存在,9630
CL0310-ROCCIA,分类不存在,9640
CL0310-SUEDE-NAVY,分类不存在,9650
CL0311-BLACK,分类不存在,9660
CL0312-BLACK,分类不存在,9670
CL0312-BLUE,分类不存在,9680
CL0312-SILVER,分类不存在,9690
CL0314-BLACK,分类不存在,9700
CL0314-BLACK-SILVER,分类不存在,9710
CL0314-BURGUNDY,分类不存在,9720
CL0314-MULTICOLOR-RED,分类不存在,9730
CL0315-BLACK,分类不存在,9740
CL0315-BLACK-WHITE,分类不存在,9750
CL0315-GLITTER-BLACK,分类不存在,9760
CL0315-GLITTER-SILVER,分类不存在,9770
CL0315-GOLD,分类不存在,9780
CL0315-LEATHER-BLACK,分类不存在,9790
CL0315-MULTICOLOR,分类不存在,9800
CL0315-MULTICOLOR-GLITTER,分类不存在,9810
CL0315-NEUTRAL,分类不存在,9820
CL0315-NUDE,分类不存在,9830
CL0315-PATENT-BLACK,分类不存在,9840
CL0315-PATENT-PIVOINE,分类不存在,9850
CL0315-POUSSIN,分类不存在,9860
CL0315-RED-GLITTER,分类不存在,9870
CL0315-SILVER,分类不存在,9880
CL0315-SPECCHIO,分类不存在,9890
CL0315-WHITE,分类不存在,9900
CL0317-BLACK,分类不存在,9910
CL0317-GREEN,分类不存在,9920
CL0317-WHITE,分类不存在,9930
CL0318-ALL-BLACK,分类不存在,9940
CL0318-BEIGE,分类不存在,9950
CL0320-BLACK,分类不存在,9960
CL0320-BLUE,分类不存在,9970
CL0320-IVORY,分类不存在,9980
CL0320-RED,分类不存在,9990
CL0322-BLACK,分类不存在,10000
CL0322-GREEN,分类不存在,10010
CL0322-LEOPARD,分类不存在,10020
CL0324-LEOPARD,分类不存在,10030
CL0325-BLACK,分类不存在,10040
CL0325-NUDE,分类不存在,10050
CL0325-PINK,分类不存在,10060
CL0325-SILVER,分类不存在,10070
CL0325-SUEDE-BLACK,分类不存在,10080
CL0325-YELLOW,分类不存在,10090
CL0326-BLUE,分类不存在,10100
CL0327-BLACK,分类不存在,10110
CL0329-BLACK,分类不存在,10120
CL0329-SILVER,分类不存在,10130
CL0330-100MM-CAMEO,分类不存在,10140
CL0330-100MM-NOIR,分类不存在,10150
CL0330-BEIGE,分类不存在,10160
CL0330-BLACK,分类不存在,10170
CL0330-BLACK-LEATHER,分类不存在,10180
CL0330-BLACK-PATENT,分类不存在,10190
CL0330-BLUE-KHOL,分类不存在,10200
CL0330-CORDE,分类不存在,10210
CL0330-EPI-GOLD,分类不存在,10220
CL0330-FLUO-PINK,分类不存在,10230
CL0330-GLITTER-BLACK,分类不存在,10240
CL0330-GLITTER-GOLD,分类不存在,10250
CL0330-GLITTER-SILVER,分类不存在,10260
CL0330-GRAFFITI-MULTICOLOR,分类不存在,10270
CL0330-GRENADINE,分类不存在,10280
CL0330-GRID-BLACK,分类不存在,10290
CL0330-JAZZ-NUDE,分类不存在,10300
CL0330-LACE-BEIGE,分类不存在,10310
CL0330-MULTICOLOR,分类不存在,10320
CL0330-MULTICOLOR-P,分类不存在,10330
CL0330-NUDE,分类不存在,10340
CL0330-NUDE-PATENT,分类不存在,10350
CL0330-PAPAYE,分类不存在,10360
CL0330-PATENT-BLACK,分类不存在,10370
CL0330-PATENT-FLUO-YELLOW,分类不存在,10380
CL0330-PATENT-JADE,分类不存在,10390
CL0330-PATENT-PIVOINE,分类不存在,10400
CL0330-PATENT-RED,分类不存在,10410
CL0330-PATENT-YELLOW,分类不存在,10420
CL0330-P-BLACK-ROSE,分类不存在,10430
CL0330-PINK-GOLD,分类不存在,10440
CL0330-PINKY,分类不存在,10450
CL0330-PLATO-BLACK,分类不存在,10460
CL0330-PLATO-GLITTER,分类不存在,10470
CL0330-PLATO-NATURALE,分类不存在,10480
CL0330-PLATO-NUDE,分类不存在,10490
CL0330-PLATO-PINK,分类不存在,10500
CL0330-PLATO-RED,分类不存在,10510
CL0330-PLATO-WHITE,分类不存在,10520
CL0330-POINTED-JADE,分类不存在,10530
CL0330-POINTED-NUDE,分类不存在,10540
CL0330-PRINTED-SAHARA,分类不存在,10550
CL0330-PSTRASS-BLACK,分类不存在,10560
CL0330-RED,分类不存在,10570
CL0330-RED-MARCH,分类不存在,10580
CL0330-SPIKE-PINK,分类不存在,10590
CL0330-SPIKE-ROSE,分类不存在,10600
CL0330-SPIKES-ALLBLACK,分类不存在,10610
CL0330-SPIKES-BLACK,分类不存在,10620
CL0330-SPIKES-GOLD,分类不存在,10630
CL0330-SPIKES-HEMATITE,分类不存在,10640
CL0330-SPIKES-NAVY,分类不存在,10650
CL0330-SPIKES-NUDE,分类不存在,10660
CL0330-SPIKES-RED,分类不存在,10670
CL0330-SPIKE-WHITE,分类不存在,10680
CL0330-STUDDED-BLACK,分类不存在,10690
CL0330-WHITE,分类不存在,10700
CL0331-ALL-BLACK,分类不存在,10710
CL0331-BLACK,分类不存在,10720
CL0331-BLACK-LEATHER,分类不存在,10730
CL0331-BURGUNDY,分类不存在,10740
CL0331-GOLD,分类不存在,10750
CL0331-MULTICOLOR,分类不存在,10760
CL0331-NUDE,分类不存在,10770
CL0331-PINK,分类不存在,10780
CL0331-PRIMEVERE,分类不存在,10790
CL0331-PURPLE,分类不存在,10800
CL0331-SILVER,分类不存在,10810
CL0331-SPIKE-RED,分类不存在,10820
CL0331-SPIKES-BLACK,分类不存在,10830
CL0331-ZEBRA,分类不存在,10840
CL0332-BLACK,分类不存在,10850
CL0332-NUDE,分类不存在,10860
CL0333-BEIGE,分类不存在,10870
CL0333-BLACK,分类不存在,10880
CL0333-ECLIPSE,分类不存在,10890
CL0333-LEOPARD,分类不存在,10900
CL0333M-BEIGE,分类不存在,10910
CL0333M-BLACK,分类不存在,10920
CL0333M-LEOPARD,分类不存在,10930
CL0333M-LIE-WINE,分类不存在,10940
CL0333M-SAND,分类不存在,10950
CL0333M-VINTAGE-BLUE,分类不存在,10960
CL0333-SAND,分类不存在,10970
CL0333-VINTAGE-BLUE,分类不存在,10980
CL0333-WHITE,分类不存在,10990
CL0334-BLACK,分类不存在,11000
CL0334-NUDE,分类不存在,11010
CL0335-BLACK,分类不存在,11020
CL0335-LEOPARD,分类不存在,11030
CL0335-NUDE,分类不存在,11040
CL0335-SILK-PINK,分类不存在,11050
CL0336-BEIGE,分类不存在,11060
CL0336-BLACK,分类不存在,11070
CL0336-TAN,分类不存在,11080
CL0338M-BLACK-I,分类不存在,11090
CL0338M-BLACK-WHITE,分类不存在,11100
CL0341-BLACK,分类不存在,11110
CL0341-CAMEL,分类不存在,11120
CL0341-FRAMBOISE,分类不存在,11130
CL0341-LEOPARD,分类不存在,11140
CL0341-LEOPARD-PRINTED-PONY,分类不存在,11150
CL0341-NATURALE,分类不存在,11160
CL0341-NUDE,分类不存在,11170
CL0342-GOLD,分类不存在,11180
CL0343M-NAVY-DENIM,分类不存在,11190
CL0343-NAVY-DENIM,分类不存在,11200
CL0344-ALLBROWN,分类不存在,11210
CL0344-APRICOT,分类不存在,11220
CL0344-BLACK,分类不存在,11230
CL0344-BLACK-LACE,分类不存在,11240
CL0344-BLEACHED-SAND,分类不存在,11250
CL0344-BLUE-GOLD,分类不存在,11260
CL0344-BLUE-LACE,分类不存在,11270
CL0344-BROWN,分类不存在,11280
CL0344-BROWN-BLUE,分类不存在,11290
CL0344-COFFEE,分类不存在,11300
CL0344-COGNAC,分类不存在,11310
CL0344-DEEP-BLUE,分类不存在,11320
CL0344-FLANNEL,分类不存在,11330
CL0344-GLITTER-BLACK,分类不存在,11340
CL0344-GLITTER-GOLD,分类不存在,11350
CL0344-IVORY,分类不存在,11360
CL0344-LEOPARD,分类不存在,11370
CL0344-LEOPARD-I,分类不存在,11380
CL0344M-ALLBROWN,分类不存在,11390
CL0344M-APRICOT,分类不存在,11400
CL0344M-BLACK,分类不存在,11410
CL0344M-BLACK-LACE,分类不存在,11420
CL0344M-BLEACHED-SAND,分类不存在,11430
CL0344-M-BLUE,分类不存在,11440
CL0344M-BLUE-GOLD,分类不存在,11450
CL0344M-BLUE-LACE,分类不存在,11460
CL0344M-BROWN,分类不存在,11470
CL0344M-BROWN-BLUE,分类不存在,11480
CL0344M-COFFEE,分类不存在,11490
CL0344M-COGNAC,分类不存在,11500
CL0344M-DEEP-BLUE,分类不存在,11510
CL0344M-FLANNEL,分类不存在,11520
CL0344M-GLITTER-BLACK,分类不存在,11530
CL0344M-GLITTER-GOLD,分类不存在,11540
CL0344M-IVORY,分类不存在,11550
CL0344M-LEOPARD,分类不存在,11560
CL0344M-LEOPARD-I,分类不存在,11570
CL0344M-M-BLUE,分类不存在,11580
CL0344M-MULTICOLOR,分类不存在,11590
CL0344M-MULTICOLOR-M,分类不存在,11600
CL0344M-PLAID,分类不存在,11610
CL0344M-RED,分类不存在,11620
CL0344M-RED-COTTON,分类不存在,11630
CL0344M-SMOKE-GREY,分类不存在,11640
CL0344-MULTICOLOR,分类不存在,11650
CL0344-MULTICOLOR-M,分类不存在,11660
CL0344M-W-GLITTER,分类不存在,11670
CL0344M-WHITE,分类不存在,11680
CL0344M-WHITE-GOLD,分类不存在,11690
CL0344M-W-LEOPARD,分类不存在,11700
CL0344M-W-PINK,分类不存在,11710
CL0344-PLAID,分类不存在,11720
CL0344-RED,分类不存在,11730
CL0344-RED-COTTON,分类不存在,11740
CL0344-SMOKE-GREY,分类不存在,11750
CL0344-W-GLITTER,分类不存在,11760
CL0344-WHITE,分类不存在,11770
CL0344-WHITE-GOLD,分类不存在,11780
CL0344-W-LEOPARD,分类不存在,11790
CL0344-W-PINK,分类不存在,11800
CL0345-BLACK,分类不存在,11810
CL0349-INDIGO,分类不存在,11820
CL0350-BLACK,分类不存在,11830
CL0350-NAVY,分类不存在,11840
CL0350-NUDE,分类不存在,11850
CL0350-ROSE,分类不存在,11860
CL0350-ROSE-PATENT,分类不存在,11870
CL0350-TURQUOISE,分类不存在,11880
CL0351-ALLBLACK,分类不存在,11890
CL0351-BLACK,分类不存在,11900
CL0351-BLACK-MULTI,分类不存在,11910
CL0351-ECLIPSE,分类不存在,11920
CL0351-EPI-GOLD,分类不存在,11930
CL0351-GOLD,分类不存在,11940
CL0351M-ALLBLACK,分类不存在,11950
CL0351M-BLACK,分类不存在,11960
CL0351M-GOLD,分类不存在,11970
CL0351M-M-RED,分类不存在,11980
CL0351M-RED,分类不存在,11990
CL0351-M-RED,分类不存在,12000
CL0351M-SILVER,分类不存在,12010
CL0351M-WHITE,分类不存在,12020
CL0351-RED,分类不存在,12030
CL0351-ROUGE,分类不存在,12040
CL0351-SILVER,分类不存在,12050
CL0351-WHITE,分类不存在,12060
CL0351-WHITE-IVORY,分类不存在,12070
CL0353M-BLUE,分类不存在,12080
CL0353M-GOLD,分类不存在,12090
CL0353M-GREEN,分类不存在,12100
CL0353M-GREY,分类不存在,12110
CL0353M-HEMINATE,分类不存在,12120
CL0353M-NUDE,分类不存在,12130
CL0353M-PURPLE,分类不存在,12140
CL0353M-SILVER,分类不存在,12150
CL0353M-WHITE,分类不存在,12160
CL0354-BLACK-SPIKES,分类不存在,12170
CL0354-ECLIPSE,分类不存在,12180
CL0354M-ANTHRACITE,分类不存在,12190
CL0354M-BEIGE-SPIKES,分类不存在,12200
CL0354M-BLACK-MULTIC-LUC,分类不存在,12210
CL0354M-BLACK-SPIKES,分类不存在,12220
CL0354M-GREY,分类不存在,12230
CL0354M-LEOPARD,分类不存在,12240
CL0354M-LIE-WINE,分类不存在,12250
CL0354M-RED-SPIKES,分类不存在,12260
CL0354M-SPIKE-BLACK,分类不存在,12270
CL0354M-TARTEN-RED,分类不存在,12280
CL0354-RIVIERA,分类不存在,12290
CL0355-LEOPARD,分类不存在,12300
CL0355M-LEOPARD,分类不存在,12310
CL0355M-RED,分类不存在,12320
CL0355M-SPIKE-BLACK,分类不存在,12330
CL0355M-SPIKE-NUDE,分类不存在,12340
CL0355M-STONE,分类不存在,12350
CL0355M-TURQUOISE,分类不存在,12360
CL0355M-WHITE,分类不存在,12370
CL0355-WHITE-MULTI,分类不存在,12380
CL0357-CARAIBES,分类不存在,12390
CL0358-BLUE,分类不存在,12400
CL0358-BLUE-TARTAN,分类不存在,12410
CL0358-BROWN,分类不存在,12420
CL0358-CAMEO-ROSE,分类不存在,12430
CL0358-GLITTER-MULTICOLOR,分类不存在,12440
CL0358-GLITTER-PINK,分类不存在,12450
CL0358-GLITTER-TURQUOISE,分类不存在,12460
CL0358-NUDE,分类不存在,12470
CL0358-PARME,分类不存在,12480
CL0358-PATENT-BLACK,分类不存在,12490
CL0358-PATENT-PINK,分类不存在,12500
CL0358-PIVOINE-POWDER,分类不存在,12510
CL0358-SUEDE-BLACK,分类不存在,12520
CL0358-SUEDE-CHARTREUSE,分类不存在,12530
CL0358-SUEDE-NAVY,分类不存在,12540
CL0358-SUEDE-PEACOCK,分类不存在,12550
CL0358-SUEDE-RED,分类不存在,12560
CL0358-SUEDE-TAUPE,分类不存在,12570
CL0358-SUEDE-TURQUOISE,分类不存在,12580
CL0358-TURQUIN,分类不存在,12590
CL0358-YELLOW,分类不存在,12600
CL0359-BLACK,分类不存在,12610
CL0359-NAVY,分类不存在,12620
CL0359-NUDE,分类不存在,12630
CL0359-RED,分类不存在,12640
CL0359-RED-SUEDE,分类不存在,12650
CL0360-BLACK,分类不存在,12660
CL0360-LILAC,分类不存在,12670
CL0360-RED,分类不存在,12680
CL0361-BROWN,分类不存在,12690
CL0361-RED,分类不存在,12700
CL0362-GREY,分类不存在,12710
CL0362-NATURALE,分类不存在,12720
CL0362-VIOLET,分类不存在,12730
CL0362-WATERSNAKE,分类不存在,12740
CL0362-WHITE,分类不存在,12750
CL0364-COGNAC,分类不存在,12760
CL0364-TAUPE,分类不存在,12770
CL0365-BLACK,分类不存在,12780
CL0365-SILVER,分类不存在,12790
CL0366-BLACK,分类不存在,12800
CL0366-DEEP-BLUE,分类不存在,12810
CL0366-GOLD,分类不存在,12820
CL0366-RED,分类不存在,12830
CL0367-BLUE,分类不存在,12840
CL0370-BLACK,分类不存在,12850
CL0370-NUDE,分类不存在,12860
CL0371-BLACK,分类不存在,12870
CL0371-BLACK-STRASS,分类不存在,12880
CL0371-NUDE,分类不存在,12890
CL0371-RED,分类不存在,12900
CL0372-BLACK,分类不存在,12910
CL0372-NUDE,分类不存在,12920
CL0372-SUEDE-BLACK,分类不存在,12930
CL0372-SUEDE-RED,分类不存在,12940
CL0373-BLACK,分类不存在,12950
CL0373-MULTICOLOR,分类不存在,12960
CL0375-BLACK-GLITTER,分类不存在,12970
CL0375-BLACK-LEATHER,分类不存在,12980
CL0375-BLACK-PATENT,分类不存在,12990
CL0375-CAMEL,分类不存在,13000
CL0375-CARAIBES,分类不存在,13010
CL0375-GLITTER-BLACK,分类不存在,13020
CL0375-MADARINE-RED,分类不存在,13030
CL0375-NAVY,分类不存在,13040
CL0375-NUDE,分类不存在,13050
CL0375-PATENT-NUDE,分类不存在,13060
CL0375-PIVOINE,分类不存在,13070
CL0375-RED,分类不存在,13080
CL0375-ROUGE,分类不存在,13090
CL0375-SILVER-GLITTER,分类不存在,13100
CL0377-SILVER,分类不存在,13110
CL0378-BLACK,分类不存在,13120
CL0378-MANDARIN-RED,分类不存在,13130
CL0379-LEOPARD,分类不存在,13140
CL0379M-LEOPARD,分类不存在,13150
CL0380-WHITE,分类不存在,13160
CL0381-EMERAUDE,分类不存在,13170
CL0381-LUNE,分类不存在,13180
CL0381-SILVER,分类不存在,13190
CL0382-BEIGE,分类不存在,13200
CL0382-BLACK,分类不存在,13210
CL0382-NOIR,分类不存在,13220
CL0382-NUDE,分类不存在,13230
CL0382-PATENT-BLACK,分类不存在,13240
CL0384-BLACK,分类不存在,13250
CL0384-HEMATITE,分类不存在,13260
CL0384-NUDE,分类不存在,13270
CL0385-BLACK,分类不存在,13280
CL0385-CHESTNUT,分类不存在,13290
CL0386-BLACK,分类不存在,13300
CL0386-PINK,分类不存在,13310
CL0389-BLACK,分类不存在,13320
CL0389-BLUE,分类不存在,13330
CL0389-CRIMSON,分类不存在,13340
CL0389-DARK-BLUE,分类不存在,13350
CL0389-DARK-GREEN,分类不存在,13360
CL0389-GREY,分类不存在,13370
CL0389-PINK,分类不存在,13380
CL0389-RED,分类不存在,13390
CL0391-IVORY,分类不存在,13400
CL0394-BLACK,分类不存在,13410
CL0394-BROWN-WHITE,分类不存在,13420
CL0394-GOLD-WHITE,分类不存在,13430
CL0394-NUDE-MARINE,分类不存在,13440
CL0395-ACAJOU,分类不存在,13450
CL0395-BLACK,分类不存在,13460
CL0395-JADE,分类不存在,13470
CL0395-LEOPARD,分类不存在,13480
CL0395-NUDE,分类不存在,13490
CL0395-PINK,分类不存在,13500
CL0395-TAUPE,分类不存在,13510
CL0395-TERRYCLOTH-BLACK,分类不存在,13520
CL0395-WHITE,分类不存在,13530
CL0396-SILVER,分类不存在,13540
CL0399-PINK-GOLD,分类不存在,13550
CL0400-BLUE,分类不存在,13560
CL0400-RED,分类不存在,13570
CL0401-RED,分类不存在,13580
CL0402-BLACK,分类不存在,13590
CL0402-BROWN,分类不存在,13600
CL0402-PURPLE,分类不存在,13610
CL0403-BEIGE,分类不存在,13620
CL0404-LEMON,分类不存在,13630
CL0404-ORANGE,分类不存在,13640
CL0404-RED,分类不存在,13650
CL0404-TURQUOISE,分类不存在,13660
CL0406-CAMEL,分类不存在,13670
CL0406-CUOIO,分类不存在,13680
CL0407-BEIGE,分类不存在,13690
CL0407-BLACK,分类不存在,13700
CL0407-CREME,分类不存在,13710
CL0407-FUCHSIA,分类不存在,13720
CL0407-GREY,分类不存在,13730
CL0407-JADE,分类不存在,13740
CL0409-ANTHRACITE,分类不存在,13750
CL0409-BLACK,分类不存在,13760
CL0409-BLUE,分类不存在,13770
CL0409-NUDE,分类不存在,13780
CL0409-PINK,分类不存在,13790
CL0409-RED-BLACK,分类不存在,13800
CL0410-BEIGE,分类不存在,13810
CL0410-BLACK,分类不存在,13820
CL0410-VIOLET,分类不存在,13830
CL0411-BLACK,分类不存在,13840
CL0411-OFF-WHITE,分类不存在,13850
CL0412-BLACK,分类不存在,13860
CL0412-MANDARIN-RED,分类不存在,13870
CL0413-BLACK,分类不存在,13880
CL0416-WHITE,分类不存在,13890
CL0419-BLACK,分类不存在,13900
CL0419-CHOCOLATE,分类不存在,13910
CL0419-COLORFUL,分类不存在,13920
CL0419-ICE-BLUE,分类不存在,13930
CL0419-SILVER,分类不存在,13940
CL0419-WHITE,分类不存在,13950
CL0420-BLACK,分类不存在,13960
CL0420-FRAMBOISE,分类不存在,13970
CL0420-NUDE,分类不存在,13980
CL0420-RED,分类不存在,13990
CL0420-WHITE,分类不存在,14000
CL0420-YELLOW,分类不存在,14010
CL0421-BLACK,分类不存在,14020
CL0421-PINK,分类不存在,14030
CL0421-RED,分类不存在,14040
CL0421-TURQUOISE,分类不存在,14050
CL0423-BLACK,分类不存在,14060
CL0423-BLACK-PEACOCK,分类不存在,14070
CL0423-BLACK-PEACOCK-P,分类不存在,14080
CL0423-BLUE,分类不存在,14090
CL0423-PINK,分类不存在,14100
CL0423-PURPLE,分类不存在,14110
CL0426-BLACK,分类不存在,14120
CL0427-BLACK,分类不存在,14130
CL0427-BLACK-WHITE,分类不存在,14140
CL0427-YELLOW-BLACK,分类不存在,14150
CL0428-BLACK,分类不存在,14160
CL0428-GOLD,分类不存在,14170
CL0428-GREEN,分类不存在,14180
CL0428-RED,分类不存在,14190
CL0428-VULCANO,分类不存在,14200
CL0429-BLUE,分类不存在,14210
CL0429-ROSE,分类不存在,14220
CL0430-BLACK,分类不存在,14230
CL0430-BLUE,分类不存在,14240
CL0430-HOT-PINK,分类不存在,14250
CL0430-JADE,分类不存在,14260
CL0430-LAME,分类不存在,14270
CL0430-NUDE,分类不存在,14280
CL0430-PANAMA-BLACK,分类不存在,14290
CL0430-PATENT-BLACK,分类不存在,14300
CL0430-PATENT-BLACK-120MM,分类不存在,14310
CL0430-PATENT-GREEN,分类不存在,14320
CL0430-PATENT-NUDE,分类不存在,14330
CL0430-PEACH,分类不存在,14340
CL0430-PINK,分类不存在,14350
CL0430-RED,分类不存在,14360
CL0430-RED-FLAME,分类不存在,14370
CL0430-RED-LIPSTICK,分类不存在,14380
CL0430-SILK-NUDE,分类不存在,14390
CL0430-SNAKESKIN-GOLD,分类不存在,14400
CL0430-STRASS-NUDE,分类不存在,14410
CL0430-STRASS-PRUNE,分类不存在,14420
CL0430-SUEDE-BLACK,分类不存在,14430
CL0430-SUEDE-BROWN,分类不存在,14440
CL0430-SUEDE-RED,分类不存在,14450
CL0430-WATERSNAKE-GOLD,分类不存在,14460
CL0430-WATERSNAKE-SILVER,分类不存在,14470
CL0431-CYRSTAL,分类不存在,14480
CL0432-GREY,分类不存在,14490
CL0432-RED,分类不存在,14500
CL0433-GREY,分类不存在,14510
CL0434-BROWN,分类不存在,14520
CL0435-TAUPE,分类不存在,14530
CL0435-WHITE,分类不存在,14540
CL0437-AMETHYST,分类不存在,14550
CL0437-BLACK,分类不存在,14560
CL0437-CHAMPAGNE,分类不存在,14570
CL0437-EMERAUDE,分类不存在,14580
CL0437-PINK,分类不存在,14590
CL0440-BLACK,分类不存在,14600
CL0440-POMICE,分类不存在,14610
CL0440-SAFRAN,分类不存在,14620
CL0441-BLACK,分类不存在,14630
CL0441-BLUE-GOLD,分类不存在,14640
CL0441-CAMEL,分类不存在,14650
CL0441-CORK-BLACK,分类不存在,14660
CL0441-CORK-NUDE,分类不存在,14670
CL0441-FLANNEL-BEIGE,分类不存在,14680
CL0441-OFF-WHITE,分类不存在,14690
CL0441-SPIKES-BEIGE,分类不存在,14700
CL0441-SPIKES-BLACK,分类不存在,14710
CL0441-SPIKES-BLUE,分类不存在,14720
CL0441-SPIKES-GOLD,分类不存在,14730
CL0441-SPIKES-LEOPARD,分类不存在,14740
CL0441-SPIKES-NUDE,分类不存在,14750
CL0441-SPIKES-PINK,分类不存在,14760
CL0441-SPIKES-SILVER,分类不存在,14770
CL0441-SUEDE-BLACK,分类不存在,14780
CL0441-SUEDE-PURPLE,分类不存在,14790
CL0441-WATERSNAKE-BLUE,分类不存在,14800
CL0441-WATERSNAKE-FUCHSIA,分类不存在,14810
CL0443-AURORA-BOREALE,分类不存在,14820
CL0443-BLACK,分类不存在,14830
CL0443-HEMATITE,分类不存在,14840
CL0443-NUDE,分类不存在,14850
CL0443-PINK-100MM,分类不存在,14860
CL0443-PIVOINE,分类不存在,14870
CL0443-WHITE,分类不存在,14880
CL0444-ARGENT,分类不存在,14890
CL0444-BLACK,分类不存在,14900
CL0444-NUDE,分类不存在,14910
CL0444-OFF-WHITE,分类不存在,14920
CL0444-RED,分类不存在,14930
CL0447-BLACK-I,分类不存在,14940
CL0449-BLACK,分类不存在,14950
CL0449-BLACK-RED,分类不存在,14960
CL0449-GOLD,分类不存在,14970
CL0449-PINK,分类不存在,14980
CL0449-POUDRE,分类不存在,14990
CL0449-ROSE,分类不存在,15000
CL0449-S-BLACK-ROSE,分类不存在,15010
CL0449-SLINGBACKS-GALAXY,分类不存在,15020
CL0449-SLINGBACKS-GOLD,分类不存在,15030
CL0449-SLINGBACKS-GRAY,分类不存在,15040
CL0449-SLINGBACKS-NUDE,分类不存在,15050
CL0449-SLINGBACKS-PINK,分类不存在,15060
CL0449-SLINGBACKS-SILVER,分类不存在,15070
CL0449-SLINGBACKS-TURQUOISE,分类不存在,15080
CL0449-SLING-BLACK,分类不存在,15090
CL0449-SOURIS-CRAIE,分类不存在,15100
CL0449-WHITE,分类不存在,15110
CL0450-BLUE,分类不存在,15120
CL0450-LEOPARD,分类不存在,15130
CL0450-MEDIUM-BLUE,分类不存在,15140
CL0450-OFF-WHITE,分类不存在,15150
CL0450-SCALE-BLACK,分类不存在,15160
CL0452-BLACK-WHITE,分类不存在,15170
CL0452-PEWTER,分类不存在,15180
CL0454-GOLD,分类不存在,15190
CL0454-MULTICOLOR,分类不存在,15200
CL0459-GOLD,分类不存在,15210
CL0460-ANIS,分类不存在,15220
CL0460-FLAME,分类不存在,15230
CL0460-MARYJANE-BLACK,分类不存在,15240
CL0460-MARYJANE-BROWN,分类不存在,15250
CL0460-MARYJANE-PINK,分类不存在,15260
CL0460-MARYJANE-RED,分类不存在,15270
CL0464-BLACK,分类不存在,15280
CL0464-GREEN,分类不存在,15290
CL0464-MADARIN-RED,分类不存在,15300
CL0464-RED,分类不存在,15310
CL0466-BLACK,分类不存在,15320
CL0467-BLACK,分类不存在,15330
CL0467-LEOPARD,分类不存在,15340
CL0470-BLACK,分类不存在,15350
CL0470-LEOPARD,分类不存在,15360
CL0470-RED,分类不存在,15370
CL0471-BLACK,分类不存在,15380
CL0471-NUDE,分类不存在,15390
CL0471-PURPLE,分类不存在,15400
CL0475-PURPLE,分类不存在,15410
CL0475-TAUPE,分类不存在,15420
CL0479-BLUE,分类不存在,15430
CL0479-COLOR,分类不存在,15440
CL0479-NUDE,分类不存在,15450
CL0480-BLACK,分类不存在,15460
CL0480-RED,分类不存在,15470
CL0484M-BLUE,分类不存在,15480
CL0484M-FLANNEL-GREY,分类不存在,15490
CL0484M-GREY,分类不存在,15500
CL0490-TAUPE,分类不存在,15510
CL0492-BLACK,分类不存在,15520
CL0492-PURPLE,分类不存在,15530
CL0492-TAUPE,分类不存在,15540
CL0496-BLACK,分类不存在,15550
CL0496-BLACK-STRASS,分类不存在,15560
CL0503M-LEOPARD,分类不存在,15570
CL0503M-PINK,分类不存在,15580
CL0505-BLACK,分类不存在,15590
CL0507-BLACK,分类不存在,15600
CL0508-HAVANE,分类不存在,15610
CL0508-LEOPARD,分类不存在,15620
CL0508-NAVYBLUE,分类不存在,15630
CL0509-BLACK,分类不存在,15640
CL0509-BLACK-SUEDE,分类不存在,15650
CL0509-CARAIBES,分类不存在,15660
CL0509-GREEN,分类不存在,15670
CL0509-NUDE,分类不存在,15680
CL0509-NUDE-WATERSNAKE,分类不存在,15690
CL0509-PATENT-BLACK,分类不存在,15700
CL0509-ROSE-PARIS,分类不存在,15710
CL0509-SILVER,分类不存在,15720
CL0509-SUEDE-VIOLET,分类不存在,15730
CL0510-BLACK-SUEDE,分类不存在,15740
CL0510-BLEU-SAPHIR,分类不存在,15750
CL0510-ENGLISH-GREEN,分类不存在,15760
CL0510-KID-BLACK,分类不存在,15770
CL0510-PLUM-SUEDE,分类不存在,15780
CL0511-BLACK,分类不存在,15790
CL0511-LEOPARD,分类不存在,15800
CL0512-BLACK,分类不存在,15810
CL0512-WHITE,分类不存在,15820
CL0513-SILVER,分类不存在,15830
CL0514-120MM-RED,分类不存在,15840
CL0514-BLACK,分类不存在,15850
CL0514-BLACK-120MM,分类不存在,15860
CL0514-MULTICOLOR,分类不存在,15870
CL0515-BLACK,分类不存在,15880
CL0515-PURPLE,分类不存在,15890
CL0516-BLACK,分类不存在,15900
CL0517-BLACK,分类不存在,15910
CL0517-PEACOCK,分类不存在,15920
CL0521-BLACK,分类不存在,15930
CL0521-BROWN,分类不存在,15940
CL0521-GOLD,分类不存在,15950
CL0521-PIVOINE,分类不存在,15960
CL0523-BLACK-NEPTUNE,分类不存在,15970
CL0523M-SUEDE-BLACK,分类不存在,15980
CL0523M-SUEDE-PEACOCK,分类不存在,15990
CL0524-LEOPARD-FLAME,分类不存在,16000
CL0524-NUDE,分类不存在,16010
CL0527-BLACK,分类不存在,16020
CL0527-NUDE,分类不存在,16030
CL0528-TABACCO,分类不存在,16040
CL0530-BLACK,分类不存在,16050
CL0530-VIOLET,分类不存在,16060
CL0531-TAUPE,分类不存在,16070
CL0532-BLACK,分类不存在,16080
CL0532-BLACK-TAUPE,分类不存在,16090
CL0533-BLACK,分类不存在,16100
CL0533-SPECCHIO,分类不存在,16110
CL0534-PEACOCK,分类不存在,16120
CL0534-TAUPE,分类不存在,16130
CL0536-BLACK,分类不存在,16140
CL0536-ROSE,分类不存在,16150
CL0537-BLACK,分类不存在,16160
CL0538-BLACK,分类不存在,16170
CL0540-FAUVE,分类不存在,16180
CL0541-BLACK,分类不存在,16190
CL0542-BLACK,分类不存在,16200
CL0542-GRIS,分类不存在,16210
CL0543-BLACK,分类不存在,16220
CL0543-LEOPARD,分类不存在,16230
CL0543-PONY-BLACK,分类不存在,16240
CL0543-RED,分类不存在,16250
CL0544-TABACCO,分类不存在,16260
CL0545-FAUVE,分类不存在,16270
CL0546-BLACK,分类不存在,16280
CL0546-TABACCO,分类不存在,16290
CL0547-BLACK,分类不存在,16300
CL0547-RED,分类不存在,16310
CL0548-BLACK,分类不存在,16320
CL0548-NUDE,分类不存在,16330
CL0549-BLACK,分类不存在,16340
CL0549-NATURAL,分类不存在,16350
CL0550M-NAVY,分类不存在,16360
CL0550M-TAUPE,分类不存在,16370
CL0550-NAVY,分类不存在,16380
CL0550-TAUPE,分类不存在,16390
CL0555M-BLACK,分类不存在,16400
CL0555M-RED,分类不存在,16410
CL0556-LEOPARD,分类不存在,16420
CL0556M-BLUE,分类不存在,16430
CL0556M-RED,分类不存在,16440
CL0556M-ZEBRA,分类不存在,16450
CL0557M-LEOPARD,分类不存在,16460
CL0557M-PEACOCK,分类不存在,16470
CL0560M-BEIGE,分类不存在,16480
CL0560M-BLACK,分类不存在,16490
CL0561-BLACK,分类不存在,16500
CL0561M-BLACK,分类不存在,16510
CL0564M-MULTICOLOR,分类不存在,16520
CL0564-MULTICOLOR,分类不存在,16530
CL0567-BLACK,分类不存在,16540
CL0568-BLACK,分类不存在,16550
CL0568-BLACK-ROUGE,分类不存在,16560
CL0568-CANARI,分类不存在,16570
CL0568-LEATHER-BLACK,分类不存在,16580
CL0568-ROSE,分类不存在,16590
CL0569-BLACK,分类不存在,16600
CL0569-NUDE,分类不存在,16610
CL0570-BLACK,分类不存在,16620
CL0570-NUDE,分类不存在,16630
CL0571-BLACK,分类不存在,16640
CL0571-PIVOINE,分类不存在,16650
CL0572-BLACK,分类不存在,16660
CL0572-NUDE,分类不存在,16670
CL0572-SUEDE-VIOLET,分类不存在,16680
CL0574-BLACK,分类不存在,16690
CL0574-BLACK-LEOPARD,分类不存在,16700
CL0574-RED,分类不存在,16710
CL0575-FAUVE,分类不存在,16720
CL0575-MULTICOLOR,分类不存在,16730
CL0576-BLACK,分类不存在,16740
CL0578-BLACK,分类不存在,16750
CL0579-BLACK,分类不存在,16760
CL0580-BEIGE,分类不存在,16770
CL0582-HAVANE,分类不存在,16780
CL0582-SUEDE-PIVOINE,分类不存在,16790
CL0584-BLACK,分类不存在,16800
CL0584-VEAU,分类不存在,16810
CL0586-BLACK,分类不存在,16820
CL0586-STONE,分类不存在,16830
CL0587-BLACK,分类不存在,16840
CL0587-RED,分类不存在,16850
CL0589-RED,分类不存在,16860
CL0590-BLACK,分类不存在,16870
CL0590-NUDE,分类不存在,16880
CL0591-BLACK,分类不存在,16890
CL0591-RED,分类不存在,16900
CL0592-ROSE,分类不存在,16910
CL0593-BLACK,分类不存在,16920
CL0593-TAUPE,分类不存在,16930
CL0594-BLACK,分类不存在,16940
CL0594-PIVOINE,分类不存在,16950
CL0595-BLACK,分类不存在,16960
CL0595-ORANGE,分类不存在,16970
CL0595-PLATINE,分类不存在,16980
CL0597-BLACK,分类不存在,16990
CL0598-BLACK,分类不存在,17000
CL0598-PURPLE,分类不存在,17010
CL0599-CANARI,分类不存在,17020
CL0600-BLACK,分类不存在,17030
CL0600-PATENT-BLACK,分类不存在,17040
CL0600-RED,分类不存在,17050
CL0600-SOURIS,分类不存在,17060
CL0602-BLACK,分类不存在,17070
CL0602-BLUE,分类不存在,17080
CL0602-ROSE,分类不存在,17090
CL0603-BLACK,分类不存在,17100
CL0603-WHITE,分类不存在,17110
CL0604-BLACK,分类不存在,17120
CL0604-GREEN,分类不存在,17130
CL0604-PURPLE,分类不存在,17140
CL0604-RED,分类不存在,17150
CL0605-BLACK,分类不存在,17160
CL0607-BLACK,分类不存在,17170
CL0607-GOLD,分类不存在,17180
CL0608-BLACK,分类不存在,17190
CL0608-PLUM,分类不存在,17200
CL0609-LEOPARD,分类不存在,17210
CL0610-BLACK,分类不存在,17220
CL0611-BLACK,分类不存在,17230
CL0611-PURPLE,分类不存在,17240
CL0618-BLACK,分类不存在,17250
CL0618-BLUE,分类不存在,17260
CL0618-TARTEN,分类不存在,17270
CL0619-LEOPARD,分类不存在,17280
CL0619M-LEOPARD,分类不存在,17290
CL0623-BLACK,分类不存在,17300
CL0623-RED,分类不存在,17310
CL0624-BLACK,分类不存在,17320
CL0624-SILVER-ROSE-PARIS,分类不存在,17330
CL0625-SMOKE,分类不存在,17340
CL0627-FAUVE-GOLD,分类不存在,17350
CL0627-STONE,分类不存在,17360
CL0628-BLACK,分类不存在,17370
CL0628-ROSE-PARIS,分类不存在,17380
CL0629-BABY-PINK,分类不存在,17390
CL0629-NUDE,分类不存在,17400
CL0629-ROSE-PARIS,分类不存在,17410
CL0632-WHITE-RED-BLUE,分类不存在,17420
CL0636-MULTICOLOR,分类不存在,17430
CL0638-WHITE,分类不存在,17440
CL0644-BLACK,分类不存在,17450
CL0645-BLACK,分类不存在,17460
CL0646-BLACK,分类不存在,17470
CL0646-ROUGE-LIPSTICK,分类不存在,17480
CL0647M-BLACK,分类不存在,17490
CL0647M-CENDRE,分类不存在,17500
CL0647M-GOLD,分类不存在,17510
CL0647M-RED,分类不存在,17520
CL0647M-SILVER,分类不存在,17530
CL0647M-STONE,分类不存在,17540
CL0649-BLACK,分类不存在,17550
CL0649-RED,分类不存在,17560
CL0650-BLUE,分类不存在,17570
CL0652-BLACKRED,分类不存在,17580
CL0654-ROSE,分类不存在,17590
CL0655-PARME,分类不存在,17600
CL0657-CRAIE,分类不存在,17610
CL0660-SILVER,分类不存在,17620
CL0661-BLACK,分类不存在,17630
CL0661-SILVER,分类不存在,17640
CL0662-STONE,分类不存在,17650
CL0665-NUDE,分类不存在,17660
CL0666-BLACK,分类不存在,17670
CL0666-CANARI,分类不存在,17680
CL0666-CORDE,分类不存在,17690
CL0666-DENIM,分类不存在,17700
CL0668-BLACK,分类不存在,17710
CL0669-MULTICOLOR,分类不存在,17720
CL0669-RED,分类不存在,17730
CL0670-NUDE,分类不存在,17740
CL0670-WHITE,分类不存在,17750
CL0671-WHITE,分类不存在,17760
CL0672-SILVER,分类不存在,17770
CL0673-BLACK,分类不存在,17780
CL0673-NUDE,分类不存在,17790
CL0675-BLACK,分类不存在,17800
CL0675-GRENADINE,分类不存在,17810
CL0676-GRENADINE,分类不存在,17820
CL0676-YELLOW,分类不存在,17830
CL0677-ALL-BLACK,分类不存在,17840
CL0677-BLACK,分类不存在,17850
CL0677-BLACK-BROWN,分类不存在,17860
CL0677-BLACK-MULTI,分类不存在,17870
CL0677-CURACAO-MULTI,分类不存在,17880
CL0677-DUNE,分类不存在,17890
CL0677-ECLIPSE,分类不存在,17900
CL0677-NUDE,分类不存在,17910
CL0677-NUDE-45MM,分类不存在,17920
CL0677-PINK,分类不存在,17930
CL0677-RED,分类不存在,17940
CL0678-BLACK,分类不存在,17950
CL0680-BLACK,分类不存在,17960
CL0680-BLACK-SUEDE,分类不存在,17970
CL0680-CURACAO,分类不存在,17980
CL0680-GOLD,分类不存在,17990
CL0680-LEOPARD,分类不存在,18000
CL0680-NUDE,分类不存在,18010
CL0680-OFF-WHITE,分类不存在,18020
CL0680-PAPAYE,分类不存在,18030
CL0680-RED-WINE,分类不存在,18040
CL0680-ROSE,分类不存在,18050
CL0680-ROYAL-BLUE,分类不存在,18060
CL0680-VIOLET,分类不存在,18070
CL0682-NUDE,分类不存在,18080
CL0683-BLACK,分类不存在,18090
CL0684-BLACK,分类不存在,18100
CL0684-NUDE,分类不存在,18110
CL0685-BRONZE,分类不存在,18120
CL0686-NUDE,分类不存在,18130
CL0687-AQUAMARINE,分类不存在,18140
CL0687-BLACK,分类不存在,18150
CL0687-BLACK-PATENT,分类不存在,18160
CL0687-BLUE,分类不存在,18170
CL0687-LEA,分类不存在,18180
CL0687-MAYA,分类不存在,18190
CL0687-RED,分类不存在,18200
CL0687-SAFKI,分类不存在,18210
CL0688-BLACK,分类不存在,18220
CL0689-BLACK,分类不存在,18230
CL0690-BLACK,分类不存在,18240
CL0691-BLACK,分类不存在,18250
CL0691-BLACK-SUEDE,分类不存在,18260
CL0692-BLACK,分类不存在,18270
CL0692-BLUE,分类不存在,18280
CL0693-BLACK,分类不存在,18290
CL0693-LICHEN-WHITE,分类不存在,18300
CL0694-BLACK,分类不存在,18310
CL0694-NUDE,分类不存在,18320
CL0695-YELLLOW,分类不存在,18330
CL0696-BLACK,分类不存在,18340
CL0697-BLACK,分类不存在,18350
CL0698-SILVER,分类不存在,18360
CL0698-SILVER-LEATHER,分类不存在,18370
CL0699-NUDE,分类不存在,18380
CL0700-NUDE,分类不存在,18390
CL0701-LEOPARD,分类不存在,18400
CL0702-LEOPARD,分类不存在,18410
CL0703-WHEAT,分类不存在,18420
CL0704-BLACK,分类不存在,18430
CL0705-BLACK,分类不存在,18440
CL0705-BLACK-LEATHER,分类不存在,18450
CL0705-RED,分类不存在,18460
CL0706-BLACK,分类不存在,18470
CL0708-BLACK,分类不存在,18480
CL0709-BLACK,分类不存在,18490
CL0710-BLUE,分类不存在,18500
CL0712-BLACK,分类不存在,18510
CL0714-BLACK,分类不存在,18520
CL0714-RED,分类不存在,18530
CL0715-BLACK,分类不存在,18540
CL0716-BLACK,分类不存在,18550
CL0717-BLACK,分类不存在,18560
CL0717-BLACK-BROWN,分类不存在,18570
CL0717-BLACK-PYTHON,分类不存在,18580
CL0717-BLACK-SUEDE,分类不存在,18590
CL0717-BLUE,分类不存在,18600
CL0717-CAPUCINE,分类不存在,18610
CL0717-CHOCOLATE,分类不存在,18620
CL0717-DUNE,分类不存在,18630
CL0717-EVEQUE,分类不存在,18640
CL0717-FOREST,分类不存在,18650
CL0717-GLACIER,分类不存在,18660
CL0717-GOLDEN,分类不存在,18670
CL0717-GRENADINE,分类不存在,18680
CL0717-LEA,分类不存在,18690
CL0717-LICHEN,分类不存在,18700
CL0717-MAYA,分类不存在,18710
CL0717-NATS,分类不存在,18720
CL0717-NUDE,分类不存在,18730
CL0717-PURPLE,分类不存在,18740
CL0717-RED,分类不存在,18750
CL0717-SAFKI,分类不存在,18760
CL0717-SEA-GREEN,分类不存在,18770
CL0717-TURQUOISE,分类不存在,18780
CL0718-BLACK,分类不存在,18790
CL0719-BLACK,分类不存在,18800
CL0720-BLACK,分类不存在,18810
CL0721-BLACK,分类不存在,18820
CL0721-NUDE,分类不存在,18830
CL0722-BLACK,分类不存在,18840
CL0722-BLACK-LEOPARD,分类不存在,18850
CL0723-BLACK,分类不存在,18860
CL0723-NUDE,分类不存在,18870
CL0724-BLACK,分类不存在,18880
CL0724-GOLD,分类不存在,18890
CL0724-NUDE,分类不存在,18900
CL0724-RED,分类不存在,18910
CL0725-BLACK,分类不存在,18920
CL0726-LEOPARD,分类不存在,18930
CL0728-ROSE,分类不存在,18940
CL0729-BROWN,分类不存在,18950
CL0730-PINK,分类不存在,18960
CL0731-NAVY,分类不存在,18970
CL0732-BEIGE,分类不存在,18980
CL0732-BLACK,分类不存在,18990
CL0732-GOLD,分类不存在,19000
CL0733-BLACK,分类不存在,19010
CL0734-RED,分类不存在,19020
CL0735-BLACK,分类不存在,19030
CL0736-RED,分类不存在,19040
CL0737-SILVER,分类不存在,19050
CL0738-MULTICOLOR,分类不存在,19060
CL0738-ROSE,分类不存在,19070
CL0739-BLACK,分类不存在,19080
CL0739-NUDE,分类不存在,19090
CL0740-BEIGE,分类不存在,19100
CL0740-BLUE,分类不存在,19110
CL0741-BLACK,分类不存在,19120
CL0741-TURQUESA,分类不存在,19130
CL0744-CAPUCINE,分类不存在,19140
CL0744-ELECTRIC,分类不存在,19150
CL0744-GREEN,分类不存在,19160
CL0744-LEOPARD,分类不存在,19170
CL0745-BLACK,分类不存在,19180
CL0745-LEOPARD,分类不存在,19190
CL0746-BLACK,分类不存在,19200
CL0746-RED,分类不存在,19210
CL0746-WHITE,分类不存在,19220
CL0747-BLACK,分类不存在,19230
CL0747-GRENADINE,分类不存在,19240
CL0747-GRENADINE-RED,分类不存在,19250
CL0748-BLACK,分类不存在,19260
CL0749-BLACK,分类不存在,19270
CL0749-ECLIPSE,分类不存在,19280
CL0750-ANIS,分类不存在,19290
CL0750-BLACK,分类不存在,19300
CL0750-BLACK-PYTHON,分类不存在,19310
CL0750-PAPAYE,分类不存在,19320
CL0750-RED,分类不存在,19330
CL0750-WHITE,分类不存在,19340
CL0751-BLACK,分类不存在,19350
CL0753-BLUE,分类不存在,19360
CL0753-OFF-WHITE,分类不存在,19370
CL0755-GOLD,分类不存在,19380
CL0756-WHITE,分类不存在,19390
CL0757-COFFEE,分类不存在,19400
CL0758-BLACK,分类不存在,19410
CL0760-BLACK,分类不存在,19420
CL0761-BLACK,分类不存在,19430
CL0762-WHITE,分类不存在,19440
CL0763-BLACK,分类不存在,19450
CL0764-BLACK,分类不存在,19460
CL0765-ANIS,分类不存在,19470
CL0765-WHITE,分类不存在,19480
CL0766-GOLD,分类不存在,19490
CL0766-SILVER,分类不存在,19500
CL0767-BLACK,分类不存在,19510
CL0767-BLACK-WHITE,分类不存在,19520
CL0767-VERSION-RIVIERA,分类不存在,19530
CL0769-VERSION-RIVIERA,分类不存在,19540
CL0770-BLACK,分类不存在,19550
CL0770-BLACK-LEATHER,分类不存在,19560
CL0770-DUNE,分类不存在,19570
CL0770-NUDE,分类不存在,19580
CL0771-ROSE,分类不存在,19590
CL0772-BEIGE,分类不存在,19600
CL0773-BLACK-MULTIC-LUC,分类不存在,19610
CL0773-WHITE,分类不存在,19620
CL0774-BLACK,分类不存在,19630
CL0774-MAYA,分类不存在,19640
CL0774-SAFKI,分类不存在,19650
CL0775-ANTHRACITE,分类不存在,19660
CL0775-GREY,分类不存在,19670
CL0776-WHITE,分类不存在,19680
CL0777-GOLD,分类不存在,19690
CL0777-SILVER,分类不存在,19700
CL0778-BLACK-GOLD,分类不存在,19710
CL0778-MULTI,分类不存在,19720
CL0778-NUDE-RED-MARCH,分类不存在,19730
CL0778-VERSION-DARK-BROWN,分类不存在,19740
CL0779-RED,分类不存在,19750
CL0780-ECLIPSE,分类不存在,19760
CL0780-MULTI,分类不存在,19770
CL0781-FOREST,分类不存在,19780
CL0781-VERSION-COSMOS,分类不存在,19790
CL0781-WHITE,分类不存在,19800
CL0782-POUDRE,分类不存在,19810
CL0783-POUDRE,分类不存在,19820
CL0783-WHITE-SILVER,分类不存在,19830
CL0784-NUDE,分类不存在,19840
CL0809-EVEQUE,分类不存在,19850
CL0809-NUDE,分类不存在,19860
CL0809-OFF-WHITE,分类不存在,19870
CL0809-PINK,分类不存在,19880
CL0810-ECLIPSE,分类不存在,19890
CL0810-PAPAYE,分类不存在,19900
CL0811-ECLIPSE,分类不存在,19910
CL0811-NUDE,分类不存在,19920
CL0812-VERSION-EVEQUE,分类不存在,19930
CL0812-VERSION-NUDE,分类不存在,19940
CL0812-VERSION-NUDE-I,分类不存在,19950
CL0813-POIVRE,分类不存在,19960
CL0813-VIOLET,分类不存在,19970
CL0814-NUDE,分类不存在,19980
CL0815-GOLD,分类不存在,19990
CL0816-BROWN,分类不存在,20000
CL0816-LICHEN,分类不存在,20010
CL0817-FRAMBOISINE,分类不存在,20020
CL0817-PINK,分类不存在,20030
CL0818-ECLIPSE-WHITE,分类不存在,20040
CL0818-WHITE-ECLIPSE,分类不存在,20050
CL0819-WHITE,分类不存在,20060
CL0820-CORAZON,分类不存在,20070
CL0820-WHITE,分类不存在,20080
CL0821-BLACK,分类不存在,20090
CL0822-BLACK,分类不存在,20100
CL0823-GOLD,分类不存在,20110
CL0823-NUDE,分类不存在,20120
CL0824-BLACK,分类不存在,20130
CL0824-MULTI,分类不存在,20140
CL0825-BLACK,分类不存在,20150
CL0825-NUDE,分类不存在,20160
CL0826-BLACK,分类不存在,20170
CL0827-BLACK,分类不存在,20180
CL0828-WINE-RED-GOLD,分类不存在,20190
CL0829-LIE-WINE,分类不存在,20200
CL0829-PLATINE,分类不存在,20210
CL0829-TURQUIN,分类不存在,20220
CL0829-VIOLET,分类不存在,20230
CL0830-MULTI,分类不存在,20240
CL0830-PINK,分类不存在,20250
CL0831-BROWN-WHITE,分类不存在,20260
CL0831-LIE-WINE,分类不存在,20270
CL0832-BLACK,分类不存在,20280
CL0832-BLACK-GOLD,分类不存在,20290
CL0832-BLACK-LEATHER,分类不存在,20300
CL0832-VIOLET,分类不存在,20310
CL0832-VIOLET-GOLD,分类不存在,20320
CL0833-BLACK,分类不存在,20330
CL0833-ECLIPSE,分类不存在,20340
CL0833-VERSION-BLACK,分类不存在,20350
CL0834-BLACK,分类不存在,20360
CL0834-LEOPARD,分类不存在,20370
CL0834-LIE-WINE,分类不存在,20380
CL0835-BLACK,分类不存在,20390
CL0835-CENDRE,分类不存在,20400
CL0836-BLACK,分类不存在,20410
CL0836-MULTI,分类不存在,20420
CL0837-BLACK-MULTI,分类不存在,20430
CL0837-TILLEUL,分类不存在,20440
CL0838-BLACK,分类不存在,20450
CL0838-NUDE,分类不存在,20460
CL0839-BLACK,分类不存在,20470
CL0840-WINE-RED,分类不存在,20480
CL0841-NAVY-GREEN,分类不存在,20490
CL0841-RED-BLUE,分类不存在,20500
CL0842-BLACK,分类不存在,20510
CL0842-BLACK-RED,分类不存在,20520
CL0843-BLACK,分类不存在,20530
CL0843-TURQUIN,分类不存在,20540
CL0844-COSMOS,分类不存在,20550
CL0844-HEMATITE,分类不存在,20560
CL0845-LEA,分类不存在,20570
CL0845-MAYA,分类不存在,20580
CL0845-SAFKI,分类不存在,20590
CL0846-BLUE,分类不存在,20600
CL0847-BLACK,分类不存在,20610
CL0847-BLACK-RED,分类不存在,20620
CL0847-MULTI,分类不存在,20630
CL0847-NUDE,分类不存在,20640
CL0847-RED,分类不存在,20650
CL0848-MULTI,分类不存在,20660
CL0849-MIMOSA,分类不存在,20670
CL0850-BLACK,分类不存在,20680
CL0850-RED,分类不存在,20690
CL0851-BLACK,分类不存在,20700
CL0852-BLACK,分类不存在,20710
CL0852-MULTI,分类不存在,20720
CL0852-NUDE,分类不存在,20730
CL0852-WHITE,分类不存在,20740
CL0853-BLUSH-BEIGE,分类不存在,20750
CL0853-BLUSH-CHOCOLATE,分类不存在,20760
CL0853-BLUSH-ESPRESSO,分类不存在,20770
CL0853-BLUSH-NUDE,分类不存在,20780
CL0853-BLUSH-SADDLEBROWN,分类不存在,20790
CL0854-BLUSH-BEIGE,分类不存在,20800
CL0854-BLUSH-CHOCOLATE,分类不存在,20810
CL0854-BLUSH-ESPRESSO,分类不存在,20820
CL0854-BLUSH-NUDE,分类不存在,20830
CL0854-BLUSH-SADDLEBROWN,分类不存在,20840
CL0855-BLACK,分类不存在,20850
CL0856-BEIGE,分类不存在,20860
CL0856-BLACK,分类不存在,20870
CL0856-CAPUCINE,分类不存在,20880
CL0856-ESPADON,分类不存在,20890
CL0856-NEIGE,分类不存在,20900
CL0857-BLACK,分类不存在,20910
CL0857-ROSE,分类不存在,20920
CL0858-SILVER,分类不存在,20930
CL0859-ROSE,分类不存在,20940
CL0860-BEIGE,分类不存在,20950
CL0860-RUBIS-WHITE,分类不存在,20960
CL0861-BLUE,分类不存在,20970
CL0862-BLACK-SILVER,分类不存在,20980
CL0863-BLACK-SILVER,分类不存在,20990
CL0864-GOLD,分类不存在,21000
CL0865-GOLD,分类不存在,21010
CL0866-GOLD,分类不存在,21020
CL0867-BLACK,分类不存在,21030
CL0867-HORIZON-SILVER,分类不存在,21040
CL0867-RED,分类不存在,21050
CL0867-WHITE-IVORY,分类不存在,21060
CL0868-SILVER,分类不存在,21070
CL0869-SILVER,分类不存在,21080
CL0870-NUDE-LIGHT-GOLD,分类不存在,21090
CL0871-BLACK-SILVER,分类不存在,21100
CL0871-NUDE,分类不存在,21110
CL0872-NUDE,分类不存在,21120
CL0873-EDELWEISS,分类不存在,21130
CL0874-Nude-Gold,分类不存在,21140
CL0875-Nude,分类不存在,21150
CL0876-Black,分类不存在,21160
CL0876-White,分类不存在,21170
CL0877-White,分类不存在,21180
CL0878-HORIZON,分类不存在,21190
CL0879-BLACK,分类不存在,21200
CL0879-DIGITALE,分类不存在,21210
CL0880-VERSION-DIGITALE,分类不存在,21220
CL0881-PIERRE,分类不存在,21230
CL0882-BLACK,分类不存在,21240
CL0883-HORIZON,分类不存在,21250
CL0884-BLACK,分类不存在,21260
CL0884-RED,分类不存在,21270
CL0884-ROSE,分类不存在,21280
CL0885-BLACK,分类不存在,21290
CL0885-SILVER,分类不存在,21300
CL0886-NEIGE,分类不存在,21310
CL0887-BLACK,分类不存在,21320
CL0887-NEIGE,分类不存在,21330
CL0887-NUDE,分类不存在,21340
CL0887-NUDE-LIGHT-GOLD,分类不存在,21350
CL0887-WHITE,分类不存在,21360
CL0888-CAPUCINE,分类不存在,21370
CL0889-WHITE,分类不存在,21380
CL0890-BEIGE,分类不存在,21390
CL0891-NUDE,分类不存在,21400
CL0892-OFF-WHITE,分类不存在,21410
CL0893-BLACK,分类不存在,21420
CL0893-LIGHT-GOLD,分类不存在,21430
CL0893-NUDE,分类不存在,21440
CL0894-BLACK,分类不存在,21450
CL0894-NUDE,分类不存在,21460
CL0895-BLACK,分类不存在,21470
CL0895-ELECTRIC,分类不存在,21480
CL0895-PAVOT-PAVOT,分类不存在,21490
CL0896-BLACK,分类不存在,21500
CL0896-NUDE,分类不存在,21510
CL0897-WHITE,分类不存在,21520
CL0898-NUDE,分类不存在,21530
CL0898-RED,分类不存在,21540
CL0899-NUDE,分类不存在,21550
CL0900-BLACK,分类不存在,21560
CL0903-NUDE,分类不存在,21570
CL0903-VERSION-NEON,分类不存在,21580
CL0904-SILVER,分类不存在,21590
CL0905-NEIGE,分类不存在,21600
CL0906-NEIGE,分类不存在,21610
CL0907-CARMIN,分类不存在,21620
CL0907-CARMIN-RONSARD,分类不存在,21630
CL0907-NUDE,分类不存在,21640
CL0908-CARMIN,分类不存在,21650
CL0909-BLACK-PINK,分类不存在,21660
CL0909-BLACK-RED,分类不存在,21670
CL0909-RED-WHITE,分类不存在,21680
CL0909-WHITE-RED,分类不存在,21690
CL0909-MULTICOLOR,分类不存在,21700
CL0909-BLACK,分类不存在,21710
CL0910-BLACK,分类不存在,21720
CL0911-BLACK,分类不存在,21730
CL0911-BLUE,分类不存在,21740
CL0911-GREEN,分类不存在,21750
CL0911-RED,分类不存在,21760
CL0911-PINK,分类不存在,21770
CL0911-YELLOW,分类不存在,21780
CL0912-NUDE,分类不存在,21790
CL0912-CARMIN,分类不存在,21800
CL0912-LIGHT-GOLD,分类不存在,21810
CL0912-NIGHT,分类不存在,21820
CL0912-RONSARD,分类不存在,21830
CL0912-BLACK,分类不存在,21840
CL0913-ANTIQUE-BRASS,分类不存在,21850
CL0913-APRICOT,分类不存在,21860
CL0913-BLUE,分类不存在,21870
CL0913-NUDE,分类不存在,21880
CL0913-BLACK,分类不存在,21890
CL0913-PINK,分类不存在,21900
CL0913-SILVER,分类不存在,21910
CL0913-WATHET,分类不存在,21920
CL0914-BLACK,分类不存在,21930
CL0914-White,分类不存在,21940
CL0914-Apricot,分类不存在,21950
CL0915-BLACK,分类不存在,21960
