产品型号,分类路径,排序
CL0118-AMETHYSTE,"Hot Collections/Daffodile",10
CL0118-BLACK,"Hot Collections/Daffodile",20
CL0118-BLUE,"Hot Collections/Daffodile",30
CL0118-CAMEO-ROSE,"Hot Collections/Daffodile",40
CL0118-DARK-BLUE,"Hot Collections/Daffodile",50
CL0118-HOT-PINK,"Hot Collections/Daffodile",60
CL0118-LEMON,"Hot Collections/Daffodile",70
CL0118-LEOPARD,"Hot Collections/Daffodile",80
CL0118-SUEDE-GREY,"Hot Collections/Daffodile",90
CL0118-TAUPE-SUEDE,"Hot Collections/Daffodile",100
CL0118-TURQUOISE,"Hot Collections/Daffodile",110
CL0118-YELLOW,"Hot Collections/Daffodile",120
CL0119-BEIGE,"Hot Collections/Daffodile",130
CL0119-BLACK,"Hot Collections/Daffodile",140
CL0119-BLEU-SAPHIR,"Hot Collections/Daffodile",150
CL0119-BLUE,"Hot Collections/Daffodile",160
CL0119-BOREALE-GOLD,"Hot Collections/Daffodile",170
CL0119-BROWN,"Hot Collections/Daffodile",180
CL0119-CHAIN-MULTICOLOR,"Hot Collections/Daffodile",190
CL0119-CROCO-BLACK,"Hot Collections/Daffodile",200
CL0119-CROCO-PATCHWORK,"Hot Collections/Daffodile",210
CL0119-CROCO-PATCHWORKS,"Hot Collections/Daffodile",220
CL0119-CROCO-TAN,"Hot Collections/Daffodile",230
CL0119-FUCHSIA,"Hot Collections/Daffodile",240
CL0119-GEEK,"Hot Collections/Daffodile",250
CL0119-GLITTER-BLACK,"Hot Collections/Daffodile",260
CL0119-GOLD,"Hot Collections/Daffodile",270
CL0119-GREEN,"Hot Collections/Daffodile",280
CL0119-GREEN-STRASS,"Hot Collections/Daffodile",290
CL0119-JACQUARD-LEOPARD,"Hot Collections/Daffodile",300
CL0119-LACE-BLACK,"Hot Collections/Daffodile",310
CL0119-LACE-GREEN,"Hot Collections/Daffodile",320
CL0119-LACE-GREY,"Hot Collections/Daffodile",330
CL0119-LACE-WHITE,"Hot Collections/Daffodile",340
CL0119-LAME-GOLD,"Hot Collections/Daffodile",350
CL0119-LEATHER-NUDE,"Hot Collections/Daffodile",360
CL0119-MERIDIAN-BLUE,"Hot Collections/Daffodile",370
CL0119-MULTICOLOR,"Hot Collections/Daffodile",380
CL0119-MULTICOLOR-PYTHON,"Hot Collections/Daffodile",390
CL0119-NATURALE,"Hot Collections/Daffodile",400
CL0119-PANAMA-BLACK,"Hot Collections/Daffodile",410
CL0119-PATENT-WHITE,"Hot Collections/Daffodile",420
CL0119-PINK,"Hot Collections/Daffodile",430
CL0119-PIVOINE,"Hot Collections/Daffodile",440
CL0119-PLUM,"Hot Collections/Daffodile",450
CL0119-PONY-ZEBRA,"Hot Collections/Daffodile",460
CL0119-PURPLE,"Hot Collections/Daffodile",470
CL0119-PYTHON-GREY,"Hot Collections/Daffodile",480
CL0119-PYTHON-MENTHE,"Hot Collections/Daffodile",490
CL0119-PYTHON-ROCCIA,"Hot Collections/Daffodile",500
CL0119-ROUGE-LIPSTICK,"Hot Collections/Daffodile",510
CL0119-SAHARA,"Hot Collections/Daffodile",520
CL0119-SATIN-BLUE,"Hot Collections/Daffodile",530
CL0119-SATIN-PLUM,"Hot Collections/Daffodile",540
CL0119-SILVER,"Hot Collections/Daffodile",550
CL0119-SNAKESKIN,"Hot Collections/Daffodile",560
CL0119-SNAKESKIN-BLUE,"Hot Collections/Daffodile",570
CL0119-SNAKESKIN-GREEN,"Hot Collections/Daffodile",580
CL0119-SNAKESKIN-PINK,"Hot Collections/Daffodile",590
CL0119-STRASS-GOLD,"Hot Collections/Daffodile",600
CL0119-STRASS-HEMATITE,"Hot Collections/Daffodile",610
CL0119-SUEDE-BLACK,"Hot Collections/Daffodile",620
CL0119-SUEDE-PEACOCK,"Hot Collections/Daffodile",630
CL0119-SUEDE-VIOLETTE,"Hot Collections/Daffodile",640
CL0119-YELLOW,"Hot Collections/Daffodile",650
CL0233M-PIK-LAME,"Hot Collections/Pik Pik",660
CL0233M-PIK-NOIR,"Hot Collections/Pik Pik",670
CL0233-PIK-LAME,"Hot Collections/Pik Pik",680
CL0233-PIK-NOIR,"Hot Collections/Pik Pik",690
CL0233-RED-PIK,"Hot Collections/Pik Pik",700
CL0330-100MM-CAMEO,"Hot Collections/Pigalle",710
CL0330-100MM-NOIR,"Hot Collections/Pigalle",720
CL0330-BEIGE,"Hot Collections/Pigalle",730
CL0330-BLACK,"Hot Collections/Pigalle",740
CL0330-BLACK-LEATHER,"Hot Collections/Pigalle",750
CL0330-BLACK-PATENT,"Hot Collections/Pigalle",760
CL0330-BLUE-KHOL,"Hot Collections/Pigalle",770
CL0330-CORDE,"Hot Collections/Pigalle",780
CL0330-FLUO-PINK,"Hot Collections/Pigalle",790
CL0330-GLITTER-BLACK,"Hot Collections/Pigalle",800
CL0330-GLITTER-GOLD,"Hot Collections/Pigalle",810
CL0330-GLITTER-SILVER,"Hot Collections/Pigalle",820
CL0330-GRAFFITI-MULTICOLOR,"Hot Collections/Pigalle",830
CL0330-GRENADINE,"Hot Collections/Pigalle",840
CL0330-GRID-BLACK,"Hot Collections/Pigalle",850
CL0330-JAZZ-NUDE,"Hot Collections/Pigalle",860
CL0330-LACE-BEIGE,"Hot Collections/Pigalle",870
CL0330-MULTICOLOR,"Hot Collections/Pigalle",880
CL0330-MULTICOLOR-P,"Hot Collections/Pigalle",890
CL0330-NUDE,"Hot Collections/Pigalle",900
CL0330-NUDE-PATENT,"Hot Collections/Pigalle",910
CL0330-PATENT-BLACK,"Hot Collections/Pigalle",920
CL0330-PATENT-FLUO-YELLOW,"Hot Collections/Pigalle",930
CL0330-PATENT-JADE,"Hot Collections/Pigalle",940
CL0330-PATENT-PIVOINE,"Hot Collections/Pigalle",950
CL0330-PATENT-RED,"Hot Collections/Pigalle",960
CL0330-PATENT-YELLOW,"Hot Collections/Pigalle",970
CL0330-P-BLACK-ROSE,"Hot Collections/Pigalle",980
CL0330-PINK-GOLD,"Hot Collections/Pigalle",990
CL0330-PINKY,"Hot Collections/Pigalle",1000
CL0330-PLATO-BLACK,"Hot Collections/Pigalle",1010
CL0330-PLATO-GLITTER,"Hot Collections/Pigalle",1020
CL0330-PLATO-NATURALE,"Hot Collections/Pigalle",1030
CL0330-PLATO-NUDE,"Hot Collections/Pigalle",1040
CL0330-PLATO-PINK,"Hot Collections/Pigalle",1050
CL0330-PLATO-RED,"Hot Collections/Pigalle",1060
CL0330-PLATO-WHITE,"Hot Collections/Pigalle",1070
CL0330-POINTED-JADE,"Hot Collections/Pigalle",1080
CL0330-POINTED-NUDE,"Hot Collections/Pigalle",1090
CL0330-PRINTED-SAHARA,"Hot Collections/Pigalle",1100
CL0330-PSTRASS-BLACK,"Hot Collections/Pigalle",1110
CL0330-RED,"Hot Collections/Pigalle",1120
CL0330-RED-MARCH,"Hot Collections/Pigalle",1130
CL0330-SPIKE-PINK,"Hot Collections/Pigalle",1140
CL0330-SPIKES-ALLBLACK,"Hot Collections/Pigalle",1150
CL0330-SPIKES-BLACK,"Hot Collections/Pigalle",1160
CL0330-SPIKES-GOLD,"Hot Collections/Pigalle",1170
CL0330-SPIKES-HEMATITE,"Hot Collections/Pigalle",1180
CL0330-SPIKES-NAVY,"Hot Collections/Pigalle",1190
CL0330-SPIKES-NUDE,"Hot Collections/Pigalle",1200
CL0330-SPIKES-RED,"Hot Collections/Pigalle",1210
CL0330-SPIKE-WHITE,"Hot Collections/Pigalle",1220
CL0330-STUDDED-BLACK,"Hot Collections/Pigalle",1230
CL0330-WHITE,"Hot Collections/Pigalle",1240
CL0331-ALL-BLACK,"Hot Collections/Pigalle",1250
CL0331-BLACK,"Hot Collections/Pigalle",1260
CL0331-BLACK-LEATHER,"Hot Collections/Pigalle",1270
CL0331-BURGUNDY,"Hot Collections/Pigalle",1280
CL0331-GOLD,"Hot Collections/Pigalle",1290
CL0331-MULTICOLOR,"Hot Collections/Pigalle",1300
CL0331-NUDE,"Hot Collections/Pigalle",1310
CL0331-PINK,"Hot Collections/Pigalle",1320
CL0331-PRIMEVERE,"Hot Collections/Pigalle",1330
CL0331-PURPLE,"Hot Collections/Pigalle",1340
CL0331-SILVER,"Hot Collections/Pigalle",1350
CL0331-SPIKE-RED,"Hot Collections/Pigalle",1360
CL0331-SPIKES-BLACK,"Hot Collections/Pigalle",1370
CL0331-ZEBRA,"Hot Collections/Pigalle",1380
CL0496-BLACK,"Hot Collections/Pigalle",1390
CL0496-BLACK-STRASS,"Hot Collections/Pigalle",1400
CL0509-BLACK,"Hot Collections/Filo",1410
CL0509-BLACK-SUEDE,"Hot Collections/Filo",1420
CL0509-CARAIBES,"Hot Collections/Filo",1430
CL0509-GREEN,"Hot Collections/Filo",1440
CL0509-NUDE,"Hot Collections/Filo",1450
CL0509-NUDE-WATERSNAKE,"Hot Collections/Filo",1460
CL0509-PATENT-BLACK,"Hot Collections/Filo",1470
CL0509-ROSE-PARIS,"Hot Collections/Filo",1480
CL0509-SILVER,"Hot Collections/Filo",1490
CL0509-SUEDE-VIOLET,"Hot Collections/Filo",1500
CL0548-BLACK,"Hot Collections/Zoulou",1510
CL0548-NUDE,"Hot Collections/Zoulou",1520
CL0629-BABY-PINK,"Hot Collections/Pigalle",1530
CL0629-NUDE,"Hot Collections/Pigalle",1540
CL0629-ROSE-PARIS,"Hot Collections/Pigalle",1550
CL0647-SILVER,"Hot Collections/Pik Pik",1560
CL0717-BLACK,"Hot Collections/So Kate",1570
CL0717-BLACK-BROWN,"Hot Collections/So Kate",1580
CL0717-BLACK-PYTHON,"Hot Collections/So Kate",1590
CL0717-BLACK-SUEDE,"Hot Collections/So Kate",1600
CL0717-BLUE,"Hot Collections/So Kate",1610
CL0717-CHOCOLATE,"Hot Collections/So Kate",1620
CL0717-DUNE,"Hot Collections/So Kate",1630
CL0717-EVEQUE,"Hot Collections/So Kate",1640
CL0717-FOREST,"Hot Collections/So Kate",1650
CL0717-GLACIER,"Hot Collections/So Kate",1660
CL0717-GOLDEN,"Hot Collections/So Kate",1670
CL0717-GRENADINE,"Hot Collections/So Kate",1680
CL0717-LEA,"Hot Collections/So Kate",1690
CL0717-LICHEN,"Hot Collections/So Kate",1700
CL0717-MAYA,"Hot Collections/So Kate",1710
CL0717-NUDE,"Hot Collections/So Kate",1720
CL0717-PURPLE,"Hot Collections/So Kate",1730
CL0717-RED,"Hot Collections/So Kate",1740
CL0717-SAFKI,"Hot Collections/So Kate",1750
CL0717-SEA-GREEN,"Hot Collections/So Kate",1760
CL0717-TURQUOISE,"Hot Collections/So Kate",1770
CL0721-NUDE,"Hot Collections/Printz",1780
CL0737-SILVER,"Hot Collections/Gwynitta",1790
CL0747-BLACK,"Hot Collections/Body Strass",1800
CL0747-GRENADINE,"Hot Collections/Body Strass",1810
CL0747-GRENADINE-RED,"Hot Collections/Body Strass",1820
CL0750-ANIS,"Hot Collections/So Kate",1830
CL0750-BLACK,"Hot Collections/So Kate",1840
CL0750-RED,"Hot Collections/So Kate",1850
CL0750-WHITE,"Hot Collections/So Kate",1860
CL0766-GOLD,"Hot Collections/Pigalle",1870
CL0766-SILVER,"Hot Collections/Pigalle",1880
CL0782-POUDRE,"Hot Collections/Body Strass",1890
