产品型号,分类路径,排序
CL0001-BLACK,Women/Sandals,10
CL0001-LIGHT-PEACH,Women/Sandals,20
CL0001-MULTICOLOR,Women/Sandals,30
CL0003-BLACK,Women/Sandals,40
CL0003-PURPLE,Women/Sandals,50
CL0004-WHITE,Women/Sandals,60
CL0004-YELLOW,Women/Sandals,70
CL0005-BLACK,Women/Platforms/High,80
CL0005-NUDE,Women/Platforms/High,90
CL0006-BLACK,"Women/Boots/Tall Boots",100
CL0010-BLACK,Women/Wedges,110
CL0010-BLUE,Women/Wedges,120
CL0010-BROWN,Women/Wedges,130
CL0010-CHOCOLATE,Women/Wedges,140
CL0010-FRAMBOISE,Women/Wedges,150
CL0010-NUDE,Women/Wedges,160
CL0010-RED,Women/Wedges,170
CL0010-SLIDES,Women/Wedges,180
CL0011-LEOPARD,"Women/Boots/Tall Boots",190
CL0013-BLACK,"Women/Platforms/Sky High",200
CL0013-BROWN,"Women/Platforms/Sky High",210
CL0013-NUDE-BLACK,"Women/Platforms/Sky High",220
CL0014-BLACK,"Women/Boots/Tall Boots",230
CL0014-RED,"Women/Boots/Tall Boots",240
CL0015-BLACK,"Women/Boots/Tall Boots",250
CL0015-CREAM,"Women/Boots/Tall Boots",260
CL0016-BLACK,Women/Sandals,270
CL0017-SILVER,"Women/Bridal Shoes",280
CL0018-BLACK,"Women/Platforms/Sky High",290
CL0018-BLUE-POWDER,"Women/Platforms/Sky High",300
CL0018-GREEN,"Women/Platforms/Sky High",310
CL0018-NUDE,"Women/Platforms/Sky High",320
CL0018-PINK-POWDER,"Women/Platforms/Sky High",330
CL0018-SOURIS,"Women/Platforms/Sky High",340
CL0018-WATERSNAKE-BLACK,"Women/Platforms/Sky High",350
CL0018-WATERSNAKE-CHOCOLATE,"Women/Platforms/Sky High",360
CL0020-BLACK,"Women/Pumps/Sky High",370
CL0020-BLACK-PATENT,"Women/Pumps/Sky High",380
CL0020-BLUE,"Women/Pumps/Sky High",390
CL0020-ECLIPSE,Women/Pumps/High,400
CL0020-NATURAL-GOLD,"Women/Pumps/Sky High",410
CL0020-NUDE,"Women/Pumps/Sky High",420
CL0020-SILVER,"Women/Pumps/Sky High",430
CL0020-SPIKES-BLACK,"Women/Pumps/Sky High",440
CL0020-SPIKES-NUDE,"Women/Pumps/Sky High",450
CL0020-TAUPE-GREY,"Women/Pumps/Sky High",460
CL0021-GREEN,"Women/Boots/Ankle Boots",470
CL0021-PURPLE,"Women/Boots/Ankle Boots",480
CL0022-BLACK,Women/Sandals,490
CL0022-PLUM,Women/Sandals,500
CL0023-BLACK,Women/Sandals,510
CL0023-WHITE,Women/Sandals,520
CL0024-BLACK,Women/Sandals,530
CL0024-PLUM,Women/Sandals,540
CL0025-BLACK,Women/Pumps/High,550
CL0028-BLACK,Women/Sandals,560
CL0028-FUXIA,Women/Sandals,570
CL0028-WHITE,Women/Sandals,580
CL0030-BLACK,"Women/Pumps/Sky High",590
CL0030-BROWN,"Women/Pumps/Sky High",600
CL0030-GLITTER-BLACK,"Women/Pumps/Sky High",610
CL0030-NUDE,"Women/Pumps/Sky High",620
CL0030-PINK,"Women/Pumps/Sky High",630
CL0030-TURQUOISE,"Women/Pumps/Sky High",640
CL0032-BLACK,Women/Flats/Sandals,650
CL0032-GOLD,Women/Flats/Sandals,660
CL0032-RED,Women/Flats/Sandals,670
CL0032-WHITE,Women/Flats/Sandals,680
CL0033-BLACK,Women/Sandals,690
CL0033-GOLD,Women/Sandals,700
CL0033-GREEN,Women/Sandals,710
CL0033-SILVER,Women/Sandals,720
CL0034-SILVER,"Women/Bridal Shoes",730
CL0034-WHITE-SILVER,"Women/Bridal Shoes",740
CL0037-BLACK,Women/Flats/Ballerinas,750
CL0037-RED,Women/Flats/Ballerinas,760
CL0038-BLACK,Women/Sandals,770
CL0038-BLUE,Women/Sandals,780
CL0038-GLITTER-BLACK,Women/Sandals,790
CL0038-MULTICOLOR,Women/Sandals,800
CL0038-PINK-GOLD,Women/Sandals,810
CL0038-ROSE,Women/Sandals,820
CL0039-AMETHYSTE,"Women/Platforms/Sky High",830
CL0039-INDIGO,"Women/Platforms/Sky High",840
CL0040-BLACK,"Women/Platforms/Sky High",850
CL0040-NUDE,"Women/Platforms/Sky High",860
CL0040-PINK,"Women/Platforms/Sky High",870
CL0040-RED,"Women/Platforms/Sky High",880
CL0040-TARTEN-BLUE,"Women/Platforms/Sky High",890
CL0041-BEIGE,"Women/Platforms/Sky High",900
CL0041-PYTHON,"Women/Platforms/Sky High",910
CL0043-BEIGE,Women/Pumps/High,920
CL0043-COFFEE,Women/Pumps/High,930
CL0043-YELLOW,Women/Pumps/High,940
CL0044-BLUE,"Women/Boots/Ankle Boots",950
CL0044-CAMEL,"Women/Boots/Ankle Boots",960
CL0044-EVEQUE,"Women/Boots/Ankle Boots",970
CL0044-LEOPARD,"Women/Boots/Ankle Boots",980
CL0044-LEOPARD-PRINTED,"Women/Boots/Ankle Boots",990
CL0044-PURPLE,"Women/Boots/Ankle Boots",1000
CL0044-PYTHON-BLACK,"Women/Boots/Ankle Boots",1010
CL0044-SUEDE-BLACK,"Women/Boots/Ankle Boots",1020
CL0044-SUEDE-COFFEE,"Women/Boots/Ankle Boots",1030
CL0045-SILVER,Women/Sandals,1040
CL0045-WHITE,Women/Sandals,1050
CL0046-120MM-BLACK,"Women/Pumps/Sky High",1060
CL0046-140MM-BLACK,"Women/Pumps/Sky High",1070
CL0046-AMETHYSTE,"Women/Pumps/Sky High",1080
CL0046-BLACK,"Women/Pumps/Sky High",1090
CL0046-BLACK-LEATHER,"Women/Pumps/Sky High",1100
CL0046-BLACK-SUEDE,"Women/Pumps/Sky High",1110
CL0046-BLUE,"Women/Pumps/Sky High",1120
CL0046-COFFEE,"Women/Pumps/Sky High",1130
CL0046-CORK,"Women/Pumps/Sky High",1140
CL0046-GREY,"Women/Pumps/Sky High",1150
CL0046-LEATHER-BLACK,"Women/Pumps/Sky High",1160
CL0046-LEOPARD-PRINT,"Women/Pumps/Sky High",1170
CL0046-LIGHT-COFFEE,"Women/Pumps/Sky High",1180
CL0046-NUDE,"Women/Pumps/Sky High",1190
CL0046-NUDE-PATENT,"Women/Pumps/Sky High",1200
CL0046-PINK,"Women/Pumps/Sky High",1210
CL0046-PIVOINE,"Women/Pumps/Sky High",1220
CL0046-PURPLE,"Women/Pumps/Sky High",1230
CL0046-PYTHON-RED,"Women/Pumps/Sky High",1240
CL0046-RED,"Women/Pumps/Sky High",1250
CL0046-ROSE-PARIS,"Women/Pumps/Sky High",1260
CL0046-SUEDE-NAVY,"Women/Pumps/Sky High",1270
CL0046-SUEDE-NUDE,"Women/Pumps/Sky High",1280
CL0046-TURQUOISE,"Women/Pumps/Sky High",1290
CL0047-BLACK,"Women/Boots/Tall Boots",1300
CL0047-BLACK-SUEDE,"Women/Boots/Tall Boots",1310
CL0048-BLACK-LEATHER,"Women/Pumps/Sky High",1320
CL0049-AMETHYST,"Women/Pumps/Sky High",1330
CL0049-BLACK,"Women/Pumps/Sky High",1340
CL0049-BLACK-120MM,"Women/Pumps/Sky High",1350
CL0049-BROWN,"Women/Pumps/Sky High",1360
CL0049-CAMEL,"Women/Pumps/Sky High",1370
CL0049-CHOCOLATE,"Women/Pumps/Sky High",1380
CL0049-ENGLISH-GREEN,"Women/Pumps/Sky High",1390
CL0049-GLITTER-GOLD,"Women/Pumps/Sky High",1400
CL0049-NUDE,"Women/Pumps/Sky High",1410
CL0049-PIVOINE,"Women/Pumps/Sky High",1420
CL0049-RED,"Women/Pumps/Sky High",1430
CL0049-SUEDE-BLACK,"Women/Pumps/Sky High",1440
CL0049-TARTAN-RED,"Women/Pumps/Sky High",1450
CL0050-PRINTED,Women/Flats/Ballerinas,1460
CL0050-WHITE,Women/Flats/Ballerinas,1470
CL0053-BLACK,"Women/Boots/Tall Boots",1480
CL0054-BLACK,Women/Sandals,1490
CL0056-BLACK,Women/Flats/Ballerinas,1500
CL0056-PURPLE,Women/Flats/Ballerinas,1510
CL0056-ROSE,Women/Flats/Ballerinas,1520
CL0056-SKY-BLUE,Women/Flats/Ballerinas,1530
CL0057-BLACK,"Women/Boots/Ankle Boots",1540
CL0057-LEOPARD,"Women/Boots/Ankle Boots",1550
CL0059-GREY,"Women/Pumps/Sky High",1560
CL0059-RED,"Women/Pumps/Sky High",1570
CL0060-BLACK,"Women/Platforms/Sky High",1580
CL0060-RED,"Women/Platforms/Sky High",1590
CL0061-BLACK,"Women/Pumps/Sky High",1600
CL0061-BLUE,"Women/Pumps/Sky High",1610
CL0061-GREEN,"Women/Pumps/Sky High",1620
CL0061-ORANGE,"Women/Pumps/Sky High",1630
CL0061-PURPLE,"Women/Pumps/Sky High",1640
CL0061-RED,"Women/Pumps/Sky High",1650
CL0061-SILVER,"Women/Pumps/Sky High",1660
CL0061-YELLOW,"Women/Pumps/Sky High",1670
CL0064-APRICOT,Women/Sandals,1680
CL0064-BEIGE,Women/Sandals,1690
CL0064-BLACK,Women/Sandals,1700
CL0064-PYTHON-BLACK,Women/Sandals,1710
CL0065-GOLD,"Women/Pumps/Sky High",1720
CL0065-RED,"Women/Pumps/Sky High",1730
CL0065-SILVER,"Women/Pumps/Sky High",1740
CL0066-BLACK,"Women/Platforms/Sky High",1750
CL0066-BLUE,"Women/Platforms/Sky High",1760
CL0066-PINK,"Women/Platforms/Sky High",1770
CL0066-RED,"Women/Platforms/Sky High",1780
CL0066-TUTU,"Women/Platforms/Sky High",1790
CL0068-BLACK,Women/Sandals,1800
CL0068-CAMEL,Women/Sandals,1810
CL0068-WHITE,Women/Sandals,1820
CL0068-YELLOW,Women/Sandals,1830
CL0069-BLACK,Women/Platforms/High,1840
CL0069-SILVER,Women/Platforms/High,1850
CL0070-BLACK-SUEDE,"Women/Boots/Tall Boots",1860
CL0070-LEATHER-BLACK,"Women/Boots/Tall Boots",1870
CL0070-LEOPORD,"Women/Boots/Tall Boots",1880
CL0071-BLACK,"Women/Boots/Ankle Boots",1890
CL0071-WHITE,"Women/Boots/Ankle Boots",1900
CL0072-BLACK,Women/Sandals,1910
CL0072-RED,Women/Sandals,1920
CL0073-BLACK,Women/Sandals,1930
CL0073-GOLD,Women/Sandals,1940
CL0076-BLACK,Women/Platforms/High,1950
CL0076-BURGUNDY,Women/Platforms/High,1960
CL0076-NUDE,Women/Platforms/High,1970
CL0078-AFRICA,"Women/Pumps/Sky High",1980
CL0078-BEIGE,"Women/Pumps/Sky High",1990
CL0078-BLACK,"Women/Pumps/Sky High",2000
CL0080-BROWN,Women/Wedges,2010
CL0080-IVORY,Women/Wedges,2020
CL0081-BLACK,"Women/Pumps/Sky High",2030
CL0081-BLACK-RED,"Women/Pumps/Sky High",2040
CL0081-RED-BLUE,"Women/Pumps/Sky High",2050
CL0082-ALL-BLACK,Women/Flats/Ballerinas,2060
CL0082-BLACK,Women/Flats/Ballerinas,2070
CL0082-RED,Women/Flats/Ballerinas,2080
CL0083-BLACK,Women/Pumps/High,2090
CL0083-RED,Women/Pumps/High,2100
CL0084-BEIGE,Women/Platforms/High,2110
CL0084-BLACK,Women/Platforms/High,2120
CL0085-BLACK,Women/Sandals,2130
CL0085-SILVER,Women/Sandals,2140
CL0085-WHITE,Women/Sandals,2150
CL0089-ARGENT,"Women/Boots/Tall Boots",2160
CL0089-BROWN,"Women/Boots/Tall Boots",2170
CL0089-BROWN-CROSTA,"Women/Boots/Tall Boots",2180
CL0089-TAUPE,"Women/Boots/Tall Boots",2190
CL0091-BLACK,Women/Platforms/High,2200
CL0093-BLACK,Women/Sandals,2210
CL0093-BLUE,Women/Sandals,2220
CL0093-MINT,Women/Sandals,2230
CL0093-PINK,Women/Sandals,2240
CL0095-BLACK,"Women/Boots/Ankle Boots",2250
CL0096-ELEFANTE,"Women/Platforms/Sky High",2260
CL0096-ROCCIA,"Women/Platforms/Sky High",2270
CL0098-BLACK,Women/Pumps/High,2280
CL0098-BLACK-GLITTER,Women/Pumps/High,2290
CL0098-GLITTER-SILVER,Women/Pumps/High,2300
CL0098-RED,Women/Pumps/High,2310
CL0099-WHITE,Women/Platforms/High,2320
CL0101-BLACK,Women/Sandals,2330
CL0102-BLUE,Women/Sandals,2340
CL0104-BLACK,"Women/Platforms/Sky High",2350
CL0104-PINK,"Women/Platforms/Sky High",2360
CL0107-NATUERAL,"Women/Platforms/Sky High",2370
CL0108-BLACK,Women/Pumps/High,2380
CL0108-BLACK-100MM,Women/Pumps/High,2390
CL0108-LIGHT-GREY,Women/Pumps/High,2400
CL0108-NUDE,Women/Pumps/High,2410
CL0108-OFF-WHITE,Women/Pumps/High,2420
CL0108-PATENT-BLACK,Women/Pumps/High,2430
CL0108-PIVOINE,Women/Pumps/High,2440
CL0108-RED,Women/Pumps/High,2450
CL0108-SATIN-TURQUOISE,Women/Pumps/High,2460
CL0109-MULTICOLOR,"Women/Bridal Shoes",2470
CL0109-NUDE,"Women/Bridal Shoes",2480
CL0110-BEIGE,Women/Sandals,2490
CL0110-BLACK,Women/Sandals,2500
CL0111-AMETHYSTE,Women/Sandals,2510
CL0111-BLACK,Women/Sandals,2520
CL0113-BLACK,Women/Sandals,2530
CL0113-BLACK-GLITTER,Women/Sandals,2540
CL0113-BLACK-YELLOW,Women/Sandals,2550
CL0113-PURPLE,Women/Sandals,2560
CL0114-ORANGE,Women/Wedges,2570
CL0114-RED,Women/Wedges,2580
CL0114-TURQUOISE,Women/Wedges,2590
CL0115-BLACK,Women/Sandals,2600
CL0115-NUDE,Women/Sandals,2610
CL0115-WHITE,Women/Sandals,2620
CL0116-BLACK,"Women/Boots/Ankle Boots",2630
CL0116-LEOPARD,"Women/Boots/Ankle Boots",2640
CL0116-MULTICOLOR,"Women/Boots/Ankle Boots",2650
CL0116-RED,"Women/Boots/Ankle Boots",2660
CL0116-SUEDE-BLACK,"Women/Boots/Ankle Boots",2670
CL0116-TARTAN-BLUE,"Women/Boots/Ankle Boots",2680
CL0117-BLACK,"Women/Pumps/Sky High",2690
CL0117-BROWN,"Women/Pumps/Sky High",2700
CL0117-NUDE,"Women/Pumps/Sky High",2710
CL0118-AMETHYSTE,"Women/Pumps/Sky High",2720
CL0118-BLACK,"Women/Pumps/Sky High",2730
CL0118-BLUE,"Women/Pumps/Sky High",2740
CL0118-CAMEO-ROSE,"Women/Pumps/Sky High",2750
CL0118-DARK-BLUE,"Women/Pumps/Sky High",2760
CL0118-HOT-PINK,"Women/Pumps/Sky High",2770
CL0118-LEMON,"Women/Pumps/Sky High",2780
CL0118-LEOPARD,"Women/Pumps/Sky High",2790
CL0118-SUEDE-GREY,"Women/Pumps/Sky High",2800
CL0118-TAUPE-SUEDE,"Women/Pumps/Sky High",2810
CL0118-TURQUOISE,"Women/Pumps/Sky High",2820
CL0118-YELLOW,"Women/Pumps/Sky High",2830
CL0119-BEIGE,"Women/Pumps/Sky High",2840
CL0119-BLACK,"Women/Pumps/Sky High",2850
CL0119-BLEU-SAPHIR,"Women/Pumps/Sky High",2860
CL0119-BLUE,"Women/Bridal Shoes",2870
CL0119-BOREALE-GOLD,"Women/Bridal Shoes",2880
CL0119-BROWN,"Women/Pumps/Sky High",2890
CL0119-CHAIN-MULTICOLOR,"Women/Pumps/Sky High",2900
CL0119-CROCO-BLACK,"Women/Pumps/Sky High",2910
CL0119-CROCO-PATCHWORK,"Women/Pumps/Sky High",2920
CL0119-CROCO-PATCHWORKS,"Women/Pumps/Sky High",2930
CL0119-CROCO-TAN,"Women/Pumps/Sky High",2940
CL0119-FUCHSIA,"Women/Pumps/Sky High",2950
CL0119-GEEK,"Women/Pumps/Sky High",2960
CL0119-GLITTER-BLACK,"Women/Pumps/Sky High",2970
CL0119-GOLD,"Women/Pumps/Sky High",2980
CL0119-GREEN,"Women/Pumps/Sky High",2990
CL0119-GREEN-STRASS,"Women/Pumps/Sky High",3000
CL0119-JACQUARD-LEOPARD,"Women/Pumps/Sky High",3010
CL0119-LACE-BLACK,"Women/Pumps/Sky High",3020
CL0119-LACE-GREEN,"Women/Pumps/Sky High",3030
CL0119-LACE-GREY,"Women/Pumps/Sky High",3040
CL0119-LACE-WHITE,"Women/Pumps/Sky High",3050
CL0119-LAME-GOLD,"Women/Pumps/Sky High",3060
CL0119-LEATHER-NUDE,"Women/Pumps/Sky High",3070
CL0119-MERIDIAN-BLUE,"Women/Pumps/Sky High",3080
CL0119-MULTICOLOR,"Women/Pumps/Sky High",3090
CL0119-NATURALE,"Women/Pumps/Sky High",3100
CL0119-PANAMA-BLACK,"Women/Pumps/Sky High",3110
CL0119-PATENT-WHITE,"Women/Pumps/Sky High",3120
CL0119-PINK,"Women/Pumps/Sky High",3130
CL0119-PIVOINE,"Women/Pumps/Sky High",3140
CL0119-PLUM,"Women/Pumps/Sky High",3150
CL0119-PONY-ZEBRA,"Women/Pumps/Sky High",3160
CL0119-PURPLE,"Women/Pumps/Sky High",3170
CL0119-PYTHON-GREY,"Women/Pumps/Sky High",3180
CL0119-PYTHON-MENTHE,"Women/Pumps/Sky High",3190
CL0119-PYTHON-ROCCIA,"Women/Pumps/Sky High",3200
CL0119-ROUGE-LIPSTICK,"Women/Pumps/Sky High",3210
CL0119-SAHARA,"Women/Pumps/Sky High",3220
CL0119-SATIN-BLUE,"Women/Pumps/Sky High",3230
CL0119-SATIN-PLUM,"Women/Pumps/Sky High",3240
CL0119-SILVER,"Women/Bridal Shoes",3250
CL0119-SNAKESKIN,"Women/Pumps/Sky High",3260
CL0119-SNAKESKIN-BLUE,"Women/Pumps/Sky High",3270
CL0119-SNAKESKIN-GREEN,"Women/Pumps/Sky High",3280
CL0119-SNAKESKIN-PINK,"Women/Pumps/Sky High",3290
CL0119-STRASS-GOLD,"Women/Bridal Shoes",3300
CL0119-STRASS-HEMATITE,"Women/Bridal Shoes",3310
CL0119-SUEDE-BLACK,"Women/Pumps/Sky High",3320
CL0119-SUEDE-PEACOCK,"Women/Pumps/Sky High",3330
CL0119-SUEDE-VIOLETTE,"Women/Pumps/Sky High",3340
CL0119-YELLOW,"Women/Bridal Shoes",3350
CL0120-BLACK,"Women/Pumps/Sky High",3360
CL0120-BLUE,"Women/Pumps/Sky High",3370
CL0120-CHARTREUSE,"Women/Pumps/Sky High",3380
CL0120-HOT-PINK,"Women/Pumps/Sky High",3390
CL0120-RED,"Women/Pumps/Sky High",3400
CL0120-TAUPE,"Women/Pumps/Sky High",3410
CL0120-YELLOW,"Women/Pumps/Sky High",3420
CL0121-BEIGE,"Women/Pumps/Sky High",3430
CL0121-BLACK,"Women/Pumps/Sky High",3440
CL0121-GLITTE-BLACK,"Women/Pumps/Sky High",3450
CL0121-GOLD,"Women/Pumps/Sky High",3460
CL0121-GOLD-GLITTER,"Women/Pumps/Sky High",3470
CL0122-BLACK-SUEDE,Men/Derbies,3480
CL0122M-AFRICA,Men/Derbies,3490
CL0122M-ANTHRACITE,Men/Derbies,3500
CL0122M-BLACK,Men/Derbies,3510
CL0122M-BROWN,Men/Derbies,3520
CL0123-BLACK,Women/Pumps/High,3530
CL0123-BLACK-554,Women/Pumps/High,3540
CL0123-CANARI,Women/Pumps/High,3550
CL0123-CYCLAMEN,Women/Pumps/High,3560
CL0123-JAZZ-BLACK,Women/Pumps/High,3570
CL0123-LEOPARD,Women/Pumps/High,3580
CL0123-NUDE,Women/Pumps/High,3590
CL0123-NUDE-RED,Women/Pumps/High,3600
CL0123-PATENT-BLACK,Women/Pumps/High,3610
CL0123-PYTHON,Women/Pumps/High,3620
CL0123-RED,Women/Pumps/High,3630
CL0123-STRASS-GOLD,"Women/Bridal Shoes",3640
CL0123-STRASS-SILVER,"Women/Bridal Shoes",3650
CL0123-W-BLACK,Women/Pumps/High,3660
CL0123-WINE-RED,Women/Pumps/High,3670
CL0124-BLACK,"Women/Platforms/Sky High",3680
CL0125-BLACK,Women/Pumps/High,3690
CL0125-COBRA,Women/Pumps/High,3700
CL0125-JADE,Women/Pumps/High,3710
CL0125-NUDE,Women/Pumps/High,3720
CL0125-ROSE,Women/Pumps/High,3730
CL0126-CAMEL,Women/Pumps/High,3740
CL0126-LEMON,Women/Pumps/High,3750
CL0127-BEIGE,Women/Sandals,3760
CL0127-BLACK,Women/Sandals,3770
CL0128-BLUE,Women/Wedges,3780
CL0129-IVORY,Women/Sandals,3790
CL0130-SAND,"Women/Boots/Ankle Boots",3800
CL0133-BLACK,Women/Sandals,3810
CL0133-CHOCOLATE,Women/Sandals,3820
CL0133-ORANGE,Women/Sandals,3830
CL0133-PINK,Women/Sandals,3840
CL0133-RED,Women/Sandals,3850
CL0133-SILVER,Women/Sandals,3860
CL0133-YELLOW,Women/Sandals,3870
CL0134-BLACK,"Women/Boots/Ankle Boots",3880
CL0134-MEKONG,"Women/Boots/Ankle Boots",3890
CL0134-RED,"Women/Boots/Ankle Boots",3900
CL0135-BLACK,Women/Sandals,3910
CL0135-CHAMPAGNE,Women/Sandals,3920
CL0135-NAVY,Women/Sandals,3930
CL0135-RED,Women/Sandals,3940
CL0136-BLACK,Women/Sandals,3950
CL0137-RED,Women/Sandals,3960
CL0138-LEOPARD-PRINTED,Women/Pumps/High,3970
CL0139-BLACK,"Women/Pumps/Sky High",3980
CL0139-NUDE,"Women/Pumps/Sky High",3990
CL0141-TAN,"Women/Boots/Tall Boots",4000
CL0142-85MM-NUDE,Women/Pumps/High,4010
CL0142-BEIGE,Women/Pumps/High,4020
CL0142-BLACK,Women/Pumps/High,4030
CL0142-CAMEL,Women/Pumps/High,4040
CL0142-PINK,Women/Pumps/High,4050
CL0142-SILVER,"Women/Bridal Shoes",4060
CL0144-BLACK,"Women/Pumps/Sky High",4070
CL0144-BLUE,"Women/Pumps/Sky High",4080
CL0144-WHITE,"Women/Pumps/Sky High",4090
CL0145-BROWN,Women/Wedges,4100
CL0146-ALL-BLACK,"Women/Platforms/Sky High",4110
CL0146-BEIGE,"Women/Platforms/Sky High",4120
CL0146-BLACK,"Women/Platforms/Sky High",4130
CL0146-GLITTER-PLATINE,"Women/Platforms/Sky High",4140
CL0146-NUDE,"Women/Platforms/Sky High",4150
CL0146-PLATINE,"Women/Platforms/Sky High",4160
CL0147-BEIGE,"Women/Platforms/Sky High",4170
CL0147-BLACK,"Women/Platforms/Sky High",4180
CL0152-BLACK-WHITE,Women/Pumps/High,4190
CL0152-CAMEO-ROSE,Women/Pumps/High,4200
CL0152-GLITTERED-SILVER,"Women/Bridal Shoes",4210
CL0152-GLITTER-NUDE,"Women/Bridal Shoes",4220
CL0152-GLITTER-SILVER,"Women/Bridal Shoes",4230
CL0152-GREY-FLANNEL,Women/Pumps/High,4240
CL0152-LACE,Women/Pumps/High,4250
CL0152-LIGHT-PEACH,"Women/Bridal Shoes",4260
CL0152-MULTICOLOR,"Women/Bridal Shoes",4270
CL0152-NUDE,Women/Pumps/High,4280
CL0152-NUDE-STRASS,"Women/Bridal Shoes",4290
CL0152-PATENT-BLACK,Women/Pumps/High,4300
CL0152-PATENT-NUDE,Women/Pumps/High,4310
CL0152-PIVOINE,Women/Pumps/High,4320
CL0152-PYTHON-SILVER,"Women/Bridal Shoes",4330
CL0152-RED-FLAME,Women/Pumps/High,4340
CL0152-SILVER,"Women/Bridal Shoes",4350
CL0152-SPIKE-BLACK,Women/Pumps/High,4360
CL0152-SPIKE-CORDE,Women/Pumps/High,4370
CL0152-SPIKE-NUDE,Women/Pumps/High,4380
CL0152-SPIKE-ROSE,Women/Pumps/High,4390
CL0152-STRASS-ARGENT,"Women/Bridal Shoes",4400
CL0152-STRASS-CRISTAL,"Women/Bridal Shoes",4410
CL0152-STRASS-GOLD,"Women/Bridal Shoes",4420
CL0152-VOLCANO,"Women/Bridal Shoes",4430
CL0155-BLACK,"Women/Pumps/Sky High",4440
CL0155-GREY,"Women/Pumps/Sky High",4450
CL0155-RED-WINE,"Women/Pumps/Sky High",4460
CL0155-SILVER,"Women/Pumps/Sky High",4470
CL0156-BLACK,Women/Sandals,4480
CL0156-GOLD,Women/Sandals,4490
CL0156-NUDE,Women/Sandals,4500
CL0156-ROSE,Women/Sandals,4510
CL0156-SILVER,Women/Sandals,4520
CL0159-GINGHAM,Women/Wedges,4530
CL0160M-ALL-BLACK,Men/Derbies,4540
CL0160M-ALL-WHITE,Men/Derbies,4550
CL0160M-BLACK,Men/Derbies,4560
CL0160M-LACE-BLACK,Men/Derbies,4570
CL0161M-LIGHT-BROWN,Men/Derbies,4580
CL0161M-TAUPE,Men/Derbies,4590
CL0162-GOLD,Women/Sandals,4600
CL0164-BLACK,Women/Sandals,4610
CL0164-PINK,Women/Sandals,4620
CL0164-PURPLE,Women/Sandals,4630
CL0166-SILVER,Women/Sandals,4640
CL0168-BROWN,"Women/Boots/Tall Boots",4650
CL0168-LEATHER-BLACK,"Women/Boots/Tall Boots",4660
CL0168-SUEDE-BLACK,"Women/Boots/Tall Boots",4670
CL0168-SUEDE-CHOCOLATE,"Women/Boots/Tall Boots",4680
CL0170-ARGENTO,"Women/Platforms/Sky High",4690
CL0170-NUDE,"Women/Platforms/Sky High",4700
CL0172M-BLACK,Men/Derbies,4710
CL0176-CAMEL,"Women/Platforms/Sky High",4720
CL0176-NATURAL,"Women/Platforms/Sky High",4730
CL0176-WHITE,"Women/Platforms/Sky High",4740
CL0178-BLACK,"Women/Pumps/Sky High",4750
CL0178-NUDE,"Women/Pumps/Sky High",4760
CL0180M-BLACK,Men/Derbies,4770
CL0180M-LATTE,Men/Derbies,4780
CL0180M-NAVY,Men/Derbies,4790
CL0181-GLITTER-BLACK,"Women/Bridal Shoes",4800
CL0181-GLITTER-MULTICOLOR,"Women/Bridal Shoes",4810
CL0181-GLITTER-SILVER,"Women/Bridal Shoes",4820
CL0181-PATENT-BLACK,Women/Pumps/High,4830
CL0181-PATENT-CARAMEL,Women/Pumps/High,4840
CL0181-PATENT-PINK,Women/Pumps/High,4850
CL0181-PATENT-TAUPE,Women/Pumps/High,4860
CL0182M-BLACK,Men/Derbies,4870
CL0182M-SPIKES-BLACK,Men/Derbies,4880
CL0182M-SUEDE-BLACK,Men/Derbies,4890
CL0184-BLACK,"Women/Platforms/Sky High",4900
CL0184-CORK,"Women/Platforms/Sky High",4910
CL0184-GOLD,"Women/Platforms/Sky High",4920
CL0184-GOLDEN,"Women/Bridal Shoes",4930
CL0184-NUDE,"Women/Platforms/Sky High",4940
CL0184-PATENT-BLACK,"Women/Platforms/Sky High",4950
CL0184-P-BLACK-RED,"Women/Platforms/Sky High",4960
CL0184-PYTHON,"Women/Platforms/Sky High",4970
CL0184-SILVER,"Women/Bridal Shoes",4980
CL0184-SUEDE-BLACK,"Women/Platforms/Sky High",4990
CL0184-SUEDE-LEOPARD,"Women/Platforms/Sky High",5000
CL0184-SUEDE-ORANGE,"Women/Platforms/Sky High",5010
CL0184-SUEDE-PINK,"Women/Platforms/Sky High",5020
CL0184-WRINKLE-BLACK,"Women/Platforms/Sky High",5030
CL0185-ACAJOU,"Women/Boots/Tall Boots",5040
CL0185-BLACK,"Women/Boots/Tall Boots",5050
CL0185-MANDARIN-RED,"Women/Boots/Tall Boots",5060
CL0187-GOLD,"Women/Bridal Shoes",5070
CL0187-NUDE,Women/Platforms/High,5080
CL0187-PATENT-BLACK,Women/Platforms/High,5090
CL0187-WHITE,Women/Platforms/High,5100
CL0188-GOLD,Women/Sandals,5110
CL0188-SILVER,Women/Sandals,5120
CL0189-BLACK,Women/Pumps/High,5130
CL0189-NUDE,Women/Pumps/High,5140
CL0190-BLACK-LEATHER,Men/Derbies,5150
CL0190M-BLACK,Men/Derbies,5160
CL0190M-BLUE,Men/Derbies,5170
CL0190M-DARK-RED,Men/Derbies,5180
CL0190M-FLANNEL,Men/Derbies,5190
CL0190M-LEOPARD,Men/Derbies,5200
CL0190M-M-BLACK,Men/Derbies,5210
CL0190M-RED,Men/Derbies,5220
CL0190M-ZEBRA,Men/Derbies,5230
CL0192-BLACK,"Women/Pumps/Sky High",5240
CL0192-BRONZE,"Women/Pumps/Sky High",5250
CL0192-GOLD,"Women/Pumps/Sky High",5260
CL0193-BLUE,Women/Sandals,5270
CL0193-GOLD,Women/Sandals,5280
CL0193-SILVER,Women/Sandals,5290
CL0195-BLACK,"Women/Platforms/Sky High",5300
CL0195-GREY,"Women/Platforms/Sky High",5310
CL0195-PURPLE,"Women/Platforms/Sky High",5320
CL0196-BAZIN,"Women/Platforms/Sky High",5330
CL0196-BLACK,"Women/Platforms/Sky High",5340
CL0196-BLACK-SUEDE,"Women/Platforms/Sky High",5350
CL0196-BLUE,Women/Sandals,5360
CL0196-FUXIA,"Women/Platforms/Sky High",5370
CL0196-GLITTER-SILVER,"Women/Platforms/Sky High",5380
CL0196-LEATHER-BLACK,"Women/Platforms/Sky High",5390
CL0196-LEATHER-NUDE,"Women/Platforms/Sky High",5400
CL0196-NAVY,"Women/Platforms/Sky High",5410
CL0196-NUDE,"Women/Platforms/Sky High",5420
CL0196-OFF-WHITE,"Women/Platforms/Sky High",5430
CL0196-PRINTED,"Women/Platforms/Sky High",5440
CL0196-ROSE,"Women/Platforms/Sky High",5450
CL0196-SILVER,Women/Sandals,5460
CL0196-SUEDE-RED,"Women/Platforms/Sky High",5470
CL0196-WHITE,"Women/Platforms/Sky High",5480
CL0198-BLACK,"Women/Pumps/Sky High",5490
CL0198-WHITE,"Women/Pumps/Sky High",5500
CL0200-BLACK,"Women/Pumps/Sky High",5510
CL0200-GOLD,"Women/Pumps/Sky High",5520
CL0200-SILVER,"Women/Pumps/Sky High",5530
CL0202-BEIGE,Women/Sandals,5540
CL0202-BLACK,Women/Sandals,5550
CL0202-BROWN,Women/Sandals,5560
CL0202-GREEN,Women/Sandals,5570
CL0205-BEIGE,"Women/Pumps/Sky High",5580
CL0205-BLACK,"Women/Pumps/Sky High",5590
CL0205-LEOPARD-PRINT,"Women/Pumps/Sky High",5600
CL0205-OXBLOOD,"Women/Pumps/Sky High",5610
CL0205-PETROL-BLUE,"Women/Pumps/Sky High",5620
CL0205-RED,"Women/Pumps/Sky High",5630
CL0205-SILVER,"Women/Bridal Shoes",5640
CL0206-BEIGE,"Women/Platforms/Sky High",5650
CL0206-BLACK,"Women/Platforms/Sky High",5660
CL0206-NUDE,"Women/Platforms/Sky High",5670
CL0206-WHITE,"Women/Platforms/Sky High",5680
CL0207-FUCHSIA,Women/Sandals,5690
CL0207-RED,Women/Sandals,5700
CL0207-TUTU,Women/Sandals,5710
CL0209-AMETHYSTE,"Women/Pumps/Sky High",5720
CL0209-BLUE,"Women/Pumps/Sky High",5730
CL0209-DEEP-BLUE,"Women/Pumps/Sky High",5740
CL0209-LIGHT-GREY,"Women/Pumps/Sky High",5750
CL0209-NOIR,"Women/Pumps/Sky High",5760
CL0209-NUDE,"Women/Pumps/Sky High",5770
CL0209-PLUM,"Women/Pumps/Sky High",5780
CL0209-RED,"Women/Pumps/Sky High",5790
CL0209-SATIN-FUCHSIA,"Women/Pumps/Sky High",5800
CL0209-SATIN-GREEN,"Women/Pumps/Sky High",5810
CL0209-SATIN-PURPLE,"Women/Pumps/Sky High",5820
CL0209-SCALES,"Women/Pumps/Sky High",5830
CL0209-SNAKESKIN,"Women/Pumps/Sky High",5840
CL0209-SUEDE-BLACK,"Women/Pumps/Sky High",5850
CL0209-SUEDE-RED,"Women/Pumps/Sky High",5860
CL0209-VIOLA,"Women/Pumps/Sky High",5870
CL0211-BEIGE,"Women/Platforms/Sky High",5880
CL0211-BLACK,"Women/Platforms/Sky High",5890
CL0211-FRAMBOISE,"Women/Platforms/Sky High",5900
CL0211-RED,"Women/Platforms/Sky High",5910
CL0211-SUEDE-BLACK,"Women/Platforms/Sky High",5920
CL0211-TURQUOISE,"Women/Platforms/Sky High",5930
CL0212-BLACK,"Women/Platforms/Sky High",5940
CL0212-BLUE,"Women/Platforms/Sky High",5950
CL0212-GREEN,"Women/Platforms/Sky High",5960
CL0212-PARME,"Women/Platforms/Sky High",5970
CL0213-BLACK,"Women/Pumps/Sky High",5980
CL0213-NUDE,"Women/Pumps/Sky High",5990
CL0213-POUSSIN,"Women/Pumps/Sky High",6000
CL0214-BLACK,Women/Sandals,6010
CL0214-GOLD,Women/Sandals,6020
CL0214-NUDE,Women/Sandals,6030
CL0214-SILVER,Women/Sandals,6040
CL0215-BLACK,Women/Pumps/High,6050
CL0215-BURGUNDY,Women/Pumps/High,6060
CL0216-ALL-BLACK,"Women/Platforms/Sky High",6070
CL0216-ANTIQUE-SILVER,"Women/Bridal Shoes",6080
CL0216-BLACK,"Women/Platforms/Sky High",6090
CL0216-BLACK-SATIN,"Women/Platforms/Sky High",6100
CL0216-CAMEL,"Women/Platforms/Sky High",6110
CL0216-FLAME,"Women/Platforms/Sky High",6120
CL0216-GLITTER-BLACK,"Women/Platforms/Sky High",6130
CL0216-GLITTER-BLEU,"Women/Platforms/Sky High",6140
CL0216-GLITTER-GOLD,"Women/Platforms/Sky High",6150
CL0216-GOLD,"Women/Bridal Shoes",6160
CL0216-HEMATITE-GOLD,"Women/Bridal Shoes",6170
CL0216-IVORY,"Women/Pumps/Sky High",6180
CL0216-JADE,"Women/Platforms/Sky High",6190
CL0216-LIGHT-PEACH,"Women/Bridal Shoes",6200
CL0216-MANDARIN-RED,"Women/Platforms/Sky High",6210
CL0216-MENTHE,"Women/Platforms/Sky High",6220
CL0216-MOROCCAN-RED,"Women/Platforms/Sky High",6230
CL0216-NAVY,"Women/Platforms/Sky High",6240
CL0216-NUDE,"Women/Platforms/Sky High",6250
CL0216-PATENT-BLACK,"Women/Platforms/Sky High",6260
CL0216-PATENT-BLACK-RED,"Women/Platforms/Sky High",6270
CL0216-PATENT-BLUE,"Women/Platforms/Sky High",6280
CL0216-PATENT-COFFEE,"Women/Platforms/Sky High",6290
CL0216-PATENT-FUCHSIA,"Women/Platforms/Sky High",6300
CL0216-PATENT-GREEN,"Women/Platforms/Sky High",6310
CL0216-PATENT-ORANGE,"Women/Platforms/Sky High",6320
CL0216-PATENT-PIVOINE,"Women/Platforms/Sky High",6330
CL0216-PATENT-RED,"Women/Platforms/Sky High",6340
CL0216-PATENT-SKYBLUE,"Women/Platforms/Sky High",6350
CL0216-PATENT-SPIKES-RED,"Women/Platforms/Sky High",6360
CL0216-PATENT-YELLOW,"Women/Platforms/Sky High",6370
CL0216-P-CAMEO-ROSE,"Women/Platforms/Sky High",6380
CL0216-P-CANARI,"Women/Platforms/Sky High",6390
CL0216-PIVOINE,"Women/Platforms/Sky High",6400
CL0216-P-MULTICOLOR,"Women/Platforms/Sky High",6410
CL0216-P-PINK,"Women/Platforms/Sky High",6420
CL0216-P-ROSE,"Women/Platforms/Sky High",6430
CL0216-PURPLE,"Women/Platforms/Sky High",6440
CL0216-RED,"Women/Platforms/Sky High",6450
CL0216-ROSE,"Women/Platforms/Sky High",6460
CL0216-SAPHIR,"Women/Bridal Shoes",6470
CL0216-SILVER,"Women/Bridal Shoes",6480
CL0216-SPECCHIO-GOLD,"Women/Platforms/Sky High",6490
CL0216-SPIKE-CRAIE,"Women/Platforms/Sky High",6500
CL0216-SPIKE-PINK,"Women/Platforms/Sky High",6510
CL0216-SPIKES-BLACK,"Women/Platforms/Sky High",6520
CL0216-SPIKES-NUDE,"Women/Platforms/Sky High",6530
CL0216-SPIKE-YELLOW,"Women/Platforms/Sky High",6540
CL0216-TURQUOISE,"Women/Platforms/Sky High",6550
CL0216-VIOLET,"Women/Platforms/Sky High",6560
CL0217-BLACK,"Women/Pumps/Sky High",6570
CL0217-NUDE,"Women/Pumps/Sky High",6580
CL0219-BLACK,Women/Sandals,6590
CL0219-RED,Women/Sandals,6600
CL0220-PINK,Women/Sandals,6610
CL0222-GLITTER,"Women/Bridal Shoes",6620
CL0222-SNAKESKIN,Women/Sandals,6630
CL0223-BLACK-GRAY,Women/Pumps/High,6640
CL0223-BLUE,Women/Pumps/High,6650
CL0223-CAMEL,Women/Pumps/High,6660
CL0223-LEATHER-BLACK,Women/Pumps/High,6670
CL0223-NUDE,Women/Pumps/High,6680
CL0223-TAN,Women/Pumps/High,6690
CL0224-BLACK,Women/Sandals,6700
CL0226-BLACK,"Women/Pumps/Sky High",6710
CL0226-SLICK-BLACK,"Women/Pumps/Sky High",6720
CL0226-WHITE,"Women/Pumps/Sky High",6730
CL0229-BLACK-RED,Women/Wedges,6740
CL0233-ALBA,Women/Flats/Sneakers,6750
CL0233-ALL-BLACK,Women/Flats/Sneakers,6760
CL0233-ALL-CHOCOLATE,Women/Flats/Sneakers,6770
CL0233-ALL-WHITE,Women/Flats/Sneakers,6780
CL0233-BLACK,Women/Flats/Sneakers,6790
CL0233-BLACK-BROWN,Women/Flats/Sneakers,6800
CL0233-BLACK-GOLD,Women/Flats/Sneakers,6810
CL0233-BLACK-M,Women/Flats/Sneakers,6820
CL0233-BLACK-WHITE,Women/Flats/Sneakers,6830
CL0233-BLUE-RED,Women/Flats/Sneakers,6840
CL0233-BRONZE,Women/Flats/Sneakers,6850
CL0233-BROWN,Women/Flats/Sneakers,6860
CL0233-CHOCOLATE,Women/Flats/Sneakers,6870
CL0233-CRYSTAL-BLACK,Women/Flats/Sneakers,6880
CL0233-CRYSTAL-BLUE,Women/Flats/Sneakers,6890
CL0233-GOLD,Women/Flats/Sneakers,6900
CL0233-GOLD-SILVER,Women/Flats/Sneakers,6910
CL0233-GRAY,Men/Sneakers,6920
CL0233-GREY,Women/Flats/Sneakers,6930
CL0233-GRID-BLUE,Women/Flats/Sneakers,6940
CL0233-GRID-RED,Women/Flats/Sneakers,6950
CL0233-HEMATITE,Women/Flats/Sneakers,6960
CL0233-HI-RED,Women/Flats/Sneakers,6970
CL0233-L-BLACK,Women/Flats/Sneakers,6980
CL0233M-ALBA,Men/Sneakers,6990
CL0233M-ALL-BLACK,Men/Sneakers,7000
CL0233M-ALL-CHOCOLATE,Men/Sneakers,7010
CL0233M-ALL-WHITE,Men/Sneakers,7020
CL0233M-BLACK,Men/Sneakers,7030
CL0233M-BLACK-BROWN,Men/Sneakers,7040
CL0233M-BLACK-GOLD,Men/Sneakers,7050
CL0233M-BLACK-M,Men/Sneakers,7060
CL0233M-BLACK-WHITE,Men/Sneakers,7070
CL0233M-BLUE-RED,Men/Sneakers,7080
CL0233M-BRONZE,Men/Sneakers,7090
CL0233M-BROWN,Men/Sneakers,7100
CL0233M-CHOCOLATE,Men/Sneakers,7110
CL0233M-CRYSTAL-BLACK,Men/Sneakers,7120
CL0233M-CRYSTAL-BLUE,Men/Sneakers,7130
CL0233M-ELECTRIC,Men/Sneakers,7140
CL0233M-GOLD,Men/Sneakers,7150
CL0233M-GOLD-SILVER,Men/Sneakers,7160
CL0233M-GREY,Men/Sneakers,7170
CL0233M-GRID-BLUE,Men/Sneakers,7180
CL0233M-GRID-RED,Men/Sneakers,7190
CL0233M-HEMATITE,Men/Sneakers,7200
CL0233M-HI-RED,Men/Sneakers,7210
CL0233M-L-BLACK,Men/Sneakers,7220
CL0233M-MULTICOLOR,Men/Sneakers,7230
CL0233M-MW-BLUE,Men/Sneakers,7240
CL0233M-NAVY,Men/Sneakers,7250
CL0233M-NAVY-GREY,Men/Sneakers,7260
CL0233M-OFF-WHITE,Men/Sneakers,7270
CL0233M-PATENT-BLACK,Men/Sneakers,7280
CL0233M-PIK-LAME,Men/Sneakers,7290
CL0233M-PIK-NOIR,Men/Sneakers,7300
CL0233M-PURPLE,Men/Sneakers,7310
CL0233M-PURPLE-GOLD,Men/Sneakers,7320
CL0233M-PYTHON-BLACK,Men/Sneakers,7330
CL0233M-PYTHON-NAVY,Men/Sneakers,7340
CL0233M-RED,Men/Sneakers,7350
CL0233M-SCALE-BROWN,Men/Sneakers,7360
CL0233M-SCALE-PURPLE,Men/Sneakers,7370
CL0233M-SPIKE-BLACK,Men/Sneakers,7380
CL0233M-SPIKES-BLACK,Men/Sneakers,7390
CL0233M-SPIKES-GREEN,Men/Sneakers,7400
CL0233M-STRASS-APRICOT,Men/Sneakers,7410
CL0233M-STRASS-BLACK,Men/Sneakers,7420
CL0233M-STRASS-BLACK-SILVER,Men/Sneakers,7430
CL0233M-STRASS-GOLD,Men/Sneakers,7440
CL0233M-STRASS-HEMATITE,Men/Sneakers,7450
CL0233M-STRASS-PLUM,Men/Sneakers,7460
CL0233M-STRASS-PURPLE,Men/Sneakers,7470
CL0233M-STRASS-WHITE,Men/Sneakers,7480
CL0233M-STUDDED-BLUE,Men/Sneakers,7490
CL0233M-SUEDE-RED,Men/Sneakers,7500
CL0233M-SUN,Men/Sneakers,7510
CL0233M-TAUPE,Men/Sneakers,7520
CL0233-MULTICOLOR,Women/Flats/Sneakers,7530
CL0233M-W-BALCK-GUN,Men/Sneakers,7540
CL0233M-W-BEIGE,Men/Sneakers,7550
CL0233M-W-BLACK,Men/Sneakers,7560
CL0233-MW-BLUE,Women/Flats/Sneakers,7570
CL0233M-W-BRONZE,Men/Sneakers,7580
CL0233M-WHITE,Men/Sneakers,7590
CL0233M-WHITE-GOLD,Men/Sneakers,7600
CL0233M-WHITE-IVORY,Men/Sneakers,7610
CL0233M-W-MULTICOLOR,Men/Sneakers,7620
CL0233M-W-NUDE,Men/Sneakers,7630
CL0233M-W-RED,Men/Sneakers,7640
CL0233M-W-ROSE,Men/Sneakers,7650
CL0233M-W-STONE,Men/Sneakers,7660
CL0233M-W-VIOLET,Men/Sneakers,7670
CL0233-NAVY,Women/Flats/Sneakers,7680
CL0233-NAVY-GREY,Women/Flats/Sneakers,7690
CL0233-PATENT-BLACK,Women/Flats/Sneakers,7700
CL0233-PIK-LAME,Women/Flats/Sneakers,7710
CL0233-PIK-NOIR,Women/Flats/Sneakers,7720
CL0233-PURPLE,Women/Flats/Sneakers,7730
CL0233-PURPLE-GOLD,Women/Flats/Sneakers,7740
CL0233-PYTHON-BLACK,Women/Flats/Sneakers,7750
CL0233-PYTHON-NAVY,Women/Flats/Sneakers,7760
CL0233-RED,Women/Flats/Sneakers,7770
CL0233-RED-PIK,Men/Sneakers,7780
CL0233-RIVIERA,Men/Sneakers,7790
CL0233-SCALE-BROWN,Women/Flats/Sneakers,7800
CL0233-SCALE-PURPLE,Women/Flats/Sneakers,7810
CL0233-SPIKE-BLACK,Women/Flats/Sneakers,7820
CL0233-SPIKES-BLACK,Women/Flats/Sneakers,7830
CL0233-SPIKES-GREEN,Women/Flats/Sneakers,7840
CL0233-STRASS-APRICOT,Women/Flats/Sneakers,7850
CL0233-STRASS-BLACK,Women/Flats/Sneakers,7860
CL0233-STRASS-BLACK-SILVER,Women/Flats/Sneakers,7870
CL0233-STRASS-GOLD,Women/Flats/Sneakers,7880
CL0233-STRASS-HEMATITE,Women/Flats/Sneakers,7890
CL0233-STRASS-PLUM,Women/Flats/Sneakers,7900
CL0233-STRASS-PURPLE,Women/Flats/Sneakers,7910
CL0233-STRASS-WHITE,Women/Flats/Sneakers,7920
CL0233-STUDDED-BLUE,Women/Flats/Sneakers,7930
CL0233-SUEDE-RED,Women/Flats/Sneakers,7940
CL0233-TAUPE,Women/Flats/Sneakers,7950
CL0233-W-BALCK-GUN,Women/Flats/Sneakers,7960
CL0233-W-BEIGE,Women/Flats/Sneakers,7970
CL0233-W-BLACK,Women/Flats/Sneakers,7980
CL0233-W-BRONZE,Women/Flats/Sneakers,7990
CL0233-WHITE,Women/Flats/Sneakers,8000
CL0233-WHITE-GOLD,Women/Flats/Sneakers,8010
CL0233-W-NUDE,Women/Flats/Sneakers,8020
CL0233-W-RED,Women/Flats/Sneakers,8030
CL0233-W-ROSE,Women/Flats/Sneakers,8040
CL0233-W-STONE,Women/Flats/Sneakers,8050
CL0233-W-VIOLET,Women/Flats/Sneakers,8060
CL0233-YELLOW,Men/Sneakers,8070
CL0235-MULTICOLOR-STRASS,Men/Sneakers,8080
CL0240M-ALL-BLACK,Men/Derbies,8090
CL0240M-BLACK,Men/Derbies,8100
CL0241-BLACK-85MM,Women/Pumps/High,8110
CL0241-BLACK-LEATHER,"Women/Pumps/Sky High",8120
CL0241-GOLD,Women/Pumps/High,8130
CL0241-NUDE-85MM,Women/Pumps/High,8140
CL0241-NUDE-LEATHER,"Women/Pumps/Sky High",8150
CL0241-OFF-WHITE,Women/Pumps/High,8160
CL0241-PURPLE,Women/Pumps/High,8170
CL0242-BLACK,"Women/Pumps/Sky High",8180
CL0242-POMICE,Women/Pumps/High,8190
CL0243-IVORY,"Women/Platforms/Sky High",8200
CL0244-BEIGE,Women/Sandals,8210
CL0244-BLACK,Women/Sandals,8220
CL0246-BLACK,Women/Wedges,8230
CL0246-BLACK-BROWN,Women/Wedges,8240
CL0247-BEIGE,"Women/Boots/Ankle Boots",8250
CL0248-BLACK,"Women/Pumps/Sky High",8260
CL0249-ACID-BLUE,Women/Sandals,8270
CL0249-APRICOT,Women/Sandals,8280
CL0249-BEIGE,Women/Sandals,8290
CL0249-BLACK,Women/Sandals,8300
CL0249-BROWN,Women/Sandals,8310
CL0249-FRAMBOISE,Women/Sandals,8320
CL0249-LEATHER-BLACK,Women/Sandals,8330
CL0249-RED,Women/Sandals,8340
CL0249-TAUPE,Women/Sandals,8350
CL0250-AFRICA,"Women/Pumps/Sky High",8360
CL0250-BLACK,"Women/Pumps/Sky High",8370
CL0250-BROWN,"Women/Pumps/Sky High",8380
CL0250-ELEFANTE-PEWTER,"Women/Pumps/Sky High",8390
CL0250-LEOPARD,"Women/Pumps/Sky High",8400
CL0250-NUDE,"Women/Pumps/Sky High",8410
CL0250-NUDE-GOLD,"Women/Bridal Shoes",8420
CL0250-PONY-BLACK,"Women/Pumps/Sky High",8430
CL0250-SEPIA,"Women/Pumps/Sky High",8440
CL0250-WATERSNAKE-BLACK,"Women/Pumps/Sky High",8450
CL0251-BLACK,"Women/Pumps/Sky High",8460
CL0251-BLUE,"Women/Pumps/Sky High",8470
CL0252-BLACK,"Women/Pumps/Sky High",8480
CL0252-TAUPE,"Women/Pumps/Sky High",8490
CL0254-BLUE,"Women/Boots/Ankle Boots",8500
CL0254-BROWN,"Women/Boots/Ankle Boots",8510
CL0255-BLACK-RED,"Women/Boots/Ankle Boots",8520
CL0255-CAMEL,"Women/Boots/Ankle Boots",8530
CL0256-GOLD,"Women/Bridal Shoes",8540
CL0258-WHITE,Women/Platforms/High,8550
CL0259-BLACK,Women/Pumps/High,8560
CL0259-NUDE,Women/Pumps/High,8570
CL0260-SILVER,"Women/Bridal Shoes",8580
CL0261-BLACK,"Women/Boots/Ankle Boots",8590
CL0262-BLACK,Women/Wedges,8600
CL0262-BRONZE,Women/Wedges,8610
CL0262-HOT-PINK,Women/Wedges,8620
CL0262-NOCE,Women/Wedges,8630
CL0263-BLACK,"Women/Boots/Tall Boots",8640
CL0265-BLACK,"Women/Platforms/Sky High",8650
CL0265-NATURAL,"Women/Platforms/Sky High",8660
CL0265-RED,"Women/Platforms/Sky High",8670
CL0266-NUDE,Women/Wedges,8680
CL0267-BLACK,Women/Pumps/High,8690
CL0267-BLACK-RED,Women/Pumps/High,8700
CL0267-BLUE,Women/Pumps/High,8710
CL0267-FUCHSIA,Women/Pumps/High,8720
CL0267-LEOPARD,Women/Pumps/High,8730
CL0267-MANDA,Women/Pumps/High,8740
CL0267-NUDE,Women/Pumps/High,8750
CL0267-TAUPE,Women/Pumps/High,8760
CL0268-ALBA,"Women/Bridal Shoes",8770
CL0268-OFF-WHITE,"Women/Bridal Shoes",8780
CL0268-PINK,"Women/Bridal Shoes",8790
CL0268-SAHARA,"Women/Bridal Shoes",8800
CL0269-BLACK,Women/Pumps/High,8810
CL0269-NUDE,Women/Pumps/High,8820
CL0270-BLACK,Women/Sandals,8830
CL0270-SUEDE-BLACK,Women/Sandals,8840
CL0271-BROWN,Women/Wedges,8850
CL0271-NATURAL,Women/Wedges,8860
CL0271-NAVY,Women/Wedges,8870
CL0276-WATERSNAKE-GOLD,"Women/Platforms/Sky High",8880
CL0277-BLACK,"Women/Boots/Ankle Boots",8890
CL0278-AFRICA,"Women/Pumps/Sky High",8900
CL0278-BLACK,"Women/Pumps/Sky High",8910
CL0278-BLUE,"Women/Pumps/Sky High",8920
CL0278-LEOPARD,"Women/Pumps/Sky High",8930
CL0278-YELLOW,"Women/Pumps/Sky High",8940
CL0284-BLACK,Women/Pumps/High,8950
CL0284-NUDE,Women/Pumps/High,8960
CL0284-NUDE-BLACK,Women/Pumps/High,8970
CL0284-OFF-WHITE,Women/Pumps/High,8980
CL0284-PIVOINE,Women/Pumps/High,8990
CL0285-BLACK-GLITTER,Women/Flats/Ballerinas,9000
CL0285-NUDE,Women/Flats/Ballerinas,9010
CL0285-SAHARA,Women/Flats/Ballerinas,9020
CL0285-SILVER,Women/Flats/Ballerinas,9030
CL0286-BLACK,Women/Sandals,9040
CL0286-CHAMPAGNE,Women/Sandals,9050
CL0286-RED,Women/Sandals,9060
CL0288-BLACK,Women/Sandals,9070
CL0288-MOROCCAN-RED,Women/Sandals,9080
CL0288-SUEDE-BLACK,Women/Sandals,9090
CL0289-BLACK,Women/Wedges,9100
CL0289-TURQUOISE,Women/Wedges,9110
CL0292-BLACK,Women/Wedges,9120
CL0292-CORK,Women/Wedges,9130
CL0292-NUDE,Women/Wedges,9140
CL0293-BLACK,Women/Wedges,9150
CL0293-BROWN,Women/Wedges,9160
CL0295-BLACK,"Women/Boots/Tall Boots",9170
CL0295-BLACK-SUEDE,"Women/Boots/Ankle Boots",9180
CL0296-BLACK,Women/Pumps/High,9190
CL0296-LEOPARD-PRINT,Women/Pumps/High,9200
CL0296-NUDE,Women/Pumps/High,9210
CL0297-BLACK,Women/Sandals,9220
CL0298-BLACK,Women/Sandals,9230
CL0298-BLUE,Women/Sandals,9240
CL0299-BLACK,Women/Pumps/High,9250
CL0299-LEOPARD,Women/Pumps/High,9260
CL0301-GOLD,Women/Flats/Ballerinas,9270
CL0301-SILVER,Women/Flats/Ballerinas,9280
CL0303-NUDE,Women/Sandals,9290
CL0303-SILVER,Women/Sandals,9300
CL0304-BLACK,"Women/Boots/Tall Boots",9310
CL0305-BLACK,Women/Pumps/High,9320
CL0305-NUDE,Women/Pumps/High,9330
CL0306-BLACK,Women/Pumps/High,9340
CL0306-LAME,Women/Pumps/High,9350
CL0306-NUDE,Women/Pumps/High,9360
CL0306-RED,Women/Pumps/High,9370
CL0307-BEIGE,Women/Pumps/High,9380
CL0307-BLACK,Women/Pumps/High,9390
CL0307-KID-BLACK,Women/Pumps/High,9400
CL0307-LEOPARD,Women/Pumps/High,9410
CL0307-NOIR,Women/Pumps/High,9420
CL0307-NUDE,Women/Pumps/High,9430
CL0307-PINK,Women/Pumps/High,9440
CL0307-RIVIERA,"Women/Bridal Shoes",9450
CL0307-WHITE,Women/Pumps/High,9460
CL0308-BLACK,Women/Sandals,9470
CL0308-NUDE,Women/Sandals,9480
CL0309-BEIGE,Women/Wedges,9490
CL0309-BLACK,Women/Wedges,9500
CL0309-RED,Women/Wedges,9510
CL0309-SUEDE-BLACK,Women/Wedges,9520
CL0309-SUEDE-TURQUOISE,Women/Wedges,9530
CL0310-AMETHYST,"Women/Pumps/Sky High",9540
CL0310-BLACK,"Women/Pumps/Sky High",9550
CL0310-BLACK-PATENT,Women/Pumps/High,9560
CL0310-EMERAUDE,"Women/Pumps/Sky High",9570
CL0310-FLANNEL-GREY,"Women/Pumps/Sky High",9580
CL0310-MANDARIN-RED,"Women/Pumps/Sky High",9590
CL0310-NUDE,"Women/Pumps/Sky High",9600
CL0310-NUDE-100MM,Women/Pumps/High,9610
CL0310-NUDE-PATENT,Women/Pumps/High,9620
CL0310-PEACOCK,"Women/Pumps/Sky High",9630
CL0310-ROCCIA,"Women/Pumps/Sky High",9640
CL0310-SUEDE-NAVY,"Women/Pumps/Sky High",9650
CL0311-BLACK,"Women/Boots/Tall Boots",9660
CL0312-BLACK,Women/Pumps/High,9670
CL0312-BLUE,Women/Pumps/High,9680
CL0312-SILVER,Women/Pumps/High,9690
CL0314-BLACK,"Women/Platforms/Sky High",9700
CL0314-BLACK-SILVER,"Women/Platforms/Sky High",9710
CL0314-BURGUNDY,"Women/Platforms/Sky High",9720
CL0314-MULTICOLOR-RED,"Women/Platforms/Sky High",9730
CL0315-BLACK,Women/Platforms/High,9740
CL0315-BLACK-WHITE,Women/Platforms/High,9750
CL0315-GLITTER-BLACK,Women/Platforms/High,9760
CL0315-GLITTER-SILVER,"Women/Bridal Shoes",9770
CL0315-GOLD,"Women/Bridal Shoes",9780
CL0315-LEATHER-BLACK,Women/Platforms/High,9790
CL0315-MULTICOLOR,Women/Platforms/High,9800
CL0315-MULTICOLOR-GLITTER,Women/Platforms/High,9810
CL0315-NEUTRAL,Women/Platforms/High,9820
CL0315-NUDE,Women/Platforms/High,9830
CL0315-PATENT-BLACK,Women/Platforms/High,9840
CL0315-PATENT-PIVOINE,Women/Platforms/High,9850
CL0315-POUSSIN,Women/Platforms/High,9860
CL0315-RED-GLITTER,Women/Platforms/High,9870
CL0315-SILVER,"Women/Bridal Shoes",9880
CL0315-SPECCHIO,Women/Platforms/High,9890
CL0315-WHITE,"Women/Bridal Shoes",9900
CL0317-BLACK,"Women/Platforms/Sky High",9910
CL0317-GREEN,"Women/Platforms/Sky High",9920
CL0317-WHITE,"Women/Platforms/Sky High",9930
CL0318-ALL-BLACK,Women/Wedges,9940
CL0318-BEIGE,Women/Wedges,9950
CL0320-BLACK,Women/Pumps/High,9960
CL0320-BLUE,Women/Pumps/High,9970
CL0320-IVORY,Women/Pumps/High,9980
CL0320-RED,Women/Pumps/High,9990
CL0322-BLACK,Women/Pumps/High,10000
CL0322-GREEN,Women/Pumps/High,10010
CL0322-LEOPARD,Women/Pumps/High,10020
CL0324-LEOPARD,Women/Wedges,10030
CL0325-BLACK,"Women/Pumps/Sky High",10040
CL0325-NUDE,"Women/Pumps/Sky High",10050
CL0325-PINK,"Women/Pumps/Sky High",10060
CL0325-SILVER,"Women/Pumps/Sky High",10070
CL0325-SUEDE-BLACK,"Women/Pumps/Sky High",10080
CL0325-YELLOW,"Women/Pumps/Sky High",10090
CL0326-BLUE,Women/Wedges,10100
CL0327-BLACK,Women/Pumps/High,10110
CL0329-BLACK,Women/Pumps/High,10120
CL0329-SILVER,Women/Pumps/High,10130
CL0330-100MM-CAMEO,Women/Pumps/High,10140
CL0330-100MM-NOIR,Women/Pumps/High,10150
CL0330-BEIGE,"Women/Pumps/Sky High",10160
CL0330-BLACK,Women/Pumps/High,10170
CL0330-BLACK-LEATHER,"Women/Pumps/Sky High",10180
CL0330-BLACK-PATENT,"Women/Pumps/Sky High",10190
CL0330-BLUE-KHOL,"Women/Pumps/Sky High",10200
CL0330-CORDE,"Women/Pumps/Sky High",10210
CL0330-EPI-GOLD,Women/Pumps/High,10220
CL0330-FLUO-PINK,"Women/Pumps/Sky High",10230
CL0330-GLITTER-BLACK,"Women/Bridal Shoes",10240
CL0330-GLITTER-GOLD,"Women/Bridal Shoes",10250
CL0330-GLITTER-SILVER,"Women/Bridal Shoes",10260
CL0330-GRAFFITI-MULTICOLOR,Women/Pumps/High,10270
CL0330-GRENADINE,"Women/Pumps/Sky High",10280
CL0330-GRID-BLACK,"Women/Pumps/Sky High",10290
CL0330-JAZZ-NUDE,Women/Pumps/High,10300
CL0330-LACE-BEIGE,"Women/Pumps/Sky High",10310
CL0330-MULTICOLOR,"Women/Pumps/Sky High",10320
CL0330-MULTICOLOR-P,"Women/Pumps/Sky High",10330
CL0330-NUDE,Women/Pumps/High,10340
CL0330-NUDE-PATENT,"Women/Pumps/Sky High",10350
CL0330-PAPAYE,Women/Pumps/High,10360
CL0330-PATENT-BLACK,"Women/Pumps/Sky High",10370
CL0330-PATENT-FLUO-YELLOW,"Women/Pumps/Sky High",10380
CL0330-PATENT-JADE,"Women/Pumps/Sky High",10390
CL0330-PATENT-PIVOINE,"Women/Pumps/Sky High",10400
CL0330-PATENT-RED,"Women/Pumps/Sky High",10410
CL0330-PATENT-YELLOW,"Women/Pumps/Sky High",10420
CL0330-P-BLACK-ROSE,"Women/Pumps/Sky High",10430
CL0330-PINK-GOLD,"Women/Bridal Shoes",10440
CL0330-PINKY,Women/Pumps/High,10450
CL0330-PLATO-BLACK,"Women/Pumps/Sky High",10460
CL0330-PLATO-GLITTER,"Women/Bridal Shoes",10470
CL0330-PLATO-NATURALE,"Women/Pumps/Sky High",10480
CL0330-PLATO-NUDE,"Women/Pumps/Sky High",10490
CL0330-PLATO-PINK,"Women/Pumps/Sky High",10500
CL0330-PLATO-RED,"Women/Pumps/Sky High",10510
CL0330-PLATO-WHITE,"Women/Pumps/Sky High",10520
CL0330-POINTED-JADE,Women/Pumps/High,10530
CL0330-POINTED-NUDE,Women/Pumps/High,10540
CL0330-PRINTED-SAHARA,Women/Pumps/High,10550
CL0330-PSTRASS-BLACK,"Women/Pumps/Sky High",10560
CL0330-RED,Women/Pumps/High,10570
CL0330-RED-MARCH,Women/Pumps/High,10580
CL0330-SPIKE-PINK,"Women/Pumps/Sky High",10590
CL0330-SPIKE-ROSE,"Women/Pumps/Sky High",10600
CL0330-SPIKES-ALLBLACK,"Women/Pumps/Sky High",10610
CL0330-SPIKES-BLACK,"Women/Pumps/Sky High",10620
CL0330-SPIKES-GOLD,"Women/Pumps/Sky High",10630
CL0330-SPIKES-HEMATITE,"Women/Pumps/Sky High",10640
CL0330-SPIKES-NAVY,"Women/Pumps/Sky High",10650
CL0330-SPIKES-NUDE,"Women/Pumps/Sky High",10660
CL0330-SPIKES-RED,"Women/Pumps/Sky High",10670
CL0330-SPIKE-WHITE,"Women/Pumps/Sky High",10680
CL0330-STUDDED-BLACK,Women/Pumps/High,10690
CL0330-WHITE,Women/Pumps/High,10700
CL0331-ALL-BLACK,Women/Flats/Ballerinas,10710
CL0331-BLACK,Women/Flats/Ballerinas,10720
CL0331-BLACK-LEATHER,Women/Flats/Ballerinas,10730
CL0331-BURGUNDY,Women/Flats/Ballerinas,10740
CL0331-GOLD,Women/Flats/Ballerinas,10750
CL0331-MULTICOLOR,Women/Flats/Ballerinas,10760
CL0331-NUDE,Women/Flats/Ballerinas,10770
CL0331-PINK,Women/Flats/Ballerinas,10780
CL0331-PRIMEVERE,Women/Flats/Ballerinas,10790
CL0331-PURPLE,Women/Flats/Ballerinas,10800
CL0331-SILVER,Women/Flats/Ballerinas,10810
CL0331-SPIKE-RED,Women/Flats/Ballerinas,10820
CL0331-SPIKES-BLACK,Women/Flats/Ballerinas,10830
CL0331-ZEBRA,Women/Flats/Ballerinas,10840
CL0332-BLACK,Women/Flats/Ballerinas,10850
CL0332-NUDE,Women/Flats/Ballerinas,10860
CL0333-BEIGE,Women/Flats/Sneakers,10870
CL0333-BLACK,Women/Flats/Sneakers,10880
CL0333-ECLIPSE,"Men/Boat Shoes",10890
CL0333-LEOPARD,Women/Flats/Sneakers,10900
CL0333M-BEIGE,Men/Derbies,10910
CL0333M-BLACK,Men/Derbies,10920
CL0333M-LEOPARD,Men/Derbies,10930
CL0333M-LIE-WINE,"Men/Boat Shoes",10940
CL0333M-SAND,Men/Derbies,10950
CL0333M-VINTAGE-BLUE,Men/Derbies,10960
CL0333-SAND,Women/Flats/Sneakers,10970
CL0333-VINTAGE-BLUE,Women/Flats/Sneakers,10980
CL0333-WHITE,Men/Sneakers,10990
CL0334-BLACK,Women/Platforms/High,11000
CL0334-NUDE,Women/Platforms/High,11010
CL0335-BLACK,Women/Pumps/High,11020
CL0335-LEOPARD,Women/Pumps/High,11030
CL0335-NUDE,Women/Pumps/High,11040
CL0335-SILK-PINK,Women/Pumps/High,11050
CL0336-BEIGE,Women/Sandals,11060
CL0336-BLACK,Women/Sandals,11070
CL0336-TAN,Women/Sandals,11080
CL0338M-BLACK-I,Men/Derbies,11090
CL0338M-BLACK-WHITE,Men/Derbies,11100
CL0341-BLACK,Women/Pumps/High,11110
CL0341-CAMEL,Women/Pumps/High,11120
CL0341-FRAMBOISE,Women/Pumps/High,11130
CL0341-LEOPARD,Women/Pumps/High,11140
CL0341-LEOPARD-PRINTED-PONY,Women/Pumps/High,11150
CL0341-NATURALE,Women/Pumps/High,11160
CL0341-NUDE,Women/Pumps/High,11170
CL0342-GOLD,"Women/Bridal Shoes",11180
CL0343M-NAVY-DENIM,Men/Sneakers,11190
CL0343-NAVY-DENIM,Women/Flats/Sneakers,11200
CL0344-ALLBROWN,Women/Flats/Sneakers,11210
CL0344-APRICOT,Women/Flats/Sneakers,11220
CL0344-BLACK,Women/Flats/Sneakers,11230
CL0344-BLACK-LACE,Women/Flats/Sneakers,11240
CL0344-BLEACHED-SAND,Women/Flats/Sneakers,11250
CL0344-BLUE-GOLD,Women/Flats/Sneakers,11260
CL0344-BLUE-LACE,Women/Flats/Sneakers,11270
CL0344-BROWN,Women/Flats/Sneakers,11280
CL0344-BROWN-BLUE,Women/Flats/Sneakers,11290
CL0344-COFFEE,Women/Flats/Sneakers,11300
CL0344-COGNAC,Women/Flats/Sneakers,11310
CL0344-DEEP-BLUE,Women/Flats/Sneakers,11320
CL0344-FLANNEL,Women/Flats/Sneakers,11330
CL0344-GLITTER-BLACK,Women/Flats/Sneakers,11340
CL0344-GLITTER-GOLD,Women/Flats/Sneakers,11350
CL0344-IVORY,Women/Flats/Sneakers,11360
CL0344-LEOPARD,Women/Flats/Sneakers,11370
CL0344-LEOPARD-I,Women/Flats/Sneakers,11380
CL0344M-ALLBROWN,Men/Sneakers,11390
CL0344M-APRICOT,Men/Sneakers,11400
CL0344M-BLACK,Men/Sneakers,11410
CL0344M-BLACK-LACE,Men/Sneakers,11420
CL0344M-BLEACHED-SAND,Men/Sneakers,11430
CL0344-M-BLUE,Women/Flats/Sneakers,11440
CL0344M-BLUE-GOLD,Men/Sneakers,11450
CL0344M-BLUE-LACE,Men/Sneakers,11460
CL0344M-BROWN,Men/Sneakers,11470
CL0344M-BROWN-BLUE,Men/Sneakers,11480
CL0344M-COFFEE,Men/Sneakers,11490
CL0344M-COGNAC,Men/Sneakers,11500
CL0344M-DEEP-BLUE,Men/Sneakers,11510
CL0344M-FLANNEL,Men/Sneakers,11520
CL0344M-GLITTER-BLACK,Men/Sneakers,11530
CL0344M-GLITTER-GOLD,Men/Sneakers,11540
CL0344M-IVORY,Men/Sneakers,11550
CL0344M-LEOPARD,Men/Sneakers,11560
CL0344M-LEOPARD-I,Men/Sneakers,11570
CL0344M-M-BLUE,Men/Sneakers,11580
CL0344M-MULTICOLOR,Men/Sneakers,11590
CL0344M-MULTICOLOR-M,Men/Sneakers,11600
CL0344M-PLAID,Men/Sneakers,11610
CL0344M-RED,Men/Sneakers,11620
CL0344M-RED-COTTON,Men/Sneakers,11630
CL0344M-SMOKE-GREY,Men/Sneakers,11640
CL0344-MULTICOLOR,Women/Flats/Sneakers,11650
CL0344-MULTICOLOR-M,Women/Flats/Sneakers,11660
CL0344M-W-GLITTER,Men/Sneakers,11670
CL0344M-WHITE,Men/Sneakers,11680
CL0344M-WHITE-GOLD,Men/Sneakers,11690
CL0344M-W-LEOPARD,Men/Sneakers,11700
CL0344M-W-PINK,Men/Sneakers,11710
CL0344-PLAID,Women/Flats/Sneakers,11720
CL0344-RED,Women/Flats/Sneakers,11730
CL0344-RED-COTTON,Women/Flats/Sneakers,11740
CL0344-SMOKE-GREY,Women/Flats/Sneakers,11750
CL0344-W-GLITTER,Women/Flats/Sneakers,11760
CL0344-WHITE,Women/Flats/Sneakers,11770
CL0344-WHITE-GOLD,Women/Flats/Sneakers,11780
CL0344-W-LEOPARD,Women/Flats/Sneakers,11790
CL0344-W-PINK,Women/Flats/Sneakers,11800
CL0345-BLACK,"Women/Pumps/Sky High",11810
CL0349-INDIGO,"Women/Boots/Ankle Boots",11820
CL0350-BLACK,"Women/Pumps/Sky High",11830
CL0350-NAVY,"Women/Pumps/Sky High",11840
CL0350-NUDE,"Women/Pumps/Sky High",11850
CL0350-ROSE,"Women/Pumps/Sky High",11860
CL0350-ROSE-PATENT,"Women/Pumps/Sky High",11870
CL0350-TURQUOISE,"Women/Pumps/Sky High",11880
CL0351-ALLBLACK,Women/Flats/Sneakers,11890
CL0351-BLACK,Women/Flats/Sneakers,11900
CL0351-BLACK-MULTI,"Men/Boat Shoes",11910
CL0351-ECLIPSE,"Men/Boat Shoes",11920
CL0351-EPI-GOLD,"Men/Boat Shoes",11930
CL0351-GOLD,Women/Flats/Sneakers,11940
CL0351M-ALLBLACK,"Men/Boat Shoes",11950
CL0351M-BLACK,"Men/Boat Shoes",11960
CL0351M-GOLD,"Men/Boat Shoes",11970
CL0351M-M-RED,"Men/Boat Shoes",11980
CL0351M-RED,"Men/Boat Shoes",11990
CL0351-M-RED,Women/Flats/Sneakers,12000
CL0351M-SILVER,"Men/Boat Shoes",12010
CL0351M-WHITE,"Men/Boat Shoes",12020
CL0351-RED,Women/Flats/Sneakers,12030
CL0351-ROUGE,"Men/Boat Shoes",12040
CL0351-SILVER,Women/Flats/Sneakers,12050
CL0351-WHITE,"Men/Boat Shoes",12060
CL0351-WHITE-IVORY,Women/Flats/Sneakers,12070
CL0353M-BLUE,Men/Derbies,12080
CL0353M-GOLD,Men/Derbies,12090
CL0353M-GREEN,Men/Derbies,12100
CL0353M-GREY,Men/Derbies,12110
CL0353M-HEMINATE,Men/Derbies,12120
CL0353M-NUDE,Men/Derbies,12130
CL0353M-PURPLE,Men/Derbies,12140
CL0353M-SILVER,Men/Derbies,12150
CL0353M-WHITE,Men/Derbies,12160
CL0354-BLACK-SPIKES,Women/Flats/Loafers,12170
CL0354-ECLIPSE,Men/Loafers,12180
CL0354M-ANTHRACITE,Men/Derbies,12190
CL0354M-BEIGE-SPIKES,Men/Derbies,12200
CL0354M-BLACK-MULTIC-LUC,Men/Loafers,12210
CL0354M-BLACK-SPIKES,Men/Derbies,12220
CL0354M-GREY,Men/Derbies,12230
CL0354M-LEOPARD,Men/Derbies,12240
CL0354M-LIE-WINE,Men/Loafers,12250
CL0354M-RED-SPIKES,Men/Derbies,12260
CL0354M-SPIKE-BLACK,Men/Derbies,12270
CL0354M-TARTEN-RED,Men/Derbies,12280
CL0354-RIVIERA,Men/Loafers,12290
CL0355-LEOPARD,Women/Flats/Loafers,12300
CL0355M-LEOPARD,Men/Derbies,12310
CL0355M-RED,Men/Derbies,12320
CL0355M-SPIKE-BLACK,Men/Derbies,12330
CL0355M-SPIKE-NUDE,Men/Derbies,12340
CL0355M-STONE,Men/Derbies,12350
CL0355M-TURQUOISE,Men/Derbies,12360
CL0355M-WHITE,Men/Derbies,12370
CL0355-WHITE-MULTI,Men/Sneakers,12380
CL0357-CARAIBES,Women/Sandals,12390
CL0358-BLUE,Women/Pumps/High,12400
CL0358-BLUE-TARTAN,Women/Pumps/High,12410
CL0358-BROWN,Women/Pumps/High,12420
CL0358-CAMEO-ROSE,Women/Pumps/High,12430
CL0358-GLITTER-MULTICOLOR,"Women/Bridal Shoes",12440
CL0358-GLITTER-PINK,"Women/Bridal Shoes",12450
CL0358-GLITTER-TURQUOISE,"Women/Bridal Shoes",12460
CL0358-NUDE,Women/Pumps/High,12470
CL0358-PARME,Women/Pumps/High,12480
CL0358-PATENT-BLACK,Women/Pumps/High,12490
CL0358-PATENT-PINK,Women/Pumps/High,12500
CL0358-PIVOINE-POWDER,Women/Pumps/High,12510
CL0358-SUEDE-BLACK,Women/Pumps/High,12520
CL0358-SUEDE-CHARTREUSE,Women/Pumps/High,12530
CL0358-SUEDE-NAVY,Women/Pumps/High,12540
CL0358-SUEDE-PEACOCK,Women/Pumps/High,12550
CL0358-SUEDE-RED,Women/Pumps/High,12560
CL0358-SUEDE-TAUPE,Women/Pumps/High,12570
CL0358-SUEDE-TURQUOISE,Women/Pumps/High,12580
CL0358-TURQUIN,Women/Pumps/High,12590
CL0358-YELLOW,Women/Pumps/High,12600
CL0359-BLACK,Women/Wedges,12610
CL0359-NAVY,Women/Wedges,12620
CL0359-NUDE,Women/Wedges,12630
CL0359-RED,Women/Wedges,12640
CL0359-RED-SUEDE,Women/Wedges,12650
CL0360-BLACK,Women/Sandals,12660
CL0360-LILAC,Women/Sandals,12670
CL0360-RED,Women/Sandals,12680
CL0361-BROWN,Women/Sandals,12690
CL0361-RED,Women/Sandals,12700
CL0362-GREY,Women/Flats/Ballerinas,12710
CL0362-NATURALE,Women/Flats/Ballerinas,12720
CL0362-VIOLET,Women/Flats/Ballerinas,12730
CL0362-WATERSNAKE,Women/Flats/Ballerinas,12740
CL0362-WHITE,Women/Flats/Ballerinas,12750
CL0364-COGNAC,Women/Sandals,12760
CL0364-TAUPE,Women/Sandals,12770
CL0365-BLACK,"Women/Pumps/Sky High",12780
CL0365-SILVER,"Women/Bridal Shoes",12790
CL0366-BLACK,Women/Sandals,12800
CL0366-DEEP-BLUE,Women/Sandals,12810
CL0366-GOLD,Women/Sandals,12820
CL0366-RED,Women/Sandals,12830
CL0367-BLUE,"Women/Bridal Shoes",12840
CL0370-BLACK,"Women/Pumps/Sky High",12850
CL0370-NUDE,"Women/Pumps/Sky High",12860
CL0371-BLACK,Women/Pumps/High,12870
CL0371-BLACK-STRASS,"Women/Bridal Shoes",12880
CL0371-NUDE,Women/Pumps/High,12890
CL0371-RED,"Women/Bridal Shoes",12900
CL0372-BLACK,"Women/Platforms/Sky High",12910
CL0372-NUDE,"Women/Platforms/Sky High",12920
CL0372-SUEDE-BLACK,"Women/Platforms/Sky High",12930
CL0372-SUEDE-RED,"Women/Platforms/Sky High",12940
CL0373-BLACK,Women/Wedges,12950
CL0373-MULTICOLOR,Women/Wedges,12960
CL0375-BLACK-GLITTER,"Women/Bridal Shoes",12970
CL0375-BLACK-LEATHER,Women/Pumps/High,12980
CL0375-BLACK-PATENT,Women/Pumps/High,12990
CL0375-CAMEL,Women/Pumps/High,13000
CL0375-CARAIBES,Women/Pumps/High,13010
CL0375-GLITTER-BLACK,"Women/Bridal Shoes",13020
CL0375-MADARINE-RED,Women/Pumps/High,13030
CL0375-NAVY,"Women/Pumps/Sky High",13040
CL0375-NUDE,Women/Pumps/High,13050
CL0375-PATENT-NUDE,Women/Pumps/High,13060
CL0375-PIVOINE,Women/Pumps/High,13070
CL0375-RED,Women/Pumps/High,13080
CL0375-ROUGE,Women/Pumps/High,13090
CL0375-SILVER-GLITTER,"Women/Bridal Shoes",13100
CL0377-SILVER,"Women/Bridal Shoes",13110
CL0378-BLACK,Women/Sandals,13120
CL0378-MANDARIN-RED,Women/Sandals,13130
CL0379-LEOPARD,Women/Flats/Sneakers,13140
CL0379M-LEOPARD,Men/Sneakers,13150
CL0380-WHITE,Women/Platforms/High,13160
CL0381-EMERAUDE,"Women/Platforms/Sky High",13170
CL0381-LUNE,"Women/Platforms/Sky High",13180
CL0381-SILVER,"Women/Platforms/Sky High",13190
CL0382-BEIGE,Women/Sandals,13200
CL0382-BLACK,Women/Sandals,13210
CL0382-NOIR,Women/Sandals,13220
CL0382-NUDE,Women/Sandals,13230
CL0382-PATENT-BLACK,Women/Sandals,13240
CL0384-BLACK,Women/Sandals,13250
CL0384-HEMATITE,Women/Sandals,13260
CL0384-NUDE,Women/Sandals,13270
CL0385-BLACK,Women/Sandals,13280
CL0385-CHESTNUT,Women/Sandals,13290
CL0386-BLACK,"Women/Bridal Shoes",13300
CL0386-PINK,"Women/Bridal Shoes",13310
CL0389-BLACK,"Women/Bridal Shoes",13320
CL0389-BLUE,"Women/Bridal Shoes",13330
CL0389-CRIMSON,"Women/Bridal Shoes",13340
CL0389-DARK-BLUE,"Women/Bridal Shoes",13350
CL0389-DARK-GREEN,"Women/Bridal Shoes",13360
CL0389-GREY,"Women/Bridal Shoes",13370
CL0389-PINK,"Women/Bridal Shoes",13380
CL0389-RED,"Women/Bridal Shoes",13390
CL0391-IVORY,"Women/Bridal Shoes",13400
CL0394-BLACK,Women/Sandals,13410
CL0394-BROWN-WHITE,Women/Sandals,13420
CL0394-GOLD-WHITE,Women/Sandals,13430
CL0394-NUDE-MARINE,Women/Sandals,13440
CL0395-ACAJOU,Women/Wedges,13450
CL0395-BLACK,Women/Wedges,13460
CL0395-JADE,Women/Wedges,13470
CL0395-LEOPARD,Women/Wedges,13480
CL0395-NUDE,Women/Wedges,13490
CL0395-PINK,Women/Wedges,13500
CL0395-TAUPE,Women/Wedges,13510
CL0395-TERRYCLOTH-BLACK,Women/Wedges,13520
CL0395-WHITE,Women/Wedges,13530
CL0396-SILVER,"Women/Bridal Shoes",13540
CL0399-PINK-GOLD,Women/Sandals,13550
CL0400-BLUE,"Women/Platforms/Sky High",13560
CL0400-RED,"Women/Platforms/Sky High",13570
CL0401-RED,Women/Platforms/High,13580
CL0402-BLACK,Women/Sandals,13590
CL0402-BROWN,Women/Sandals,13600
CL0402-PURPLE,Women/Sandals,13610
CL0403-BEIGE,"Women/Pumps/Sky High",13620
CL0404-LEMON,"Women/Pumps/Sky High",13630
CL0404-ORANGE,"Women/Pumps/Sky High",13640
CL0404-RED,"Women/Pumps/Sky High",13650
CL0404-TURQUOISE,"Women/Pumps/Sky High",13660
CL0406-CAMEL,Women/Sandals,13670
CL0406-CUOIO,Women/Sandals,13680
CL0407-BEIGE,Women/Sandals,13690
CL0407-BLACK,Women/Sandals,13700
CL0407-CREME,Women/Sandals,13710
CL0407-FUCHSIA,Women/Sandals,13720
CL0407-GREY,Women/Sandals,13730
CL0407-JADE,Women/Sandals,13740
CL0409-ANTHRACITE,"Women/Bridal Shoes",13750
CL0409-BLACK,"Women/Bridal Shoes",13760
CL0409-BLUE,"Women/Bridal Shoes",13770
CL0409-NUDE,"Women/Bridal Shoes",13780
CL0409-PINK,"Women/Bridal Shoes",13790
CL0409-RED-BLACK,"Women/Bridal Shoes",13800
CL0410-BEIGE,Women/Sandals,13810
CL0410-BLACK,Women/Sandals,13820
CL0410-VIOLET,Women/Sandals,13830
CL0411-BLACK,Women/Sandals,13840
CL0411-OFF-WHITE,Women/Sandals,13850
CL0412-BLACK,Women/Sandals,13860
CL0412-MANDARIN-RED,Women/Sandals,13870
CL0413-BLACK,Women/Wedges,13880
CL0416-WHITE,"Women/Bridal Shoes",13890
CL0419-BLACK,Women/Sandals,13900
CL0419-CHOCOLATE,Women/Sandals,13910
CL0419-COLORFUL,Women/Sandals,13920
CL0419-ICE-BLUE,Women/Sandals,13930
CL0419-SILVER,Women/Sandals,13940
CL0419-WHITE,Women/Sandals,13950
CL0420-BLACK,Women/Wedges,13960
CL0420-FRAMBOISE,Women/Wedges,13970
CL0420-NUDE,Women/Wedges,13980
CL0420-RED,Women/Wedges,13990
CL0420-WHITE,Women/Wedges,14000
CL0420-YELLOW,Women/Wedges,14010
CL0421-BLACK,Women/Sandals,14020
CL0421-PINK,Women/Sandals,14030
CL0421-RED,Women/Sandals,14040
CL0421-TURQUOISE,Women/Sandals,14050
CL0423-BLACK,"Women/Bridal Shoes",14060
CL0423-BLACK-PEACOCK,"Women/Bridal Shoes",14070
CL0423-BLACK-PEACOCK-P,"Women/Bridal Shoes",14080
CL0423-BLUE,"Women/Bridal Shoes",14090
CL0423-PINK,"Women/Bridal Shoes",14100
CL0423-PURPLE,"Women/Bridal Shoes",14110
CL0426-BLACK,"Women/Pumps/Sky High",14120
CL0427-BLACK,"Women/Platforms/Sky High",14130
CL0427-BLACK-WHITE,"Women/Platforms/Sky High",14140
CL0427-YELLOW-BLACK,"Women/Platforms/Sky High",14150
CL0428-BLACK,"Women/Platforms/Sky High",14160
CL0428-GOLD,"Women/Platforms/Sky High",14170
CL0428-GREEN,"Women/Platforms/Sky High",14180
CL0428-RED,"Women/Platforms/Sky High",14190
CL0428-VULCANO,"Women/Platforms/Sky High",14200
CL0429-BLUE,Women/Platforms/High,14210
CL0429-ROSE,Women/Platforms/High,14220
CL0430-BLACK,Women/Platforms/High,14230
CL0430-BLUE,Women/Platforms/High,14240
CL0430-HOT-PINK,Women/Platforms/High,14250
CL0430-JADE,Women/Platforms/High,14260
CL0430-LAME,Women/Platforms/High,14270
CL0430-NUDE,Women/Platforms/High,14280
CL0430-PANAMA-BLACK,Women/Platforms/High,14290
CL0430-PATENT-BLACK,Women/Platforms/High,14300
CL0430-PATENT-BLACK-120MM,Women/Platforms/High,14310
CL0430-PATENT-GREEN,Women/Platforms/High,14320
CL0430-PATENT-NUDE,Women/Platforms/High,14330
CL0430-PEACH,Women/Platforms/High,14340
CL0430-PINK,Women/Platforms/High,14350
CL0430-RED,Women/Platforms/High,14360
CL0430-RED-FLAME,Women/Platforms/High,14370
CL0430-RED-LIPSTICK,Women/Platforms/High,14380
CL0430-SILK-NUDE,Women/Platforms/High,14390
CL0430-SNAKESKIN-GOLD,Women/Platforms/High,14400
CL0430-STRASS-NUDE,"Women/Bridal Shoes",14410
CL0430-STRASS-PRUNE,"Women/Bridal Shoes",14420
CL0430-SUEDE-BLACK,Women/Platforms/High,14430
CL0430-SUEDE-BROWN,Women/Platforms/High,14440
CL0430-SUEDE-RED,Women/Platforms/High,14450
CL0430-WATERSNAKE-GOLD,Women/Platforms/High,14460
CL0430-WATERSNAKE-SILVER,Women/Platforms/High,14470
CL0431-CYRSTAL,"Women/Bridal Shoes",14480
CL0432-GREY,"Women/Boots/Tall Boots",14490
CL0432-RED,"Women/Boots/Tall Boots",14500
CL0433-GREY,"Women/Boots/Ankle Boots",14510
CL0434-BROWN,Women/Sandals,14520
CL0435-TAUPE,Women/Sandals,14530
CL0435-WHITE,Women/Sandals,14540
CL0437-AMETHYST,"Women/Bridal Shoes",14550
CL0437-BLACK,"Women/Bridal Shoes",14560
CL0437-CHAMPAGNE,"Women/Bridal Shoes",14570
CL0437-EMERAUDE,"Women/Bridal Shoes",14580
CL0437-PINK,"Women/Bridal Shoes",14590
CL0440-BLACK,Women/Sandals,14600
CL0440-POMICE,Women/Sandals,14610
CL0440-SAFRAN,Women/Sandals,14620
CL0441-BLACK,Women/Platforms/High,14630
CL0441-BLUE-GOLD,Women/Platforms/High,14640
CL0441-CAMEL,Women/Platforms/High,14650
CL0441-CORK-BLACK,Women/Platforms/High,14660
CL0441-CORK-NUDE,Women/Platforms/High,14670
CL0441-FLANNEL-BEIGE,Women/Platforms/High,14680
CL0441-OFF-WHITE,Women/Platforms/High,14690
CL0441-SPIKES-BEIGE,Women/Platforms/High,14700
CL0441-SPIKES-BLACK,Women/Platforms/High,14710
CL0441-SPIKES-BLUE,Women/Platforms/High,14720
CL0441-SPIKES-GOLD,Women/Platforms/High,14730
CL0441-SPIKES-LEOPARD,Women/Platforms/High,14740
CL0441-SPIKES-NUDE,Women/Platforms/High,14750
CL0441-SPIKES-PINK,Women/Platforms/High,14760
CL0441-SPIKES-SILVER,Women/Platforms/High,14770
CL0441-SUEDE-BLACK,Women/Platforms/High,14780
CL0441-SUEDE-PURPLE,Women/Platforms/High,14790
CL0441-WATERSNAKE-BLUE,Women/Platforms/High,14800
CL0441-WATERSNAKE-FUCHSIA,Women/Platforms/High,14810
CL0443-AURORA-BOREALE,"Women/Bridal Shoes",14820
CL0443-BLACK,"Women/Bridal Shoes",14830
CL0443-HEMATITE,"Women/Bridal Shoes",14840
CL0443-NUDE,"Women/Bridal Shoes",14850
CL0443-PINK-100MM,"Women/Bridal Shoes",14860
CL0443-PIVOINE,"Women/Bridal Shoes",14870
CL0443-WHITE,"Women/Bridal Shoes",14880
CL0444-ARGENT,"Women/Bridal Shoes",14890
CL0444-BLACK,"Women/Bridal Shoes",14900
CL0444-NUDE,"Women/Bridal Shoes",14910
CL0444-OFF-WHITE,"Women/Bridal Shoes",14920
CL0444-RED,"Women/Bridal Shoes",14930
CL0447-BLACK-I,"Women/Boots/Tall Boots",14940
CL0449-BLACK,"Women/Platforms/Sky High",14950
CL0449-BLACK-RED,"Women/Platforms/Sky High",14960
CL0449-GOLD,"Women/Platforms/Sky High",14970
CL0449-PINK,"Women/Platforms/Sky High",14980
CL0449-POUDRE,"Women/Platforms/Sky High",14990
CL0449-ROSE,"Women/Platforms/Sky High",15000
CL0449-S-BLACK-ROSE,"Women/Platforms/Sky High",15010
CL0449-SLINGBACKS-GALAXY,"Women/Bridal Shoes",15020
CL0449-SLINGBACKS-GOLD,"Women/Bridal Shoes",15030
CL0449-SLINGBACKS-GRAY,"Women/Platforms/Sky High",15040
CL0449-SLINGBACKS-NUDE,"Women/Platforms/Sky High",15050
CL0449-SLINGBACKS-PINK,"Women/Platforms/Sky High",15060
CL0449-SLINGBACKS-SILVER,"Women/Platforms/Sky High",15070
CL0449-SLINGBACKS-TURQUOISE,"Women/Platforms/Sky High",15080
CL0449-SLING-BLACK,"Women/Platforms/Sky High",15090
CL0449-SOURIS-CRAIE,"Women/Platforms/Sky High",15100
CL0449-WHITE,"Women/Platforms/Sky High",15110
CL0450-BLUE,"Women/Platforms/Sky High",15120
CL0450-LEOPARD,"Women/Platforms/Sky High",15130
CL0450-MEDIUM-BLUE,"Women/Platforms/Sky High",15140
CL0450-OFF-WHITE,"Women/Bridal Shoes",15150
CL0450-SCALE-BLACK,"Women/Platforms/Sky High",15160
CL0452-BLACK-WHITE,Women/Sandals,15170
CL0452-PEWTER,Women/Sandals,15180
CL0454-GOLD,"Women/Bridal Shoes",15190
CL0454-MULTICOLOR,"Women/Bridal Shoes",15200
CL0459-GOLD,"Women/Bridal Shoes",15210
CL0460-ANIS,Women/Wedges,15220
CL0460-FLAME,Women/Wedges,15230
CL0460-MARYJANE-BLACK,Women/Wedges,15240
CL0460-MARYJANE-BROWN,Women/Wedges,15250
CL0460-MARYJANE-PINK,Women/Wedges,15260
CL0460-MARYJANE-RED,Women/Wedges,15270
CL0464-BLACK,"Women/Boots/Ankle Boots",15280
CL0464-GREEN,"Women/Boots/Ankle Boots",15290
CL0464-MADARIN-RED,"Women/Boots/Ankle Boots",15300
CL0464-RED,"Women/Boots/Ankle Boots",15310
CL0466-BLACK,"Women/Boots/Ankle Boots",15320
CL0467-BLACK,"Women/Boots/Ankle Boots",15330
CL0467-LEOPARD,"Women/Boots/Ankle Boots",15340
CL0470-BLACK,"Women/Boots/Ankle Boots",15350
CL0470-LEOPARD,"Women/Boots/Ankle Boots",15360
CL0470-RED,"Women/Boots/Ankle Boots",15370
CL0471-BLACK,"Women/Boots/Ankle Boots",15380
CL0471-NUDE,"Women/Boots/Ankle Boots",15390
CL0471-PURPLE,"Women/Boots/Ankle Boots",15400
CL0475-PURPLE,"Women/Boots/Tall Boots",15410
CL0475-TAUPE,"Women/Boots/Tall Boots",15420
CL0479-BLUE,"Women/Bridal Shoes",15430
CL0479-COLOR,"Women/Bridal Shoes",15440
CL0479-NUDE,"Women/Bridal Shoes",15450
CL0480-BLACK,"Women/Boots/Tall Boots",15460
CL0480-RED,"Women/Boots/Tall Boots",15470
CL0484M-BLUE,Men/Derbies,15480
CL0484M-FLANNEL-GREY,Men/Derbies,15490
CL0484M-GREY,Men/Derbies,15500
CL0490-TAUPE,"Women/Pumps/Sky High",15510
CL0492-BLACK,"Women/Boots/Ankle Boots",15520
CL0492-PURPLE,"Women/Boots/Ankle Boots",15530
CL0492-TAUPE,"Women/Boots/Ankle Boots",15540
CL0496-BLACK,"Women/Boots/Tall Boots",15550
CL0496-BLACK-STRASS,"Women/Boots/Tall Boots",15560
CL0503M-LEOPARD,Men/Derbies,15570
CL0503M-PINK,Men/Derbies,15580
CL0505-BLACK,"Women/Boots/Tall Boots",15590
CL0507-BLACK,"Women/Boots/Ankle Boots",15600
CL0508-HAVANE,"Women/Boots/Tall Boots",15610
CL0508-LEOPARD,"Women/Boots/Tall Boots",15620
CL0508-NAVYBLUE,"Women/Boots/Tall Boots",15630
CL0509-BLACK,"Women/Pumps/Sky High",15640
CL0509-BLACK-SUEDE,"Women/Pumps/Sky High",15650
CL0509-CARAIBES,"Women/Pumps/Sky High",15660
CL0509-GREEN,"Women/Pumps/Sky High",15670
CL0509-NUDE,"Women/Pumps/Sky High",15680
CL0509-NUDE-WATERSNAKE,"Women/Pumps/Sky High",15690
CL0509-PATENT-BLACK,"Women/Pumps/Sky High",15700
CL0509-ROSE-PARIS,"Women/Pumps/Sky High",15710
CL0509-SILVER,"Women/Pumps/Sky High",15720
CL0509-SUEDE-VIOLET,"Women/Pumps/Sky High",15730
CL0510-BLACK-SUEDE,"Women/Pumps/Sky High",15740
CL0510-BLEU-SAPHIR,"Women/Pumps/Sky High",15750
CL0510-ENGLISH-GREEN,"Women/Pumps/Sky High",15760
CL0510-KID-BLACK,"Women/Pumps/Sky High",15770
CL0510-PLUM-SUEDE,"Women/Pumps/Sky High",15780
CL0511-BLACK,Women/Pumps/High,15790
CL0511-LEOPARD,"Women/Pumps/Sky High",15800
CL0512-BLACK,Women/Platforms/High,15810
CL0512-WHITE,Women/Platforms/High,15820
CL0513-SILVER,"Women/Platforms/Sky High",15830
CL0514-120MM-RED,Women/Sandals,15840
CL0514-BLACK,Women/Sandals,15850
CL0514-BLACK-120MM,Women/Sandals,15860
CL0514-MULTICOLOR,Women/Sandals,15870
CL0515-BLACK,Women/Sandals,15880
CL0515-PURPLE,Women/Sandals,15890
CL0516-BLACK,Women/Sandals,15900
CL0517-BLACK,"Women/Pumps/Sky High",15910
CL0517-PEACOCK,"Women/Pumps/Sky High",15920
CL0521-BLACK,"Women/Boots/Ankle Boots",15930
CL0521-BROWN,"Women/Boots/Ankle Boots",15940
CL0521-GOLD,"Women/Boots/Ankle Boots",15950
CL0521-PIVOINE,"Women/Boots/Ankle Boots",15960
CL0523-BLACK-NEPTUNE,Men/Loafers,15970
CL0523M-SUEDE-BLACK,Men/Derbies,15980
CL0523M-SUEDE-PEACOCK,Men/Derbies,15990
CL0524-LEOPARD-FLAME,Women/Sandals,16000
CL0524-NUDE,Women/Sandals,16010
CL0527-BLACK,Women/Sandals,16020
CL0527-NUDE,Women/Sandals,16030
CL0528-TABACCO,"Women/Boots/Ankle Boots",16040
CL0530-BLACK,"Women/Boots/Ankle Boots",16050
CL0530-VIOLET,"Women/Boots/Ankle Boots",16060
CL0531-TAUPE,"Women/Boots/Ankle Boots",16070
CL0532-BLACK,"Women/Boots/Ankle Boots",16080
CL0532-BLACK-TAUPE,"Women/Boots/Ankle Boots",16090
CL0533-BLACK,"Women/Boots/Ankle Boots",16100
CL0533-SPECCHIO,"Women/Boots/Ankle Boots",16110
CL0534-PEACOCK,"Women/Boots/Ankle Boots",16120
CL0534-TAUPE,"Women/Boots/Ankle Boots",16130
CL0536-BLACK,"Women/Boots/Tall Boots",16140
CL0536-ROSE,"Women/Boots/Tall Boots",16150
CL0537-BLACK,"Women/Boots/Ankle Boots",16160
CL0538-BLACK,"Women/Boots/Tall Boots",16170
CL0540-FAUVE,Women/Sandals,16180
CL0541-BLACK,"Women/Boots/Tall Boots",16190
CL0542-BLACK,"Women/Boots/Tall Boots",16200
CL0542-GRIS,"Women/Boots/Tall Boots",16210
CL0543-BLACK,"Women/Boots/Ankle Boots",16220
CL0543-LEOPARD,"Women/Boots/Ankle Boots",16230
CL0543-PONY-BLACK,"Women/Boots/Ankle Boots",16240
CL0543-RED,"Women/Boots/Ankle Boots",16250
CL0544-TABACCO,"Women/Boots/Tall Boots",16260
CL0545-FAUVE,"Women/Boots/Ankle Boots",16270
CL0546-BLACK,"Women/Boots/Ankle Boots",16280
CL0546-TABACCO,"Women/Boots/Ankle Boots",16290
CL0547-BLACK,"Women/Boots/Tall Boots",16300
CL0547-RED,"Women/Boots/Tall Boots",16310
CL0548-BLACK,"Women/Boots/Ankle Boots",16320
CL0548-NUDE,"Women/Boots/Ankle Boots",16330
CL0549-BLACK,"Women/Boots/Ankle Boots",16340
CL0549-NATURAL,"Women/Boots/Ankle Boots",16350
CL0550M-NAVY,"Men/Boat Shoes",16360
CL0550M-TAUPE,"Men/Boat Shoes",16370
CL0550-NAVY,Women/Flats/Sneakers,16380
CL0550-TAUPE,Women/Flats/Sneakers,16390
CL0555M-BLACK,Men/Derbies,16400
CL0555M-RED,Men/Derbies,16410
CL0556-LEOPARD,Men/Loafers,16420
CL0556M-BLUE,Men/Derbies,16430
CL0556M-RED,Men/Derbies,16440
CL0556M-ZEBRA,Men/Derbies,16450
CL0557M-LEOPARD,Men/Derbies,16460
CL0557M-PEACOCK,Men/Derbies,16470
CL0560M-BEIGE,Men/Derbies,16480
CL0560M-BLACK,Men/Derbies,16490
CL0561-BLACK,Women/Flats/Sneakers,16500
CL0561M-BLACK,Men/Sneakers,16510
CL0564M-MULTICOLOR,Men/Sneakers,16520
CL0564-MULTICOLOR,Women/Flats/Sneakers,16530
CL0567-BLACK,"Women/Bridal Shoes",16540
CL0568-BLACK,Women/Platforms/High,16550
CL0568-BLACK-ROUGE,Women/Platforms/High,16560
CL0568-CANARI,Women/Platforms/High,16570
CL0568-LEATHER-BLACK,Women/Platforms/High,16580
CL0568-ROSE,Women/Platforms/High,16590
CL0569-BLACK,Women/Platforms/High,16600
CL0569-NUDE,Women/Platforms/High,16610
CL0570-BLACK,Women/Platforms/High,16620
CL0570-NUDE,Women/Platforms/High,16630
CL0571-BLACK,"Women/Bridal Shoes",16640
CL0571-PIVOINE,"Women/Bridal Shoes",16650
CL0572-BLACK,"Women/Pumps/Sky High",16660
CL0572-NUDE,"Women/Pumps/Sky High",16670
CL0572-SUEDE-VIOLET,"Women/Pumps/Sky High",16680
CL0574-BLACK,"Women/Pumps/Sky High",16690
CL0574-BLACK-LEOPARD,"Women/Pumps/Sky High",16700
CL0574-RED,"Women/Pumps/Sky High",16710
CL0575-FAUVE,Women/Sandals,16720
CL0575-MULTICOLOR,Women/Sandals,16730
CL0576-BLACK,"Women/Pumps/Sky High",16740
CL0578-BLACK,"Women/Pumps/Sky High",16750
CL0579-BLACK,"Women/Pumps/Sky High",16760
CL0580-BEIGE,Women/Pumps/High,16770
CL0582-HAVANE,Women/Pumps/High,16780
CL0582-SUEDE-PIVOINE,Women/Pumps/High,16790
CL0584-BLACK,Women/Pumps/High,16800
CL0584-VEAU,Women/Pumps/High,16810
CL0586-BLACK,Women/Pumps/High,16820
CL0586-STONE,Women/Pumps/High,16830
CL0587-BLACK,Women/Pumps/High,16840
CL0587-RED,Women/Pumps/High,16850
CL0589-RED,"Women/Pumps/Sky High",16860
CL0590-BLACK,Women/Pumps/High,16870
CL0590-NUDE,Women/Pumps/High,16880
CL0591-BLACK,Women/Sandals,16890
CL0591-RED,Women/Sandals,16900
CL0592-ROSE,Women/Sandals,16910
CL0593-BLACK,Women/Sandals,16920
CL0593-TAUPE,Women/Sandals,16930
CL0594-BLACK,Women/Sandals,16940
CL0594-PIVOINE,Women/Sandals,16950
CL0595-BLACK,Women/Sandals,16960
CL0595-ORANGE,Women/Sandals,16970
CL0595-PLATINE,Women/Sandals,16980
CL0597-BLACK,Women/Sandals,16990
CL0598-BLACK,Women/Sandals,17000
CL0598-PURPLE,Women/Sandals,17010
CL0599-CANARI,Women/Sandals,17020
CL0600-BLACK,"Women/Bridal Shoes",17030
CL0600-PATENT-BLACK,"Women/Bridal Shoes",17040
CL0600-RED,"Women/Bridal Shoes",17050
CL0600-SOURIS,"Women/Bridal Shoes",17060
CL0602-BLACK,Women/Sandals,17070
CL0602-BLUE,Women/Sandals,17080
CL0602-ROSE,Women/Sandals,17090
CL0603-BLACK,Women/Sandals,17100
CL0603-WHITE,Women/Sandals,17110
CL0604-BLACK,Women/Sandals,17120
CL0604-GREEN,Women/Sandals,17130
CL0604-PURPLE,Women/Sandals,17140
CL0604-RED,Women/Sandals,17150
CL0605-BLACK,Women/Sandals,17160
CL0607-BLACK,Women/Wedges,17170
CL0607-GOLD,Women/Wedges,17180
CL0608-BLACK,Women/Sandals,17190
CL0608-PLUM,Women/Sandals,17200
CL0609-LEOPARD,Women/Wedges,17210
CL0610-BLACK,Women/Flats/Ballerinas,17220
CL0611-BLACK,Women/Flats/Ballerinas,17230
CL0611-PURPLE,Women/Flats/Ballerinas,17240
CL0618-BLACK,Women/Flats/Ballerinas,17250
CL0618-BLUE,Women/Flats/Ballerinas,17260
CL0618-TARTEN,Women/Flats/Ballerinas,17270
CL0619-LEOPARD,Women/Flats/Loafers,17280
CL0619M-LEOPARD,Men/Derbies,17290
CL0623-BLACK,Women/Flats/Ballerinas,17300
CL0623-RED,Women/Flats/Ballerinas,17310
CL0624-BLACK,Women/Flats/Ballerinas,17320
CL0624-SILVER-ROSE-PARIS,Women/Flats/Ballerinas,17330
CL0625-SMOKE,Women/Sandals,17340
CL0627-FAUVE-GOLD,"Women/Boots/Ankle Boots",17350
CL0627-STONE,"Women/Boots/Ankle Boots",17360
CL0628-BLACK,Women/Wedges,17370
CL0628-ROSE-PARIS,Women/Wedges,17380
CL0629-BABY-PINK,"Women/Pumps/Sky High",17390
CL0629-NUDE,"Women/Pumps/Sky High",17400
CL0629-ROSE-PARIS,"Women/Pumps/Sky High",17410
CL0632-WHITE-RED-BLUE,Women/Flats/Sneakers,17420
CL0636-MULTICOLOR,Women/Sandals,17430
CL0638-WHITE,Men/Derbies,17440
CL0644-BLACK,Women/Pumps/High,17450
CL0645-BLACK,Women/Sandals,17460
CL0646-BLACK,Women/Sandals,17470
CL0646-ROUGE-LIPSTICK,Women/Sandals,17480
CL0647M-BLACK,Men/Loafers,17490
CL0647M-CENDRE,Men/Loafers,17500
CL0647M-GOLD,Men/Loafers,17510
CL0647M-RED,Men/Loafers,17520
CL0647M-SILVER,Men/Loafers,17530
CL0647M-STONE,Men/Loafers,17540
CL0649-BLACK,"Women/Pumps/Sky High",17550
CL0649-RED,"Women/Pumps/Sky High",17560
CL0650-BLUE,"Women/Platforms/Sky High",17570
CL0652-BLACKRED,Women/Pumps/High,17580
CL0654-ROSE,Women/Sandals,17590
CL0655-PARME,Women/Platforms/High,17600
CL0657-CRAIE,Women/Flats/Loafers,17610
CL0660-SILVER,Women/Sandals,17620
CL0661-BLACK,Women/Sandals,17630
CL0661-SILVER,Women/Sandals,17640
CL0662-STONE,Women/Platforms/High,17650
CL0665-NUDE,Women/Pumps/High,17660
CL0666-BLACK,"Women/Pumps/Sky High",17670
CL0666-CANARI,"Women/Pumps/Sky High",17680
CL0666-CORDE,"Women/Pumps/Sky High",17690
CL0666-DENIM,"Women/Pumps/Sky High",17700
CL0668-BLACK,Women/Pumps/High,17710
CL0669-MULTICOLOR,Women/Wedges,17720
CL0669-RED,Women/Wedges,17730
CL0670-NUDE,Women/Pumps/High,17740
CL0670-WHITE,"Women/Pumps/Sky High",17750
CL0671-WHITE,"Women/Bridal Shoes",17760
CL0672-SILVER,Women/Platforms/High,17770
CL0673-BLACK,"Women/Pumps/Sky High",17780
CL0673-NUDE,"Women/Pumps/Sky High",17790
CL0675-BLACK,"Women/Platforms/Sky High",17800
CL0675-GRENADINE,"Women/Platforms/Sky High",17810
CL0676-GRENADINE,"Women/Platforms/Sky High",17820
CL0676-YELLOW,"Women/Platforms/Sky High",17830
CL0677-ALL-BLACK,Women/Pumps/High,17840
CL0677-BLACK,Women/Pumps/High,17850
CL0677-BLACK-BROWN,Women/Pumps/High,17860
CL0677-BLACK-MULTI,Women/Pumps/High,17870
CL0677-CURACAO-MULTI,Women/Pumps/High,17880
CL0677-DUNE,Women/Pumps/High,17890
CL0677-ECLIPSE,Women/Pumps/High,17900
CL0677-NUDE,Women/Pumps/High,17910
CL0677-NUDE-45MM,Women/Pumps/High,17920
CL0677-PINK,Women/Pumps/High,17930
CL0677-RED,Women/Pumps/High,17940
CL0678-BLACK,Women/Sandals,17950
CL0680-BLACK,Women/Pumps/High,17960
CL0680-BLACK-SUEDE,Women/Pumps/High,17970
CL0680-CURACAO,Women/Pumps/High,17980
CL0680-GOLD,Women/Pumps/High,17990
CL0680-LEOPARD,Women/Pumps/High,18000
CL0680-NUDE,Women/Pumps/High,18010
CL0680-OFF-WHITE,Women/Pumps/High,18020
CL0680-PAPAYE,Women/Pumps/High,18030
CL0680-RED-WINE,Women/Pumps/High,18040
CL0680-ROSE,"Women/Bridal Shoes",18050
CL0680-ROYAL-BLUE,Women/Pumps/High,18060
CL0680-VIOLET,Women/Pumps/High,18070
CL0682-NUDE,Women/Sandals,18080
CL0683-BLACK,Women/Wedges,18090
CL0684-BLACK,Women/Wedges,18100
CL0684-NUDE,Women/Wedges,18110
CL0685-BRONZE,Women/Sandals,18120
CL0686-NUDE,Women/Flats/Ballerinas,18130
CL0687-AQUAMARINE,Women/Platforms/High,18140
CL0687-BLACK,Women/Platforms/High,18150
CL0687-BLACK-PATENT,Women/Platforms/High,18160
CL0687-BLUE,Women/Platforms/High,18170
CL0687-LEA,Women/Pumps/High,18180
CL0687-MAYA,Women/Pumps/High,18190
CL0687-RED,Women/Platforms/High,18200
CL0687-SAFKI,Women/Pumps/High,18210
CL0688-BLACK,Women/Platforms/High,18220
CL0689-BLACK,Women/Sandals,18230
CL0690-BLACK,"Women/Boots/Ankle Boots",18240
CL0691-BLACK,"Women/Boots/Tall Boots",18250
CL0691-BLACK-SUEDE,"Women/Boots/Tall Boots",18260
CL0692-BLACK,"Women/Boots/Ankle Boots",18270
CL0692-BLUE,"Women/Boots/Ankle Boots",18280
CL0693-BLACK,Men/Sneakers,18290
CL0693-LICHEN-WHITE,Men/Sneakers,18300
CL0694-BLACK,Women/Sandals,18310
CL0694-NUDE,Women/Sandals,18320
CL0695-YELLLOW,Women/Platforms/High,18330
CL0696-BLACK,Women/Sandals,18340
CL0697-BLACK,Women/Pumps/High,18350
CL0698-SILVER,"Women/Bridal Shoes",18360
CL0698-SILVER-LEATHER,"Women/Bridal Shoes",18370
CL0699-NUDE,"Women/Bridal Shoes",18380
CL0700-NUDE,Women/Platforms/High,18390
CL0701-LEOPARD,Women/Pumps/High,18400
CL0702-LEOPARD,Women/Wedges,18410
CL0703-WHEAT,"Women/Boots/Ankle Boots",18420
CL0704-BLACK,"Women/Boots/Tall Boots",18430
CL0705-BLACK,"Women/Boots/Ankle Boots",18440
CL0705-BLACK-LEATHER,"Women/Boots/Ankle Boots",18450
CL0705-RED,"Women/Boots/Ankle Boots",18460
CL0706-BLACK,"Women/Boots/Ankle Boots",18470
CL0708-BLACK,"Women/Boots/Ankle Boots",18480
CL0709-BLACK,"Women/Boots/Ankle Boots",18490
CL0710-BLUE,"Women/Boots/Ankle Boots",18500
CL0712-BLACK,"Women/Boots/Tall Boots",18510
CL0714-BLACK,Women/Pumps/High,18520
CL0714-RED,Women/Pumps/High,18530
CL0715-BLACK,Women/Sandals,18540
CL0716-BLACK,"Women/Boots/Ankle Boots",18550
CL0717-BLACK,"Women/Pumps/Sky High",18560
CL0717-BLACK-BROWN,Women/Pumps/High,18570
CL0717-BLACK-PYTHON,Women/Pumps/High,18580
CL0717-BLACK-SUEDE,Women/Pumps/High,18590
CL0717-BLUE,Women/Pumps/High,18600
CL0717-CAPUCINE,Women/Pumps/High,18610
CL0717-CHOCOLATE,"Women/Pumps/Sky High",18620
CL0717-DUNE,Women/Pumps/High,18630
CL0717-EVEQUE,Women/Pumps/High,18640
CL0717-FOREST,Women/Pumps/High,18650
CL0717-GLACIER,Women/Pumps/High,18660
CL0717-GOLDEN,"Women/Pumps/Sky High",18670
CL0717-GRENADINE,"Women/Bridal Shoes",18680
CL0717-LEA,Women/Pumps/High,18690
CL0717-LICHEN,Women/Pumps/High,18700
CL0717-MAYA,Women/Pumps/High,18710
CL0717-NATS,Women/Pumps/High,18720
CL0717-NUDE,Women/Pumps/High,18730
CL0717-PURPLE,"Women/Pumps/Sky High",18740
CL0717-RED,"Women/Pumps/Sky High",18750
CL0717-SAFKI,Women/Pumps/High,18760
CL0717-SEA-GREEN,Women/Pumps/High,18770
CL0717-TURQUOISE,"Women/Pumps/Sky High",18780
CL0718-BLACK,"Women/Boots/Ankle Boots",18790
CL0719-BLACK,"Women/Boots/Tall Boots",18800
CL0720-BLACK,Women/Pumps/High,18810
CL0721-BLACK,"Women/Platforms/Sky High",18820
CL0721-NUDE,"Women/Platforms/Sky High",18830
CL0722-BLACK,"Women/Boots/Tall Boots",18840
CL0722-BLACK-LEOPARD,"Women/Boots/Tall Boots",18850
CL0723-BLACK,Women/Pumps/High,18860
CL0723-NUDE,"Women/Pumps/Sky High",18870
CL0724-BLACK,"Women/Platforms/Sky High",18880
CL0724-GOLD,"Women/Bridal Shoes",18890
CL0724-NUDE,"Women/Platforms/Sky High",18900
CL0724-RED,"Women/Platforms/Sky High",18910
CL0725-BLACK,Women/Pumps/High,18920
CL0726-LEOPARD,"Women/Boots/Ankle Boots",18930
CL0728-ROSE,Women/Pumps/High,18940
CL0729-BROWN,Men/Boots,18950
CL0730-PINK,Women/Sandals,18960
CL0731-NAVY,Women/Sandals,18970
CL0732-BEIGE,Women/Sandals,18980
CL0732-BLACK,Women/Sandals,18990
CL0732-GOLD,Women/Sandals,19000
CL0733-BLACK,Women/Sandals,19010
CL0734-RED,"Women/Boots/Ankle Boots",19020
CL0735-BLACK,"Women/Platforms/Sky High",19030
CL0736-RED,Women/Sandals,19040
CL0737-SILVER,"Women/Bridal Shoes",19050
CL0738-MULTICOLOR,Women/Sandals,19060
CL0738-ROSE,Women/Sandals,19070
CL0739-BLACK,Women/Pumps/High,19080
CL0739-NUDE,Women/Pumps/High,19090
CL0740-BEIGE,"Women/Bridal Shoes",19100
CL0740-BLUE,Women/Sandals,19110
CL0741-BLACK,"Women/Boots/Ankle Boots",19120
CL0741-TURQUESA,"Women/Boots/Ankle Boots",19130
CL0744-CAPUCINE,Men/Sneakers,19140
CL0744-ELECTRIC,Men/Sneakers,19150
CL0744-GREEN,Men/Sneakers,19160
CL0744-LEOPARD,Men/Sneakers,19170
CL0745-BLACK,Women/Pumps/High,19180
CL0745-LEOPARD,Women/Pumps/High,19190
CL0746-BLACK,"Women/Boots/Ankle Boots",19200
CL0746-RED,"Women/Boots/Ankle Boots",19210
CL0746-WHITE,"Women/Boots/Ankle Boots",19220
CL0747-BLACK,"Women/Bridal Shoes",19230
CL0747-GRENADINE,"Women/Bridal Shoes",19240
CL0747-GRENADINE-RED,"Women/Bridal Shoes",19250
CL0748-BLACK,Women/Pumps/High,19260
CL0749-BLACK,"Women/Boots/Ankle Boots",19270
CL0749-ECLIPSE,"Women/Boots/Ankle Boots",19280
CL0750-ANIS,"Women/Boots/Ankle Boots",19290
CL0750-BLACK,"Women/Boots/Ankle Boots",19300
CL0750-BLACK-PYTHON,"Women/Boots/Ankle Boots",19310
CL0750-PAPAYE,"Women/Boots/Ankle Boots",19320
CL0750-RED,"Women/Boots/Ankle Boots",19330
CL0750-WHITE,"Women/Boots/Ankle Boots",19340
CL0751-BLACK,Women/Platforms/High,19350
CL0753-BLUE,Women/Platforms/High,19360
CL0753-OFF-WHITE,Women/Platforms/High,19370
CL0755-GOLD,Women/Sandals,19380
CL0756-WHITE,Women/Sandals,19390
CL0757-COFFEE,"Women/Platforms/Sky High",19400
CL0758-BLACK,Women/Sandals,19410
CL0760-BLACK,Women/Sandals,19420
CL0761-BLACK,"Women/Bridal Shoes",19430
CL0762-WHITE,Women/Pumps/High,19440
CL0763-BLACK,Women/Sandals,19450
CL0764-BLACK,Women/Sandals,19460
CL0765-ANIS,Women/Sandals,19470
CL0765-WHITE,Women/Sandals,19480
CL0766-GOLD,Women/Pumps/High,19490
CL0766-SILVER,Women/Pumps/High,19500
CL0767-BLACK,Women/Pumps/High,19510
CL0767-BLACK-WHITE,Women/Pumps/High,19520
CL0767-VERSION-RIVIERA,Women/Pumps/High,19530
CL0769-VERSION-RIVIERA,Women/Pumps/High,19540
CL0770-BLACK,Women/Sandals,19550
CL0770-BLACK-LEATHER,Women/Sandals,19560
CL0770-DUNE,Women/Sandals,19570
CL0770-NUDE,Women/Sandals,19580
CL0771-ROSE,"Women/Boots/Ankle Boots",19590
CL0772-BEIGE,Women/Flats/Sandals,19600
CL0773-BLACK-MULTIC-LUC,Men/Sneakers,19610
CL0773-WHITE,Men/Sneakers,19620
CL0774-BLACK,Women/Platforms/High,19630
CL0774-MAYA,Women/Platforms/High,19640
CL0774-SAFKI,Women/Platforms/High,19650
CL0775-ANTHRACITE,Men/Sneakers,19660
CL0775-GREY,Men/Sneakers,19670
CL0776-WHITE,Women/Pumps/High,19680
CL0777-GOLD,Women/Pumps/High,19690
CL0777-SILVER,Women/Pumps/High,19700
CL0778-BLACK-GOLD,Women/Pumps/High,19710
CL0778-MULTI,Women/Pumps/High,19720
CL0778-NUDE-RED-MARCH,Women/Pumps/High,19730
CL0778-VERSION-DARK-BROWN,Women/Pumps/High,19740
CL0779-RED,Men/Sneakers,19750
CL0780-ECLIPSE,Men/Sneakers,19760
CL0780-MULTI,Men/Sneakers,19770
CL0781-FOREST,Men/Sneakers,19780
CL0781-VERSION-COSMOS,Men/Sneakers,19790
CL0781-WHITE,Men/Sneakers,19800
CL0782-POUDRE,"Women/Bridal Shoes",19810
CL0783-POUDRE,Women/Pumps/High,19820
CL0783-WHITE-SILVER,Women/Pumps/High,19830
CL0784-NUDE,Women/Sandals,19840
CL0809-EVEQUE,Women/Sandals,19850
CL0809-NUDE,Women/Sandals,19860
CL0809-OFF-WHITE,Women/Sandals,19870
CL0809-PINK,Women/Sandals,19880
CL0810-ECLIPSE,Women/Pumps/High,19890
CL0810-PAPAYE,Women/Pumps/High,19900
CL0811-ECLIPSE,Women/Pumps/High,19910
CL0811-NUDE,Women/Pumps/High,19920
CL0812-VERSION-EVEQUE,Women/Sandals,19930
CL0812-VERSION-NUDE,Women/Flats/Ballerinas,19940
CL0812-VERSION-NUDE-I,Women/Sandals,19950
CL0813-POIVRE,Men/Derbies,19960
CL0813-VIOLET,Men/Loafers,19970
CL0814-NUDE,Women/Flats/Ballerinas,19980
CL0815-GOLD,Women/Pumps/High,19990
CL0816-BROWN,Men/Sneakers,20000
CL0816-LICHEN,Men/Sneakers,20010
CL0817-FRAMBOISINE,Women/Flats/Sneakers,20020
CL0817-PINK,Women/Flats/Sneakers,20030
CL0818-ECLIPSE-WHITE,Men/Sneakers,20040
CL0818-WHITE-ECLIPSE,Men/Sneakers,20050
CL0819-WHITE,Men/Sneakers,20060
CL0820-CORAZON,Women/Wedges,20070
CL0820-WHITE,Women/Wedges,20080
CL0821-BLACK,"Women/Boots/Tall Boots",20090
CL0822-BLACK,"Women/Boots/Tall Boots",20100
CL0823-GOLD,Women/Pumps/High,20110
CL0823-NUDE,Women/Pumps/High,20120
CL0824-BLACK,Women/Pumps/High,20130
CL0824-MULTI,Women/Pumps/High,20140
CL0825-BLACK,Women/Pumps/High,20150
CL0825-NUDE,Women/Pumps/High,20160
CL0826-BLACK,"Women/Boots/Tall Boots",20170
CL0827-BLACK,"Women/Boots/Tall Boots",20180
CL0828-WINE-RED-GOLD,"Women/Platforms/Sky High",20190
CL0829-LIE-WINE,Women/Pumps/High,20200
CL0829-PLATINE,Women/Pumps/High,20210
CL0829-TURQUIN,Women/Pumps/High,20220
CL0829-VIOLET,Women/Pumps/High,20230
CL0830-MULTI,Women/Pumps/High,20240
CL0830-PINK,Women/Pumps/High,20250
CL0831-BROWN-WHITE,Women/Pumps/High,20260
CL0831-LIE-WINE,Women/Pumps/High,20270
CL0832-BLACK,Women/Pumps/High,20280
CL0832-BLACK-GOLD,Women/Pumps/High,20290
CL0832-BLACK-LEATHER,Women/Pumps/High,20300
CL0832-VIOLET,Women/Pumps/High,20310
CL0832-VIOLET-GOLD,Women/Pumps/High,20320
CL0833-BLACK,Women/Sandals,20330
CL0833-ECLIPSE,Women/Sandals,20340
CL0833-VERSION-BLACK,Women/Sandals,20350
CL0834-BLACK,"Women/Boots/Ankle Boots",20360
CL0834-LEOPARD,"Women/Boots/Ankle Boots",20370
CL0834-LIE-WINE,"Women/Boots/Ankle Boots",20380
CL0835-BLACK,"Women/Boots/Tall Boots",20390
CL0835-CENDRE,"Women/Boots/Tall Boots",20400
CL0836-BLACK,"Women/Pumps/Sky High",20410
CL0836-MULTI,"Women/Pumps/Sky High",20420
CL0837-BLACK-MULTI,Women/Pumps/High,20430
CL0837-TILLEUL,Women/Pumps/High,20440
CL0838-BLACK,Women/Pumps/High,20450
CL0838-NUDE,Women/Pumps/High,20460
CL0839-BLACK,Women/Pumps/High,20470
CL0840-WINE-RED,Women/Pumps/High,20480
CL0841-NAVY-GREEN,Men/Sneakers,20490
CL0841-RED-BLUE,Men/Sneakers,20500
CL0842-BLACK,Women/Pumps/High,20510
CL0842-BLACK-RED,Women/Pumps/High,20520
CL0843-BLACK,"Women/Boots/Ankle Boots",20530
CL0843-TURQUIN,"Women/Boots/Ankle Boots",20540
CL0844-COSMOS,Women/Pumps/High,20550
CL0844-HEMATITE,Women/Pumps/High,20560
CL0845-LEA,Women/Pumps/High,20570
CL0845-MAYA,Women/Pumps/High,20580
CL0845-SAFKI,Women/Pumps/High,20590
CL0846-BLUE,Men/Sneakers,20600
CL0847-BLACK,Women/Pumps/High,20610
CL0847-BLACK-RED,Women/Pumps/High,20620
CL0847-MULTI,Men/Sneakers,20630
CL0847-NUDE,Women/Pumps/High,20640
CL0847-RED,Women/Pumps/High,20650
CL0848-MULTI,Men/Sneakers,20660
CL0849-MIMOSA,Women/Flats/Sneakers,20670
CL0850-BLACK,Women/Pumps/High,20680
CL0850-RED,Women/Pumps/High,20690
CL0851-BLACK,Women/Pumps/High,20700
CL0852-BLACK,Women/Pumps/High,20710
CL0852-MULTI,"Women/Platforms/Sky High",20720
CL0852-NUDE,Women/Pumps/High,20730
CL0852-WHITE,Women/Pumps/High,20740
CL0853-BLUSH-BEIGE,Women/Pumps/High,20750
CL0853-BLUSH-CHOCOLATE,Women/Pumps/High,20760
CL0853-BLUSH-ESPRESSO,Women/Pumps/High,20770
CL0853-BLUSH-NUDE,Women/Pumps/High,20780
CL0853-BLUSH-SADDLEBROWN,Women/Pumps/High,20790
CL0854-BLUSH-BEIGE,Women/Pumps/High,20800
CL0854-BLUSH-CHOCOLATE,Women/Pumps/High,20810
CL0854-BLUSH-ESPRESSO,Women/Pumps/High,20820
CL0854-BLUSH-NUDE,Women/Pumps/High,20830
CL0854-BLUSH-SADDLEBROWN,Women/Pumps/High,20840
CL0855-BLACK,Women/Pumps/High,20850
CL0856-BEIGE,Women/Pumps/High,20860
CL0856-BLACK,Women/Pumps/High,20870
CL0856-CAPUCINE,Women/Pumps/High,20880
CL0856-ESPADON,Women/Pumps/High,20890
CL0856-NEIGE,Women/Pumps/High,20900
CL0857-BLACK,Women/Pumps/High,20910
CL0857-ROSE,Women/Pumps/High,20920
CL0858-SILVER,Women/Pumps/High,20930
CL0859-ROSE,Women/Pumps/High,20940
CL0860-BEIGE,Women/Pumps/High,20950
CL0860-RUBIS-WHITE,Women/Pumps/High,20960
CL0861-BLUE,Men/Sneakers,20970
CL0862-BLACK-SILVER,Men/Sneakers,20980
CL0863-BLACK-SILVER,Men/Sneakers,20990
CL0864-GOLD,Women/Flats/Ballerinas,21000
CL0865-GOLD,"Women/Pumps/Sky High",21010
CL0866-GOLD,Women/Sandals,21020
CL0867-BLACK,Women/Pumps/High,21030
CL0867-HORIZON-SILVER,Women/Pumps/High,21040
CL0867-RED,Women/Pumps/High,21050
CL0867-WHITE-IVORY,Women/Pumps/High,21060
CL0868-SILVER,"Women/Platforms/Sky High",21070
CL0869-SILVER,Women/Sandals,21080
CL0870-NUDE-LIGHT-GOLD,Women/Flats/Ballerinas,21090
CL0871-BLACK-SILVER,Women/Pumps/High,21100
CL0871-NUDE,Women/Pumps/High,21110
CL0872-NUDE,"Women/Platforms/Sky High",21120
CL0873-EDELWEISS,Women/Sandals,21130
CL0874-Nude-Gold,Women/Pumps/High,21140
CL0875-Nude,Women/Sandals,21150
CL0876-Black,Men/Sneakers,21160
CL0876-White,Men/Sneakers,21170
CL0877-White,Men/Sneakers,21180
CL0878-HORIZON,Women/Pumps/High,21190
CL0879-BLACK,Women/Pumps/High,21200
CL0879-DIGITALE,Women/Pumps/High,21210
CL0880-VERSION-DIGITALE,Women/Pumps/High,21220
CL0881-PIERRE,Men/Sneakers,21230
CL0882-BLACK,Women/Sandals,21240
CL0883-HORIZON,Men/Sneakers,21250
CL0884-BLACK,Women/Pumps/High,21260
CL0884-RED,Women/Pumps/High,21270
CL0884-ROSE,Women/Pumps/High,21280
CL0885-BLACK,"Women/Pumps/Sky High",21290
CL0885-SILVER,"Women/Pumps/Sky High",21300
CL0886-NEIGE,Women/Pumps/High,21310
CL0887-BLACK,Women/Flats/Ballerinas,21320
CL0887-NEIGE,Women/Flats/Ballerinas,21330
CL0887-NUDE,Women/Pumps/High,21340
CL0887-NUDE-LIGHT-GOLD,Women/Flats/Ballerinas,21350
CL0887-WHITE,Women/Pumps/High,21360
CL0888-CAPUCINE,Women/Sandals,21370
CL0889-WHITE,Men/Sneakers,21380
CL0890-BEIGE,Women/Pumps/High,21390
CL0891-NUDE,Women/Sandals,21400
CL0892-OFF-WHITE,Women/Sandals,21410
CL0893-BLACK,Women/Pumps/High,21420
CL0893-LIGHT-GOLD,Women/Pumps/High,21430
CL0893-NUDE,Women/Pumps/High,21440
CL0894-BLACK,Women/Pumps/High,21450
CL0894-NUDE,Women/Pumps/High,21460
CL0895-BLACK,Men/Sneakers,21470
CL0895-ELECTRIC,Men/Sneakers,21480
CL0895-PAVOT-PAVOT,Men/Sneakers,21490
CL0896-BLACK,Women/Pumps/High,21500
CL0896-NUDE,Women/Pumps/High,21510
CL0897-WHITE,Women/Pumps/High,21520
CL0898-NUDE,Women/Pumps/High,21530
CL0898-RED,Women/Pumps/High,21540
CL0899-NUDE,"Women/Pumps/Sky High",21550
CL0900-BLACK,Women/Pumps/High,21560
CL0903-NUDE,Women/Pumps/High,21570
CL0903-VERSION-NEON,Women/Pumps/High,21580
CL0904-SILVER,Women/Sandals,21590
CL0905-NEIGE,Women/Sandals,21600
CL0906-NEIGE,Women/Pumps/High,21610
CL0907-CARMIN,Women/Sandals,21620
CL0907-CARMIN-RONSARD,Women/Pumps/High,21630
CL0907-NUDE,Women/Pumps/High,21640
CL0908-CARMIN,Women/Sandals,21650
CL0909-BLACK-PINK,Women/Bag/Wallet,21660
CL0909-BLACK-RED,Women/Bag/Wallet,21670
CL0909-RED-WHITE,Women/Bag/Wallet,21680
CL0909-WHITE-RED,Women/Bag/Wallet,21690
CL0909-MULTICOLOR,Women/Bag/Wallet,21700
CL0909-BLACK,Women/Bag/Wallet,21710
CL0910-BLACK,Women/Bag/Wallet,21720
CL0911-BLACK,Women/Bag/Wallet,21730
CL0911-BLUE,Women/Bag/Wallet,21740
CL0911-GREEN,Women/Bag/Wallet,21750
CL0911-RED,Women/Bag/Wallet,21760
CL0911-PINK,Women/Bag/Wallet,21770
CL0911-YELLOW,Women/Bag/Wallet,21780
CL0912-NUDE,Women/Pumps/High,21790
CL0912-CARMIN,Women/Boots,21800
CL0912-LIGHT-GOLD,Women/Pumps/High,21810
CL0912-NIGHT,Women/Pumps/High,21820
CL0912-RONSARD,Women/Sandals,21830
CL0912-BLACK,Women/Pumps/High,21840
CL0913-ANTIQUE-BRASS,"Self-owned Brand",21850
CL0913-APRICOT,"Self-owned Brand",21860
CL0913-BLUE,"Self-owned Brand",21870
CL0913-NUDE,"Self-owned Brand",21880
CL0913-BLACK,"Self-owned Brand",21890
CL0913-PINK,"Self-owned Brand",21900
CL0913-SILVER,"Self-owned Brand",21910
CL0913-WATHET,"Self-owned Brand",21920
CL0914-BLACK,"Self-owned Brand",21930
CL0914-White,"Self-owned Brand",21940
CL0914-Apricot,"Self-owned Brand",21950
CL0915-BLACK,"Self-owned Brand",21960
