产品型号,属性1,属性2,属性3,属性4,属性5,属性6,属性7,属性8,属性9
CL0001-BLACK,,,Black,,,,,,100mm
CL0001-LIGHT-PEACH,,,Pink,,,,,,100mm
CL0001-MULTICOLOR,,,Multicolor,,,,,,100mm
CL0003-BLACK,,,Black,,,,,,160mm
CL0003-PURPLE,,,Purple,,,,,,160mm
CL0004-WHITE,,,White,,,,,,160mm
CL0004-YELLOW,,,,,,,,,160mm
CL0005-BLACK,,,Black,,,,,,120mm
CL0005-NUDE,,,Nude,,,,,,120mm
CL0006-BLACK,,,Black,,,,,,
CL0010-BLACK,,,Black,,,,,,120mm
CL0010-BLUE,,,Blue,,,,,,120mm
CL0010-BROWN,,,Brown,,,,,,120mm
CL0010-CHOCOLATE,,,,,,,,,120mm
CL0010-FRAMBOISE,,,Rose,,,,,,120mm
CL0010-NUDE,,,Nude,,,,,,120mm
CL0010-RED,,,Red,,,,,,120mm
CL0010-SLIDES,,,,,,,,,120mm
CL0011-LEOPARD,,,Multicolor,,,,,,120mm
CL0013-BLACK,,,Black,,,,,,160mm
CL0013-BROWN,,,Brown,,,,,,160mm
CL0013-NUDE-BLACK,,,Nude,,,,,,140mm
CL0014-BLACK,,,Black,,,,,,120mm
CL0014-RED,,,Red,,,,,,120mm
CL0015-BLACK,,,Black,,,,,,120mm
CL0015-CREAM,,,,,,,,,120mm
CL0016-BLACK,,,Black,,,,,,100mm
CL0017-SILVER,,,Silver,,,,,,100mm
CL0018-BLACK,,,Black,,,,,,140mm
CL0018-BLUE-POWDER,,,Blue,,,,,,140mm
CL0018-GREEN,,,Green,,,,,,140mm
CL0018-NUDE,,,Nude,,,,,,140mm
CL0018-PINK-POWDER,,,Pink,,,,,,140mm
CL0018-SOURIS,,,Silver,,,,,,140mm
CL0018-WATERSNAKE-BLACK,,,Black,,,,,,140mm
CL0018-WATERSNAKE-CHOCOLATE,,,,,,,,,140mm
CL0020-BLACK,,,Black,,,,,,140mm
CL0020-BLACK-PATENT,,,Black,,,,,,140mm
CL0020-BLUE,,,Blue,,,,,,160mm
CL0020-ECLIPSE,,,Multicolor,,,,,,120mm
CL0020-NATURAL-GOLD,,,Gold,,,,,,140mm
CL0020-NUDE,,,Nude,,,,,,140mm
CL0020-SILVER,,,Silver,,,,,,140mm
CL0020-SPIKES-BLACK,,,Black,,,,,,140mm
CL0020-SPIKES-NUDE,,,Nude,,,,,,140mm
CL0020-TAUPE-GREY,,,,,,,,,140mm
CL0021-GREEN,,,Green,,,,,,140mm
CL0021-PURPLE,,,Purple,,,,,,140mm
CL0022-BLACK,,,Black,,,,,,140mm
CL0022-PLUM,,,Gold,,,,,,140mm
CL0023-BLACK,,,Black,,,,,,120mm
CL0023-WHITE,,,Black,,,,,,120mm
CL0024-BLACK,,,Black,,,,,,140mm
CL0024-PLUM,,,,,,,,,140mm
CL0025-BLACK,,,Black,,,,,,120mm
CL0028-BLACK,,,Black,,,,,,120mm
CL0028-FUXIA,,,Red,,,,,,120mm
CL0028-WHITE,,,MultiColor,,,,,,120mm
CL0030-BLACK,,,Black,,,,,,140mm
CL0030-BROWN,,,Brown,,,,,,160mm
CL0030-GLITTER-BLACK,,,Black,,,,,,140mm
CL0030-NUDE,,,Nude,,,,,,160mm
CL0030-PINK,,,Rose,,,,,,160mm
CL0030-TURQUOISE,,,Blue,,,,,,140mm
CL0032-BLACK,,,Black,,,,,,
CL0032-GOLD,,,Gold,,,,,,
CL0032-RED,,,Red,,,,,,
CL0032-WHITE,,,White,,,,,,
CL0033-BLACK,,,Black,,,,,,120mm
CL0033-GOLD,,,Gold,,,,,,120mm
CL0033-GREEN,,,Green,,,,,,120mm
CL0033-SILVER,,,Silver,,,,,,120mm
CL0034-SILVER,,,Silver,,,,,,120mm
CL0034-WHITE-SILVER,,,Silver,,,,,,120mm
CL0037-BLACK,,,Black,,,,,,
CL0037-RED,,,Red,,,,,,
CL0038-BLACK,,,Black,,,,,,140mm
CL0038-BLUE,,,Blue,,,,,,140mm
CL0038-GLITTER-BLACK,,,Black,,,,,,160mm
CL0038-MULTICOLOR,,,Multicolor,,,,,,160mm
CL0038-PINK-GOLD,,,Gold,,,,,,160mm
CL0038-ROSE,,,Rose,,,,,,160mm
CL0039-AMETHYSTE,,,Purple,,,,,,140mm
CL0039-INDIGO,,,Blue,,,,,,140mm
CL0040-BLACK,,,Black,,,,,,140mm
CL0040-NUDE,,,Nude,,,,,,140mm
CL0040-PINK,,,Nude,,,,,,140mm
CL0040-RED,,,Red,,,,,,140mm
CL0040-TARTEN-BLUE,,,Blue,,,,,,140mm
CL0041-BEIGE,,,,,,,,,140mm
CL0041-PYTHON,,,Multicolor,,,,,,140mm
CL0043-BEIGE,,,,,,,,,100mm
CL0043-COFFEE,,,,,,,,,100mm
CL0043-YELLOW,,,Yellow,,,,,,100mm
CL0044-BLUE,,,Blue,,,,,,80mm
CL0044-CAMEL,,,,,,,,,100mm
CL0044-EVEQUE,,,Rose,,,,,,100mm
CL0044-LEOPARD,,,Multicolor,,,,,,100mm
CL0044-LEOPARD-PRINTED,,,MultiColor,,,,,,100mm
CL0044-PURPLE,,,Purple,,,,,,100mm
CL0044-PYTHON-BLACK,,,Black,,,,,,100mm
CL0044-SUEDE-BLACK,,,Black,,,,,,100mm
CL0044-SUEDE-COFFEE,,,Black,,,,,,100mm
CL0045-SILVER,,,Silver,,,,,,100mm
CL0045-WHITE,,,White,,,,,,100mm
CL0046-120MM-BLACK,,,Black,,,,,,120mm
CL0046-140MM-BLACK,,,Black,,,,,,140mm
CL0046-AMETHYSTE,,,Purple,,,,,,140mm
CL0046-BLACK,,,Black,,,,,,140mm
CL0046-BLACK-LEATHER,,,Black,,,,,,140mm
CL0046-BLACK-SUEDE,,,Black,,,,,,140mm
CL0046-BLUE,,,Blue,,,,,,140mm
CL0046-COFFEE,,,,,,,,,140mm
CL0046-CORK,,,Multicolor,,,,,,140mm
CL0046-GREY,,,Gray,,,,,,140mm
CL0046-LEATHER-BLACK,,,Black,,,,,,120mm
CL0046-LEOPARD-PRINT,,,Multicolor,,,,,,140mm
CL0046-LIGHT-COFFEE,,,,,,,,,140mm
CL0046-NUDE,,,Nude,,,,,,140mm
CL0046-NUDE-PATENT,,,Nude,,,,,,120mm
CL0046-PINK,,,Pink,,,,,,140mm
CL0046-PIVOINE,,,Rose,,,,,,140mm
CL0046-PURPLE,,,Purple,,,,,,140mm
CL0046-PYTHON-RED,,,Red,,,,,,140mm
CL0046-RED,,,Red,,,,,,140mm
CL0046-ROSE-PARIS,,,Rose,,,,,,140mm
CL0046-SUEDE-NAVY,,,Blue,,,,,,140mm
CL0046-SUEDE-NUDE,,,Nude,,,,,,120mm
CL0046-TURQUOISE,,,Blue,,,,,,140mm
CL0047-BLACK,,,Black,,,,,,140mm
CL0047-BLACK-SUEDE,,,Black,,,,,,140mm
CL0048-BLACK-LEATHER,,,Black,,,,,,120mm
CL0049-AMETHYST,,,Purple,,,,,,140mm
CL0049-BLACK,,,Black,,,,,,140mm
CL0049-BLACK-120MM,,,Black,,,,,,120mm
CL0049-BROWN,,,Brown,,,,,,140mm
CL0049-CAMEL,,,,,,,,,140mm
CL0049-CHOCOLATE,,,,,,,,,140mm
CL0049-ENGLISH-GREEN,,,Green,,,,,,140mm
CL0049-GLITTER-GOLD,,,Gold,,,,,,140mm
CL0049-NUDE,,,Nude,,,,,,140mm
CL0049-PIVOINE,,,Rose,,,,,,140mm
CL0049-RED,,,Red,,,,,,140mm
CL0049-SUEDE-BLACK,,,Black,,,,,,140mm
CL0049-TARTAN-RED,,,Red,,,,,,140mm
CL0050-PRINTED,,,Multicolor,,,,,,
CL0050-WHITE,,,White,,,,,,
CL0053-BLACK,,,Black,,,,,,100mm
CL0054-BLACK,,,Black,,,,,,120mm
CL0056-BLACK,,,Black,,,,,,
CL0056-PURPLE,,,Purple,,,,,,
CL0056-ROSE,,,Pink,,,,,,
CL0056-SKY-BLUE,,,Blue,,,,,,
CL0057-BLACK,,,Black,,,,,,120mm
CL0057-LEOPARD,,,Multicolor,,,,,,120mm
CL0059-GREY,,,Gray,,,,,,120mm
CL0059-RED,,,Red,,,,,,120mm
CL0060-BLACK,,,Black,,,,,,140mm
CL0060-RED,,,Red,,,,,,140mm
CL0061-BLACK,,,Black,,,,,,120mm
CL0061-BLUE,,,Blue,,,,,,120mm
CL0061-GREEN,,,Green,,,,,,120mm
CL0061-ORANGE,,,Orange,,,,,,120mm
CL0061-PURPLE,,,Purple,,,,,,120mm
CL0061-RED,,,Red,,,,,,120mm
CL0061-SILVER,,,Silver,,,,,,120mm
CL0061-YELLOW,,,Yellow,,,,,,120mm
CL0064-APRICOT,,,,,,,,,120mm
CL0064-BEIGE,,,,,,,,,120mm
CL0064-BLACK,,,Black,,,,,,120mm
CL0064-PYTHON-BLACK,,,Black,,,,,,120mm
CL0065-GOLD,,,Black,,,,,,140mm
CL0065-RED,,,Red,,,,,,140mm
CL0065-SILVER,,,Black,,,,,,140mm
CL0066-BLACK,,,Black,,,,,,160mm
CL0066-BLUE,,,Blue,,,,,,160mm
CL0066-PINK,,,Rose,,,,,,160mm
CL0066-RED,,,Red,,,,,,160mm
CL0066-TUTU,,,Multicolor,,,,,,160mm
CL0068-BLACK,,,Black,,,,,,160mm
CL0068-CAMEL,,,,,,,,,160mm
CL0068-WHITE,,,White,,,,,,160mm
CL0068-YELLOW,,,Brown,,,,,,160mm
CL0069-BLACK,,,Black,,,,,,120mm
CL0069-SILVER,,,Silver,,,,,,120mm
CL0070-BLACK-SUEDE,,,Black,,,,,,100mm
CL0070-LEATHER-BLACK,,,Black,,,,,,100mm
CL0070-LEOPORD,,,Multicolor,,,,,,100mm
CL0071-BLACK,,,Black,,,,,,100mm
CL0071-WHITE,,,White,,,,,,100mm
CL0072-BLACK,,,Black,,,,,,100mm
CL0072-RED,,,Red,,,,,,100mm
CL0073-BLACK,,,Black,,,,,,140mm
CL0073-GOLD,,,Gold,,,,,,140mm
CL0076-BLACK,,,Black,,,,,,120mm
CL0076-BURGUNDY,,,,,,,,,120mm
CL0076-NUDE,,,Nude,,,,,,120mm
CL0078-AFRICA,,,Black,,,,,,160mm
CL0078-BEIGE,,,,,,,,,160mm
CL0078-BLACK,,,Black,,,,,,160mm
CL0080-BROWN,,,Brown,,,,,,140mm
CL0080-IVORY,,,,,,,,,140mm
CL0081-BLACK,,,Black,,,,,,140mm
CL0081-BLACK-RED,,,Black,,,,,,140mm
CL0081-RED-BLUE,,,Red,,,,,,140mm
CL0082-ALL-BLACK,,,Black,,,,,,
CL0082-BLACK,,,Black,,,,,,
CL0082-RED,,,Red,,,,,,
CL0083-BLACK,,,Black,,,,,,100mm
CL0083-RED,,,Red,,,,,,100mm
CL0084-BEIGE,,,,,,,,,120mm
CL0084-BLACK,,,Black,,,,,,120mm
CL0085-BLACK,,,Black,,,,,,100mm
CL0085-SILVER,,,Silver,,,,,,100mm
CL0085-WHITE,,,White,,,,,,100mm
CL0089-ARGENT,,,Black,,,,,,
CL0089-BROWN,,,Brown,,,,,,
CL0089-BROWN-CROSTA,,,Brown,,,,,,
CL0089-TAUPE,,,,,,,,,
CL0091-BLACK,,,Black,,,,,,100mm
CL0093-BLACK,,,Black,,,,,,140mm
CL0093-BLUE,,,Blue,,,,,,160mm
CL0093-MINT,,,Blue,,,,,,160mm
CL0093-PINK,,,Rose,,,,,,160mm
CL0095-BLACK,,,Black,,,,,,140mm
CL0096-ELEFANTE,,,Gray,,,,,,140mm
CL0096-ROCCIA,,,Multicolor,,,,,,140mm
CL0098-BLACK,,,Black,,,,,,100mm
CL0098-BLACK-GLITTER,,,Black,,,,,,100mm
CL0098-GLITTER-SILVER,,,Silver,,,,,,100mm
CL0098-RED,,,Red,,,,,,100mm
CL0099-WHITE,,,White,,,,,,120mm
CL0101-BLACK,,,Black,,,,,,120mm
CL0102-BLUE,,,Blue,,,,,,120mm
CL0104-BLACK,,,Black,,,,,,160mm
CL0104-PINK,,,Pink,,,,,,140mm
CL0107-NATUERAL,,,,,,,,,160mm
CL0108-BLACK,,,Black,,,,,,100mm
CL0108-BLACK-100MM,,,Black,,,,,,120mm
CL0108-LIGHT-GREY,,,Gray,,,,,,100mm
CL0108-NUDE,,,Nude,,,,,,100mm
CL0108-OFF-WHITE,,,White,,,,,,100mm
CL0108-PATENT-BLACK,,,Black,,,,,,100mm
CL0108-PIVOINE,,,Rose,,,,,,100mm
CL0108-RED,,,Red,,,,,,100mm
CL0108-SATIN-TURQUOISE,,,Blue,,,,,,100mm
CL0109-MULTICOLOR,,,Multicolor,,,,,,100mm
CL0109-NUDE,,,Nude,,,,,,100mm
CL0110-BEIGE,,,,,,,,,120mm
CL0110-BLACK,,,,,,,,,120mm
CL0111-AMETHYSTE,,,Purple,,,,,,140mm
CL0111-BLACK,,,Black,,,,,,140mm
CL0113-BLACK,,,Black,,,,,,120mm
CL0113-BLACK-GLITTER,,,Black,,,,,,120mm
CL0113-BLACK-YELLOW,,,Black,,,,,,120mm
CL0113-PURPLE,,,Purple,,,,,,120mm
CL0114-ORANGE,,,Orange,,,,,,100mm
CL0114-RED,,,Red,,,,,,140mm
CL0114-TURQUOISE,,,Blue,,,,,,100mm
CL0115-BLACK,,,Black,,,,,,120mm
CL0115-NUDE,,,Nude,,,,,,120mm
CL0115-WHITE,,,White,,,,,,120mm
CL0116-BLACK,,,Black,,,,,,160mm
CL0116-LEOPARD,,,Multicolor,,,,,,160mm
CL0116-MULTICOLOR,,,Multicolor,,,,,,160mm
CL0116-RED,,,Red,,,,,,160mm
CL0116-SUEDE-BLACK,,,Black,,,,,,160mm
CL0116-TARTAN-BLUE,,,Multicolor,,,,,,160mm
CL0117-BLACK,,,Black,,,,,,160mm
CL0117-BROWN,,,Brown,,,,,,160mm
CL0117-NUDE,,,Nude,,,,,,160mm
CL0118-AMETHYSTE,,,Purple,,,,,,160mm
CL0118-BLACK,,,Black,,,,,,160mm
CL0118-BLUE,,,Blue,,,,,,160mm
CL0118-CAMEO-ROSE,,,Rose,,,,,,160mm
CL0118-DARK-BLUE,,,Blue,,,,,,160mm
CL0118-HOT-PINK,,,Rose,,,,,,160mm
CL0118-LEMON,,,,,,,,,160mm
CL0118-LEOPARD,,,Multicolor,,,,,,160mm
CL0118-SUEDE-GREY,,,Gray,,,,,,160mm
CL0118-TAUPE-SUEDE,,,,,,,,,160mm
CL0118-TURQUOISE,,,Blue,,,,,,160mm
CL0118-YELLOW,,,Yellow,,,,,,160mm
CL0119-BEIGE,,,,,,,,,160mm
CL0119-BLACK,,,Black,,,,,,160mm
CL0119-BLEU-SAPHIR,,,Blue,,,,,,160mm
CL0119-BLUE,,,Blue,,,,,,160mm
CL0119-BOREALE-GOLD,,,Pink,,,,,,160mm
CL0119-BROWN,,,Brown,,,,,,160mm
CL0119-CHAIN-MULTICOLOR,,,Multicolor,,,,,,160mm
CL0119-CROCO-BLACK,,,Black,,,,,,160mm
CL0119-CROCO-PATCHWORK,,,Multicolor,,,,,,160mm
CL0119-CROCO-PATCHWORKS,,,Multicolor,,,,,,160mm
CL0119-CROCO-TAN,,,,,,,,,160mm
CL0119-FUCHSIA,,,Rose,,,,,,160mm
CL0119-GEEK,,,Multicolor,,,,,,160mm
CL0119-GLITTER-BLACK,,,Black,,,,,,160mm
CL0119-GOLD,,,Gold,,,,,,160mm
CL0119-GREEN,,,Green,,,,,,160mm
CL0119-GREEN-STRASS,,,Green,,,,,,160mm
CL0119-JACQUARD-LEOPARD,,,Multicolor,,,,,,160mm
CL0119-LACE-BLACK,,,Black,,,,,,160mm
CL0119-LACE-GREEN,,,Green,,,,,,160mm
CL0119-LACE-GREY,,,Gray,,,,,,160mm
CL0119-LACE-WHITE,,,White,,,,,,160mm
CL0119-LAME-GOLD,,,Multicolor,,,,,,160mm
CL0119-LEATHER-NUDE,,,Nude,,,,,,160mm
CL0119-MERIDIAN-BLUE,,,Blue,,,,,,160mm
CL0119-MULTICOLOR,,,Multicolor,,,,,,160mm
CL0119-NATURALE,,,Brown,,,,,,160mm
CL0119-PANAMA-BLACK,,,Multicolor,,,,,,160mm
CL0119-PATENT-WHITE,,,White,,,,,,160mm
CL0119-PINK,,,Rose,,,,,,160mm
CL0119-PIVOINE,,,Purple,,,,,,160mm
CL0119-PLUM,,,,,,,,,160mm
CL0119-PONY-ZEBRA,,,Multicolor,,,,,,160mm
CL0119-PURPLE,,,Purple,,,,,,160mm
CL0119-PYTHON-GREY,,,Gray,,,,,,160mm
CL0119-PYTHON-MENTHE,,,Green,,,,,,160mm
CL0119-PYTHON-ROCCIA,,,Multicolor,,,,,,160mm
CL0119-ROUGE-LIPSTICK,,,Red,,,,,,160mm
CL0119-SAHARA,,,Multicolor,,,,,,160mm
CL0119-SATIN-BLUE,,,Blue,,,,,,160mm
CL0119-SATIN-PLUM,,,Rose,,,,,,160mm
CL0119-SILVER,,,Silver,,,,,,160mm
CL0119-SNAKESKIN,,,Multicolor,,,,,,160mm
CL0119-SNAKESKIN-BLUE,,,Blue,,,,,,160mm
CL0119-SNAKESKIN-GREEN,,,Blue,,,,,,160mm
CL0119-SNAKESKIN-PINK,,,Rose,,,,,,160mm
CL0119-STRASS-GOLD,,,Gold,,,,,,160mm
CL0119-STRASS-HEMATITE,,,Black,,,,,,160mm
CL0119-SUEDE-BLACK,,,Black,,,,,,160mm
CL0119-SUEDE-PEACOCK,,,Blue,,,,,,160mm
CL0119-SUEDE-VIOLETTE,,,Purple,,,,,,160mm
CL0119-YELLOW,,,Yellow,,,,,,160mm
CL0120-BLACK,,,Black,,,,,,140mm
CL0120-BLUE,,,Blue,,,,,,160mm
CL0120-CHARTREUSE,,,Green,,,,,,160mm
CL0120-HOT-PINK,,,Rose,,,,,,160mm
CL0120-RED,,,Red,,,,,,160mm
CL0120-TAUPE,,,,,,,,,160mm
CL0120-YELLOW,,,Yellow,,,,,,160mm
CL0121-BEIGE,,,,,,,,,160mm
CL0121-BLACK,,,Black,,,,,,160mm
CL0121-GLITTE-BLACK,,,Black,,,,,,160mm
CL0121-GOLD,,,Gold,,,,,,160mm
CL0121-GOLD-GLITTER,,,Pink,,,,,,160mm
CL0122-BLACK-SUEDE,,,Black,,,,,,
CL0122M-AFRICA,,,,,,,,,
CL0122M-ANTHRACITE,,,Multicolor,,,,,,
CL0122M-BLACK,,,Black,,,,,,
CL0122M-BROWN,,,Brown,,,,,,
CL0123-BLACK,,,Black,,,,,,100mm
CL0123-BLACK-554,,,Black,,,,,,100mm
CL0123-CANARI,,,Yellow,,,,,,100mm
CL0123-CYCLAMEN,,,Rose,,,,,,100mm
CL0123-JAZZ-BLACK,,,Black,,,,,,100mm
CL0123-LEOPARD,,,Multicolor,,,,,,100mm
CL0123-NUDE,,,Nude,,,,,,100mm
CL0123-NUDE-RED,,,Nude,,,,,,100mm
CL0123-PATENT-BLACK,,,Black,,,,,,100mm
CL0123-PYTHON,,,Multicolor,,,,,,100mm
CL0123-RED,,,Red,,,,,,100mm
CL0123-STRASS-GOLD,,,Gold,,,,,,100mm
CL0123-STRASS-SILVER,,,Silver,,,,,,100mm
CL0123-W-BLACK,,,Black,,,,,,100mm
CL0123-WINE-RED,,,Red,,,,,,100mm
CL0124-BLACK,,,Black,,,,,,160mm
CL0125-BLACK,,,Black,,,,,,100mm
CL0125-COBRA,,,White,,,,,,100mm
CL0125-JADE,,,Blue,,,,,,100mm
CL0125-NUDE,,,Nude,,,,,,100mm
CL0125-ROSE,,,Rose,,,,,,100mm
CL0126-CAMEL,,,,,,,,,100mm
CL0126-LEMON,,,Yellow,,,,,,100mm
CL0127-BEIGE,,,,,,,,,100mm
CL0127-BLACK,,,Black,,,,,,100mm
CL0128-BLUE,,,Blue,,,,,,140mm
CL0129-IVORY,,,Silver,,,,,,100mm
CL0130-SAND,,,,,,,,,120mm
CL0133-BLACK,,,Black,,,,,,100mm
CL0133-CHOCOLATE,,,,,,,,,100mm
CL0133-ORANGE,,,Orange,,,,,,100mm
CL0133-PINK,,,,,,,,,100mm
CL0133-RED,,,Red,,,,,,100mm
CL0133-SILVER,,,Silver,,,,,,100mm
CL0133-YELLOW,,,Yellow,,,,,,100mm
CL0134-BLACK,,,Black,,,,,,120mm
CL0134-MEKONG,,,Gold,,,,,,120mm
CL0134-RED,,,Red,,,,,,120mm
CL0135-BLACK,,,Black,,,,,,140mm
CL0135-CHAMPAGNE,,,Pink,,,,,,140mm
CL0135-NAVY,,,Blue,,,,,,140mm
CL0135-RED,,,Red,,,,,,140mm
CL0136-BLACK,,,Black,,,,,,120mm
CL0137-RED,,,Pink,,,,,,120mm
CL0138-LEOPARD-PRINTED,,,Multicolor,,,,,,100mm
CL0139-BLACK,,,Black,,,,,,120mm
CL0139-NUDE,,,Nude,,,,,,120mm
CL0141-TAN,,,,,,,,,
CL0142-85MM-NUDE,,,Nude,,,,,,100mm
CL0142-BEIGE,,,,,,,,,100mm
CL0142-BLACK,,,Black,,,,,,100mm
CL0142-CAMEL,,,,,,,,,100mm
CL0142-PINK,,,Pink,,,,,,100mm
CL0142-SILVER,,,Silver,,,,,,100mm
CL0144-BLACK,,,Black,,,,,,140mm
CL0144-BLUE,,,Blue,,,,,,140mm
CL0144-WHITE,,,White,,,,,,140mm
CL0145-BROWN,,,Brown,,,,,,140mm
CL0146-ALL-BLACK,,,Black,,,,,,160mm
CL0146-BEIGE,,,,,,,,,160mm
CL0146-BLACK,,,Black,,,,,,160mm
CL0146-GLITTER-PLATINE,,,Silver,,,,,,160mm
CL0146-NUDE,,,Nude,,,,,,160mm
CL0146-PLATINE,,,Pink,,,,,,160mm
CL0147-BEIGE,,,,,,,,,140mm
CL0147-BLACK,,,Black,,,,,,140mm
CL0152-BLACK-WHITE,,,Multicolor,,,,,,100mm
CL0152-CAMEO-ROSE,,,Red,,,,,,100mm
CL0152-GLITTERED-SILVER,,,Silver,,,,,,100mm
CL0152-GLITTER-NUDE,,,Nude,,,,,,100mm
CL0152-GLITTER-SILVER,,,Silver,,,,,,100mm
CL0152-GREY-FLANNEL,,,Multicolor,,,,,,100mm
CL0152-LACE,,,Black,,,,,,100mm
CL0152-LIGHT-PEACH,,,Pink,,,,,,100mm
CL0152-MULTICOLOR,,,Multicolor,,,,,,100mm
CL0152-NUDE,,,Nude,,,,,,120mm
CL0152-NUDE-STRASS,,,Nude,,,,,,100mm
CL0152-PATENT-BLACK,,,Black,,,,,,100mm
CL0152-PATENT-NUDE,,,Nude,,,,,,100mm
CL0152-PIVOINE,,,Rose,,,,,,100mm
CL0152-PYTHON-SILVER,,,Silver,,,,,,100mm
CL0152-RED-FLAME,,,Red,,,,,,100mm
CL0152-SILVER,,,Silver,,,,,,100mm
CL0152-SPIKE-BLACK,,,Black,,,,,,100mm
CL0152-SPIKE-CORDE,,,,,,,,,100mm
CL0152-SPIKE-NUDE,,,Nude,,,,,,100mm
CL0152-SPIKE-ROSE,,,Rose,,,,,,100mm
CL0152-STRASS-ARGENT,,,Silver,,,,,,100mm
CL0152-STRASS-CRISTAL,,,Silver,,,,,,100mm
CL0152-STRASS-GOLD,,,Gold,,,,,,100mm
CL0152-VOLCANO,,,Multicolor,,,,,,100mm
CL0155-BLACK,,,Black,,,,,,140mm
CL0155-GREY,,,Gray,,,,,,140mm
CL0155-RED-WINE,,,,,,,,,140mm
CL0155-SILVER,,,Silver,,,,,,140mm
CL0156-BLACK,,,Black,,,,,,120mm
CL0156-GOLD,,,Gold,,,,,,120mm
CL0156-NUDE,,,Nude,,,,,,120mm
CL0156-ROSE,,,Rose,,,,,,120mm
CL0156-SILVER,,,Silver,,,,,,120mm
CL0159-GINGHAM,,,Multicolor,,,,,,140mm
CL0160M-ALL-BLACK,,,Black,,,,,,
CL0160M-ALL-WHITE,,,White,,,,,,
CL0160M-BLACK,,,Black,,,,,,
CL0160M-LACE-BLACK,,,Black,,,,,,
CL0161M-LIGHT-BROWN,,,Multicolor,,,,,,
CL0161M-TAUPE,,,,,,,,,
CL0162-GOLD,,,Gold,,,,,,100mm
CL0164-BLACK,,,Black,,,,,,140mm
CL0164-PINK,,,Rose,,,,,,140mm
CL0164-PURPLE,,,Purple,,,,,,140mm
CL0166-SILVER,,,Silver,,,,,,100mm
CL0168-BROWN,,,Brown,,,,,,140mm
CL0168-LEATHER-BLACK,,,Black,,,,,,140mm
CL0168-SUEDE-BLACK,,,Black,,,,,,140mm
CL0168-SUEDE-CHOCOLATE,,,,,,,,,140mm
CL0170-ARGENTO,,,Silver,,,,,,140mm
CL0170-NUDE,,,Nude,,,,,,140mm
CL0172M-BLACK,,,Black,,,,,,
CL0176-CAMEL,,,Brown,,,,,,160mm
CL0176-NATURAL,,,,,,,,,160mm
CL0176-WHITE,,,White,,,,,,160mm
CL0178-BLACK,,,Black,,,,,,120mm
CL0178-NUDE,,,Nude,,,,,,120mm
CL0180M-BLACK,,,Black,,,,,,
CL0180M-LATTE,,,White,,,,,,
CL0180M-NAVY,,,Blue,,,,,,
CL0181-GLITTER-BLACK,,,Black,,,,,,100mm
CL0181-GLITTER-MULTICOLOR,,,Multicolor,,,,,,100mm
CL0181-GLITTER-SILVER,,,Silver,,,,,,100mm
CL0181-PATENT-BLACK,,,Black,,,,,,100mm
CL0181-PATENT-CARAMEL,,,,,,,,,100mm
CL0181-PATENT-PINK,,,Pink,,,,,,100mm
CL0181-PATENT-TAUPE,,,,,,,,,100mm
CL0182M-BLACK,,,Black,,,,,,
CL0182M-SPIKES-BLACK,,,Black,,,,,,
CL0182M-SUEDE-BLACK,,,Black,,,,,,
CL0184-BLACK,,,Black,,,,,,160mm
CL0184-CORK,,,,,,,,,160mm
CL0184-GOLD,,,Gold,,,,,,160mm
CL0184-GOLDEN,,,Gold,,,,,,160mm
CL0184-NUDE,,,Nude,,,,,,160mm
CL0184-PATENT-BLACK,,,Black,,,,,,160mm
CL0184-P-BLACK-RED,,,Black,,,,,,160mm
CL0184-PYTHON,,,Multicolor,,,,,,160mm
CL0184-SILVER,,,Silver,,,,,,160mm
CL0184-SUEDE-BLACK,,,Black,,,,,,160mm
CL0184-SUEDE-LEOPARD,,,Multicolor,,,,,,160mm
CL0184-SUEDE-ORANGE,,,Orange,,,,,,160mm
CL0184-SUEDE-PINK,,,Rose,,,,,,160mm
CL0184-WRINKLE-BLACK,,,Black,,,,,,160mm
CL0185-ACAJOU,,,Brown,,,,,,160mm
CL0185-BLACK,,,Black,,,,,,160mm
CL0185-MANDARIN-RED,,,Red,,,,,,160mm
CL0187-GOLD,,,Gold,,,,,,120mm
CL0187-NUDE,,,Nude,,,,,,120mm
CL0187-PATENT-BLACK,,,Black,,,,,,120mm
CL0187-WHITE,,,White,,,,,,120mm
CL0188-GOLD,,,Gold,,,,,,100mm
CL0188-SILVER,,,Silver,,,,,,100mm
CL0189-BLACK,,,Black,,,,,,100mm
CL0189-NUDE,,,Nude,,,,,,100mm
CL0190-BLACK-LEATHER,,,Black,,,,,,
CL0190M-BLACK,,,Black,,,,,,
CL0190M-BLUE,,,Blue,,,,,,
CL0190M-DARK-RED,,,Red,,,,,,
CL0190M-FLANNEL,,,Black,,,,,,
CL0190M-LEOPARD,,,Multicolor,,,,,,
CL0190M-M-BLACK,,,Black,,,,,,
CL0190M-RED,,,Red,,,,,,
CL0190M-ZEBRA,,,Multicolor,,,,,,
CL0192-BLACK,,,Black,,,,,,160mm
CL0192-BRONZE,,,Gold,,,,,,160mm
CL0192-GOLD,,,Gold,,,,,,160mm
CL0193-BLUE,,,Blue,,,,,,100mm
CL0193-GOLD,,,Gold,,,,,,100mm
CL0193-SILVER,,,Silver,,,,,,100mm
CL0195-BLACK,,,Black,,,,,,160mm
CL0195-GREY,,,Gray,,,,,,160mm
CL0195-PURPLE,,,Purple,,,,,,160mm
CL0196-BAZIN,,,Multicolor,,,,,,160mm
CL0196-BLACK,,,Black,,,,,,160mm
CL0196-BLACK-SUEDE,,,Black,,,,,,160mm
CL0196-BLUE,,,Multicolor,,,,,,100mm
CL0196-FUXIA,,,Rose,,,,,,160mm
CL0196-GLITTER-SILVER,,,Silver,,,,,,160mm
CL0196-LEATHER-BLACK,,,Black,,,,,,160mm
CL0196-LEATHER-NUDE,,,Nude,,,,,,160mm
CL0196-NAVY,,,Black,,,,,,160mm
CL0196-NUDE,,,Nude,,,,,,160mm
CL0196-OFF-WHITE,,,White,,,,,,160mm
CL0196-PRINTED,,,Multicolor,,,,,,160mm
CL0196-ROSE,,,Red,,,,,,160mm
CL0196-SILVER,,,Silver,,,,,,100mm
CL0196-SUEDE-RED,,,Red,,,,,,160mm
CL0196-WHITE,,,White,,,,,,160mm
CL0198-BLACK,,,Black,,,,,,120mm
CL0198-WHITE,,,,,,,,,120mm
CL0200-BLACK,,,Black,,,,,,120mm
CL0200-GOLD,,,Gold,,,,,,120mm
CL0200-SILVER,,,Silver,,,,,,120mm
CL0202-BEIGE,,,,,,,,,140mm
CL0202-BLACK,,,Black,,,,,,140mm
CL0202-BROWN,,,Brown,,,,,,140mm
CL0202-GREEN,,,Black,,,,,,140mm
CL0205-BEIGE,,,,,,,,,120mm
CL0205-BLACK,,,Black,,,,,,120mm
CL0205-LEOPARD-PRINT,,,Multicolor,,,,,,120mm
CL0205-OXBLOOD,,,Black,,,,,,120mm
CL0205-PETROL-BLUE,,,Blue,,,,,,120mm
CL0205-RED,,,Red,,,,,,120mm
CL0205-SILVER,,,Silver,,,,,,120mm
CL0206-BEIGE,,,,,,,,,140mm
CL0206-BLACK,,,Black,,,,,,140mm
CL0206-NUDE,,,Nude,,,,,,140mm
CL0206-WHITE,,,White,,,,,,140mm
CL0207-FUCHSIA,,,Rose,,,,,,160mm
CL0207-RED,,,Red,,,,,,160mm
CL0207-TUTU,,,Gray,,,,,,160mm
CL0209-AMETHYSTE,,,Purple,,,,,,160mm
CL0209-BLUE,,,Blue,,,,,,160mm
CL0209-DEEP-BLUE,,,Blue,,,,,,160mm
CL0209-LIGHT-GREY,,,Gray,,,,,,160mm
CL0209-NOIR,,,Black,,,,,,160mm
CL0209-NUDE,,,Nude,,,,,,160mm
CL0209-PLUM,,,,,,,,,160mm
CL0209-RED,,,Red,,,,,,160mm
CL0209-SATIN-FUCHSIA,,,Rose,,,,,,160mm
CL0209-SATIN-GREEN,,,Green,,,,,,160mm
CL0209-SATIN-PURPLE,,,Purple,,,,,,160mm
CL0209-SCALES,,,Multicolor,,,,,,160mm
CL0209-SNAKESKIN,,,Multicolor,,,,,,160mm
CL0209-SUEDE-BLACK,,,Black,,,,,,160mm
CL0209-SUEDE-RED,,,Red,,,,,,160mm
CL0209-VIOLA,,,Multicolor,,,,,,160mm
CL0211-BEIGE,,,,,,,,,160mm
CL0211-BLACK,,,Black,,,,,,160mm
CL0211-FRAMBOISE,,,Rose,,,,,,160mm
CL0211-RED,,,Red,,,,,,160mm
CL0211-SUEDE-BLACK,,,Black,,,,,,160mm
CL0211-TURQUOISE,,,Blue,,,,,,160mm
CL0212-BLACK,,,Black,,,,,,160mm
CL0212-BLUE,,,Blue,,,,,,160mm
CL0212-GREEN,,,MultiColor,,,,,,160mm
CL0212-PARME,,,Purple,,,,,,160mm
CL0213-BLACK,,,Black,,,,,,120mm
CL0213-NUDE,,,Nude,,,,,,120mm
CL0213-POUSSIN,,,Yellow,,,,,,120mm
CL0214-BLACK,,,Black,,,,,,100mm
CL0214-GOLD,,,Gold,,,,,,100mm
CL0214-NUDE,,,Nude,,,,,,100mm
CL0214-SILVER,,,Silver,,,,,,100mm
CL0215-BLACK,,,Black,,,,,,100mm
CL0215-BURGUNDY,,,,,,,,,100mm
CL0216-ALL-BLACK,,,Black,,,,,,140mm
CL0216-ANTIQUE-SILVER,,,Silver,,,,,,140mm
CL0216-BLACK,,,Black,,,,,,140mm
CL0216-BLACK-SATIN,,,Black,,,,,,140mm
CL0216-CAMEL,,,,,,,,,140mm
CL0216-FLAME,,,Orange,,,,,,140mm
CL0216-GLITTER-BLACK,,,Black,,,,,,140mm
CL0216-GLITTER-BLEU,,,Blue,,,,,,140mm
CL0216-GLITTER-GOLD,,,Gold,,,,,,140mm
CL0216-GOLD,,,Gold,,,,,,140mm
CL0216-HEMATITE-GOLD,,,Gold,,,,,,140mm
CL0216-IVORY,,,White,,,,,,150mm
CL0216-JADE,,,Blue,,,,,,140mm
CL0216-LIGHT-PEACH,,,Pink,,,,,,140mm
CL0216-MANDARIN-RED,,,Red,,,,,,140mm
CL0216-MENTHE,,,Green,,,,,,140mm
CL0216-MOROCCAN-RED,,,Multicolor,,,,,,140mm
CL0216-NAVY,,,Blue,,,,,,140mm
CL0216-NUDE,,,Nude,,,,,,140mm
CL0216-PATENT-BLACK,,,Black,,,,,,140mm
CL0216-PATENT-BLACK-RED,,,Black,,,,,,140mm
CL0216-PATENT-BLUE,,,Blue,,,,,,140mm
CL0216-PATENT-COFFEE,,,,,,,,,140mm
CL0216-PATENT-FUCHSIA,,,Purple,,,,,,140mm
CL0216-PATENT-GREEN,,,Green,,,,,,140mm
CL0216-PATENT-ORANGE,,,Orange,,,,,,140mm
CL0216-PATENT-PIVOINE,,,Rose,,,,,,140mm
CL0216-PATENT-RED,,,Red,,,,,,140mm
CL0216-PATENT-SKYBLUE,,,Blue,,,,,,140mm
CL0216-PATENT-SPIKES-RED,,,Red,,,,,,140mm
CL0216-PATENT-YELLOW,,,Yellow,,,,,,140mm
CL0216-P-CAMEO-ROSE,,,Red,,,,,,140mm
CL0216-P-CANARI,,,Yellow,,,,,,140mm
CL0216-PIVOINE,,,Rose,,,,,,140mm
CL0216-P-MULTICOLOR,,,Multicolor,,,,,,140mm
CL0216-P-PINK,,,Rose,,,,,,140mm
CL0216-P-ROSE,,,Red,,,,,,140mm
CL0216-PURPLE,,,Purple,,,,,,140mm
CL0216-RED,,,Red,,,,,,140mm
CL0216-ROSE,,,Purple,,,,,,140mm
CL0216-SAPHIR,,,Blue,,,,,,140mm
CL0216-SILVER,,,Silver,,,,,,140mm
CL0216-SPECCHIO-GOLD,,,Gold,,,,,,140mm
CL0216-SPIKE-CRAIE,,,Multicolor,,,,,,140mm
CL0216-SPIKE-PINK,,,Pink,,,,,,140mm
CL0216-SPIKES-BLACK,,,Black,,,,,,140mm
CL0216-SPIKES-NUDE,,,Nude,,,,,,140mm
CL0216-SPIKE-YELLOW,,,Multicolor,,,,,,140mm
CL0216-TURQUOISE,,,,,,,,,140mm
CL0216-VIOLET,,,Purple,,,,,,140mm
CL0217-BLACK,,,Black,,,,,,160mm
CL0217-NUDE,,,Nude,,,,,,160mm
CL0219-BLACK,,,Black,,,,,,160mm
CL0219-RED,,,Red,,,,,,160mm
CL0220-PINK,,,Rose,,,,,,140mm
CL0222-GLITTER,,,Silver,,,,,,160mm
CL0222-SNAKESKIN,,,,,,,,,160mm
CL0223-BLACK-GRAY,,,Black,,,,,,100mm
CL0223-BLUE,,,Blue,,,,,,100mm
CL0223-CAMEL,,,,,,,,,100mm
CL0223-LEATHER-BLACK,,,Black,,,,,,100mm
CL0223-NUDE,,,Nude,,,,,,100mm
CL0223-TAN,,,Nude,,,,,,100mm
CL0224-BLACK,,,Black,,,,,,120mm
CL0226-BLACK,,,Black,,,,,,120mm
CL0226-SLICK-BLACK,,,Black,,,,,,120mm
CL0226-WHITE,,,White,,,,,,120mm
CL0229-BLACK-RED,,,Multicolor,,,,,,
CL0233-ALBA,,,Gold,,,,,,
CL0233-ALL-BLACK,,,Black,,,,,,
CL0233-ALL-CHOCOLATE,,,,,,,,,
CL0233-ALL-WHITE,,,White,,,,,,
CL0233-BLACK,,,Black,,,,,,
CL0233-BLACK-BROWN,,,Black,,,,,,
CL0233-BLACK-GOLD,,,Black,,,,,,
CL0233-BLACK-M,,,Black,,,,,,
CL0233-BLACK-WHITE,,,Black,,,,,,
CL0233-BLUE-RED,,,Multicolor,,,,,,
CL0233-BRONZE,,,,,,,,,
CL0233-BROWN,,,,,,,,,
CL0233-CHOCOLATE,,,,,,,,,
CL0233-CRYSTAL-BLACK,,,Black,,,,,,
CL0233-CRYSTAL-BLUE,,,Blue,,,,,,
CL0233-GOLD,,,Gold,,,,,,
CL0233-GOLD-SILVER,,,Multicolor,,,,,,
CL0233-GRAY,,,Gray,,,,,,
CL0233-GREY,,,Gray,,,,,,
CL0233-GRID-BLUE,,,Blue,,,,,,
CL0233-GRID-RED,,,Red,,,,,,
CL0233-HEMATITE,,,Black,,,,,,
CL0233-HI-RED,,,Red,,,,,,
CL0233-L-BLACK,,,Black,,,,,,
CL0233M-ALBA,,,Gold,,,,,,
CL0233M-ALL-BLACK,,,Black,,,,,,
CL0233M-ALL-CHOCOLATE,,,,,,,,,
CL0233M-ALL-WHITE,,,White,,,,,,
CL0233M-BLACK,,,Black,,,,,,
CL0233M-BLACK-BROWN,,,Black,,,,,,
CL0233M-BLACK-GOLD,,,Black,,,,,,
CL0233M-BLACK-M,,,Black,,,,,,
CL0233M-BLACK-WHITE,,,Black,,,,,,
CL0233M-BLUE-RED,,,Multicolor,,,,,,
CL0233M-BRONZE,,,,,,,,,
CL0233M-BROWN,,,,,,,,,
CL0233M-CHOCOLATE,,,,,,,,,
CL0233M-CRYSTAL-BLACK,,,Black,,,,,,
CL0233M-CRYSTAL-BLUE,,,Blue,,,,,,
CL0233M-ELECTRIC,,,Blue,,,,,,
CL0233M-GOLD,,,Gold,,,,,,
CL0233M-GOLD-SILVER,,,Multicolor,,,,,,
CL0233M-GREY,,,Gray,,,,,,
CL0233M-GRID-BLUE,,,Blue,,,,,,
CL0233M-GRID-RED,,,Red,,,,,,
CL0233M-HEMATITE,,,Black,,,,,,
CL0233M-HI-RED,,,Red,,,,,,
CL0233M-L-BLACK,,,Black,,,,,,
CL0233M-MULTICOLOR,,,Multicolor,,,,,,
CL0233M-MW-BLUE,,,Blue,,,,,,
CL0233M-NAVY,,,Blue,,,,,,
CL0233M-NAVY-GREY,,,Gray,,,,,,
CL0233M-OFF-WHITE,,,White,,,,,,
CL0233M-PATENT-BLACK,,,Black,,,,,,
CL0233M-PIK-LAME,,,Gold,,,,,,
CL0233M-PIK-NOIR,,,Black,,,,,,
CL0233M-PURPLE,,,Purple,,,,,,
CL0233M-PURPLE-GOLD,,,MultiColor,,,,,,
CL0233M-PYTHON-BLACK,,,Black,,,,,,
CL0233M-PYTHON-NAVY,,,Blue,,,,,,
CL0233M-RED,,,Red,,,,,,
CL0233M-SCALE-BROWN,,,,,,,,,
CL0233M-SCALE-PURPLE,,,Purple,,,,,,
CL0233M-SPIKE-BLACK,,,Black,,,,,,
CL0233M-SPIKES-BLACK,,,Black,,,,,,
CL0233M-SPIKES-GREEN,,,Green,,,,,,
CL0233M-STRASS-APRICOT,,,,,,,,,
CL0233M-STRASS-BLACK,,,Black,,,,,,
CL0233M-STRASS-BLACK-SILVER,,,Black,,,,,,
CL0233M-STRASS-GOLD,,,Gold,,,,,,
CL0233M-STRASS-HEMATITE,,,Black,,,,,,
CL0233M-STRASS-PLUM,,,,,,,,,
CL0233M-STRASS-PURPLE,,,Purple,,,,,,
CL0233M-STRASS-WHITE,,,White,,,,,,
CL0233M-STUDDED-BLUE,,,Blue,,,,,,
CL0233M-SUEDE-RED,,,Red,,,,,,
CL0233M-SUN,,,Yellow,,,,,,
CL0233M-TAUPE,,,,,,,,,
CL0233-MULTICOLOR,,,Multicolor,,,,,,
CL0233M-W-BALCK-GUN,,,Black,,,,,,
CL0233M-W-BEIGE,,,,,,,,,
CL0233M-W-BLACK,,,Black,,,,,,
CL0233-MW-BLUE,,,Blue,,,,,,
CL0233M-W-BRONZE,,,Pink,,,,,,
CL0233M-WHITE,,,White,,,,,,
CL0233M-WHITE-GOLD,,,White,,,,,,
CL0233M-WHITE-IVORY,,,White,,,,,,
CL0233M-W-MULTICOLOR,,,Multicolor,,,,,,
CL0233M-W-NUDE,,,Nude,,,,,,
CL0233M-W-RED,,,Red,,,,,,
CL0233M-W-ROSE,,,Rose,,,,,,
CL0233M-W-STONE,,,,,,,,,
CL0233M-W-VIOLET,,,Purple,,,,,,
CL0233-NAVY,,,Blue,,,,,,
CL0233-NAVY-GREY,,,Gray,,,,,,
CL0233-PATENT-BLACK,,,Black,,,,,,
CL0233-PIK-LAME,,,Gold,,,,,,
CL0233-PIK-NOIR,,,Black,,,,,,
CL0233-PURPLE,,,Purple,,,,,,
CL0233-PURPLE-GOLD,,,MultiColor,,,,,,
CL0233-PYTHON-BLACK,,,Black,,,,,,
CL0233-PYTHON-NAVY,,,Blue,,,,,,
CL0233-RED,,,Red,,,,,,
CL0233-RED-PIK,,,Red,,,,,,
CL0233-RIVIERA,,,Blue,,,,,,
CL0233-SCALE-BROWN,,,,,,,,,
CL0233-SCALE-PURPLE,,,Purple,,,,,,
CL0233-SPIKE-BLACK,,,Black,,,,,,
CL0233-SPIKES-BLACK,,,Black,,,,,,
CL0233-SPIKES-GREEN,,,Green,,,,,,
CL0233-STRASS-APRICOT,,,,,,,,,
CL0233-STRASS-BLACK,,,Black,,,,,,
CL0233-STRASS-BLACK-SILVER,,,Black,,,,,,
CL0233-STRASS-GOLD,,,Gold,,,,,,
CL0233-STRASS-HEMATITE,,,Black,,,,,,
CL0233-STRASS-PLUM,,,,,,,,,
CL0233-STRASS-PURPLE,,,Purple,,,,,,
CL0233-STRASS-WHITE,,,White,,,,,,
CL0233-STUDDED-BLUE,,,Blue,,,,,,
CL0233-SUEDE-RED,,,Red,,,,,,
CL0233-TAUPE,,,,,,,,,
CL0233-W-BALCK-GUN,,,Black,,,,,,
CL0233-W-BEIGE,,,,,,,,,
CL0233-W-BLACK,,,Black,,,,,,
CL0233-W-BRONZE,,,Pink,,,,,,
CL0233-WHITE,,,White,,,,,,
CL0233-WHITE-GOLD,,,White,,,,,,
CL0233-W-NUDE,,,Nude,,,,,,
CL0233-W-RED,,,Red,,,,,,
CL0233-W-ROSE,,,Rose,,,,,,
CL0233-W-STONE,,,,,,,,,
CL0233-W-VIOLET,,,Purple,,,,,,
CL0233-YELLOW,,,Yellow,,,,,,
CL0235-MULTICOLOR-STRASS,,,Multicolor,,,,,,
CL0240M-ALL-BLACK,,,Black,,,,,,
CL0240M-BLACK,,,Black,,,,,,
CL0241-BLACK-85MM,,,Black,,,,,,100mm
CL0241-BLACK-LEATHER,,,Black,,,,,,120mm
CL0241-GOLD,,,Gold,,,,,,100mm
CL0241-NUDE-85MM,,,Nude,,,,,,100mm
CL0241-NUDE-LEATHER,,,Nude,,,,,,120mm
CL0241-OFF-WHITE,,,White,,,,,,100mm
CL0241-PURPLE,,,Purple,,,,,,120mm
CL0242-BLACK,,,Black,,,,,,120mm
CL0242-POMICE,,,,,,,,,40mm
CL0243-IVORY,,,,,,,,,140mm
CL0244-BEIGE,,,,,,,,,140mm
CL0244-BLACK,,,Black,,,,,,140mm
CL0246-BLACK,,,Multicolor,,,,,,120mm
CL0246-BLACK-BROWN,,,Multicolor,,,,,,120mm
CL0247-BEIGE,,,,,,,,,140mm
CL0248-BLACK,,,Black,,,,,,140mm
CL0249-ACID-BLUE,,,Blue,,,,,,160mm
CL0249-APRICOT,,,,,,,,,160mm
CL0249-BEIGE,,,,,,,,,160mm
CL0249-BLACK,,,Black,,,,,,160mm
CL0249-BROWN,,,Brown,,,,,,160mm
CL0249-FRAMBOISE,,,Rose,,,,,,160mm
CL0249-LEATHER-BLACK,,,Black,,,,,,160mm
CL0249-RED,,,Red,,,,,,160mm
CL0249-TAUPE,,,,,,,,,160mm
CL0250-AFRICA,,,,,,,,,140mm
CL0250-BLACK,,,Black,,,,,,140mm
CL0250-BROWN,,,Brown,,,,,,140mm
CL0250-ELEFANTE-PEWTER,,,,,,,,,140mm
CL0250-LEOPARD,,,Multicolor,,,,,,140mm
CL0250-NUDE,,,Nude,,,,,,140mm
CL0250-NUDE-GOLD,,,Gold,,,,,,140mm
CL0250-PONY-BLACK,,,Black,,,,,,140mm
CL0250-SEPIA,,,Multicolor,,,,,,140mm
CL0250-WATERSNAKE-BLACK,,,Black,,,,,,140mm
CL0251-BLACK,,,Black,,,,,,140mm
CL0251-BLUE,,,Blue,,,,,,140mm
CL0252-BLACK,,,Black,,,,,,160mm
CL0252-TAUPE,,,,,,,,,160mm
CL0254-BLUE,,,Blue,,,,,,120mm
CL0254-BROWN,,,Brown,,,,,,120mm
CL0255-BLACK-RED,,,Multicolor,,,,,,120mm
CL0255-CAMEL,,,Brown,,,,,,120mm
CL0256-GOLD,,,Silver,,,,,,120mm
CL0258-WHITE,,,White,,,,,,120mm
CL0259-BLACK,,,Black,,,,,,40mm
CL0259-NUDE,,,Nude,,,,,,40mm
CL0260-SILVER,,,Silver,,,,,,120mm
CL0261-BLACK,,,Black,,,,,,140mm
CL0262-BLACK,,,Black,,,,,,140mm
CL0262-BRONZE,,,,,,,,,140mm
CL0262-HOT-PINK,,,Rose,,,,,,140mm
CL0262-NOCE,,,Brown,,,,,,100mm
CL0263-BLACK,,,Black,,,,,,140mm
CL0265-BLACK,,,Black,,,,,,140mm
CL0265-NATURAL,,,,,,,,,140mm
CL0265-RED,,,Red,,,,,,140mm
CL0266-NUDE,,,Nude,,,,,,100mm
CL0267-BLACK,,,Black,,,,,,100mm
CL0267-BLACK-RED,,,Black,,,,,,100mm
CL0267-BLUE,,,Blue,,,,,,100mm
CL0267-FUCHSIA,,,Rose,,,,,,100mm
CL0267-LEOPARD,,,Multicolor,,,,,,100mm
CL0267-MANDA,,,Red,,,,,,100mm
CL0267-NUDE,,,Nude,,,,,,100mm
CL0267-TAUPE,,,,,,,,,100mm
CL0268-ALBA,,,Gold,,,,,,100mm
CL0268-OFF-WHITE,,,White,,,,,,100mm
CL0268-PINK,,,Rose,,,,,,100mm
CL0268-SAHARA,,,Gold,,,,,,100mm
CL0269-BLACK,,,Black,,,,,,100mm
CL0269-NUDE,,,Nude,,,,,,100mm
CL0270-BLACK,,,Black,,,,,,120mm
CL0270-SUEDE-BLACK,,,Black,,,,,,120mm
CL0271-BROWN,,,Brown,,,,,,140mm
CL0271-NATURAL,,,Nude,,,,,,140mm
CL0271-NAVY,,,Blue,,,,,,140mm
CL0276-WATERSNAKE-GOLD,,,Gold,,,,,,140mm
CL0277-BLACK,,,Black,,,,,,120mm
CL0278-AFRICA,,,Black,,,,,,120mm
CL0278-BLACK,,,Black,,,,,,120mm
CL0278-BLUE,,,Blue,,,,,,120mm
CL0278-LEOPARD,,,Multicolor,,,,,,120mm
CL0278-YELLOW,,,Multicolor,,,,,,120mm
CL0284-BLACK,,,Black,,,,,,100mm
CL0284-NUDE,,,Nude,,,,,,100mm
CL0284-NUDE-BLACK,,,Black,,,,,,100mm
CL0284-OFF-WHITE,,,White,,,,,,100mm
CL0284-PIVOINE,,,Rose,,,,,,100mm
CL0285-BLACK-GLITTER,,,Black,,,,,,
CL0285-NUDE,,,Nude,,,,,,
CL0285-SAHARA,,,Brown,,,,,,
CL0285-SILVER,,,Silver,,,,,,
CL0286-BLACK,,,Black,,,,,,100mm
CL0286-CHAMPAGNE,,,Silver,,,,,,100mm
CL0286-RED,,,Red,,,,,,100mm
CL0288-BLACK,,,Black,,,,,,120mm
CL0288-MOROCCAN-RED,,,Red,,,,,,120mm
CL0288-SUEDE-BLACK,,,Black,,,,,,120mm
CL0289-BLACK,,,Black,,,,,,120mm
CL0289-TURQUOISE,,,Blue,,,,,,120mm
CL0292-BLACK,,,Black,,,,,,100mm
CL0292-CORK,,,Brown,,,,,,100mm
CL0292-NUDE,,,Nude,,,,,,100mm
CL0293-BLACK,,,Black,,,,,,140mm
CL0293-BROWN,,,Brown,,,,,,140mm
CL0295-BLACK,,,Black,,,,,,100mm
CL0295-BLACK-SUEDE,,,Black,,,,,,100mm
CL0296-BLACK,,,Black,,,,,,100mm
CL0296-LEOPARD-PRINT,,,Multicolor,,,,,,60mm
CL0296-NUDE,,,Nude,,,,,,60mm
CL0297-BLACK,,,Black,,,,,,120mm
CL0298-BLACK,,,Black,,,,,,120mm
CL0298-BLUE,,,Blue,,,,,,120mm
CL0299-BLACK,,,Black,,,,,,100mm
CL0299-LEOPARD,,,Multicolor,,,,,,100mm
CL0301-GOLD,,,Gold,,,,,,
CL0301-SILVER,,,Silver,,,,,,
CL0303-NUDE,,,Nude,,,,,,100mm
CL0303-SILVER,,,Silver,,,,,,100mm
CL0304-BLACK,,,Black,,,,,,140mm
CL0305-BLACK,,,Black,,,,,,40mm
CL0305-NUDE,,,Nude,,,,,,40mm
CL0306-BLACK,,,Black,,,,,,100mm
CL0306-LAME,,,Green,,,,,,100mm
CL0306-NUDE,,,Nude,,,,,,100mm
CL0306-RED,,,Red,,,,,,100mm
CL0307-BEIGE,,,,,,,,,100mm
CL0307-BLACK,,,Black,,,,,,100mm
CL0307-KID-BLACK,,,Black,,,,,,100mm
CL0307-LEOPARD,,,Multicolor,,,,,,100mm
CL0307-NOIR,,,Black,,,,,,100mm
CL0307-NUDE,,,Nude,,,,,,100mm
CL0307-PINK,,,Pink,,,,,,100mm
CL0307-RIVIERA,,,Blue,,,,,,80mm
CL0307-WHITE,,,White,,,,,,100mm
CL0308-BLACK,,,Black,,,,,,120mm
CL0308-NUDE,,,Nude,,,,,,120mm
CL0309-BEIGE,,,,,,,,,40mm
CL0309-BLACK,,,Black,,,,,,40mm
CL0309-RED,,,Red,,,,,,40mm
CL0309-SUEDE-BLACK,,,Black,,,,,,40mm
CL0309-SUEDE-TURQUOISE,,,Blue,,,,,,40mm
CL0310-AMETHYST,,,Purple,,,,,,120mm
CL0310-BLACK,,,Black,,,,,,120mm
CL0310-BLACK-PATENT,,,Black,,,,,,100mm
CL0310-EMERAUDE,,,Green,,,,,,120mm
CL0310-FLANNEL-GREY,,,Gray,,,,,,120mm
CL0310-MANDARIN-RED,,,Red,,,,,,120mm
CL0310-NUDE,,,Nude,,,,,,120mm
CL0310-NUDE-100MM,,,Nude,,,,,,100mm
CL0310-NUDE-PATENT,,,Nude,,,,,,100mm
CL0310-PEACOCK,,,Blue,,,,,,120mm
CL0310-ROCCIA,,,Multicolor,,,,,,120mm
CL0310-SUEDE-NAVY,,,Blue,,,,,,120mm
CL0311-BLACK,,,Black,,,,,,120mm
CL0312-BLACK,,,Black,,,,,,100mm
CL0312-BLUE,,,Blue,,,,,,100mm
CL0312-SILVER,,,Silver,,,,,,100mm
CL0314-BLACK,,,Black,,,,,,160mm
CL0314-BLACK-SILVER,,,Multicolor,,,,,,160mm
CL0314-BURGUNDY,,,,,,,,,160mm
CL0314-MULTICOLOR-RED,,,Multicolor,,,,,,160mm
CL0315-BLACK,,,Black,,,,,,120mm
CL0315-BLACK-WHITE,,,Black,,,,,,120mm
CL0315-GLITTER-BLACK,,,Black,,,,,,120mm
CL0315-GLITTER-SILVER,,,Silver,,,,,,120mm
CL0315-GOLD,,,Gold,,,,,,120mm
CL0315-LEATHER-BLACK,,,Black,,,,,,120mm
CL0315-MULTICOLOR,,,Multicolor,,,,,,120mm
CL0315-MULTICOLOR-GLITTER,,,Multicolor,,,,,,120mm
CL0315-NEUTRAL,,,Multicolor,,,,,,120mm
CL0315-NUDE,,,Nude,,,,,,120mm
CL0315-PATENT-BLACK,,,Black,,,,,,120mm
CL0315-PATENT-PIVOINE,,,Rose,,,,,,120mm
CL0315-POUSSIN,,,Yellow,,,,,,120mm
CL0315-RED-GLITTER,,,Red,,,,,,120mm
CL0315-SILVER,,,Silver,,,,,,120mm
CL0315-SPECCHIO,,,Silver,,,,,,120mm
CL0315-WHITE,,,Silver,,,,,,120mm
CL0317-BLACK,,,Black,,,,,,140mm
CL0317-GREEN,,,Green,,,,,,140mm
CL0317-WHITE,,,White,,,,,,140mm
CL0318-ALL-BLACK,,,Black,,,,,,120mm
CL0318-BEIGE,,,,,,,,,120mm
CL0320-BLACK,,,Black,,,,,,100mm
CL0320-BLUE,,,Blue,,,,,,100mm
CL0320-IVORY,,,,,,,,,100mm
CL0320-RED,,,Red,,,,,,100mm
CL0322-BLACK,,,Black,,,,,,100mm
CL0322-GREEN,,,Blue,,,,,,100mm
CL0322-LEOPARD,,,Multicolor,,,,,,100mm
CL0324-LEOPARD,,,Multicolor,,,,,,100mm
CL0325-BLACK,,,Black,,,,,,120mm
CL0325-NUDE,,,Nude,,,,,,120mm
CL0325-PINK,,,Rose,,,,,,120mm
CL0325-SILVER,,,Silver,,,,,,120mm
CL0325-SUEDE-BLACK,,,Black,,,,,,120mm
CL0325-YELLOW,,,Yellow,,,,,,120mm
CL0326-BLUE,,,Blue,,,,,,100mm
CL0327-BLACK,,,Black,,,,,,120mm
CL0329-BLACK,,,Black,,,,,,120mm
CL0329-SILVER,,,Silver,,,,,,120mm
CL0330-100MM-CAMEO,,,Red,,,,,,100mm
CL0330-100MM-NOIR,,,Black,,,,,,100mm
CL0330-BEIGE,,,,,,,,,120mm
CL0330-BLACK,,,Black,,,,,,100mm
CL0330-BLACK-LEATHER,,,Black,,,,,,120mm
CL0330-BLACK-PATENT,,,Black,,,,,,120mm
CL0330-BLUE-KHOL,,,multicolor,,,,,,120mm
CL0330-CORDE,,,,,,,,,120mm
CL0330-EPI-GOLD,,,Gold,,,,,,120mm
CL0330-FLUO-PINK,,,Red,,,,,,120mm
CL0330-GLITTER-BLACK,,,Black,,,,,,120mm
CL0330-GLITTER-GOLD,,,Gold,,,,,,120mm
CL0330-GLITTER-SILVER,,,Silver,,,,,,120mm
CL0330-GRAFFITI-MULTICOLOR,,,Multicolor,,,,,,100mm
CL0330-GRENADINE,,,Pink,,,,,,120mm
CL0330-GRID-BLACK,,,Gray,,,,,,120mm
CL0330-JAZZ-NUDE,,,Nude,,,,,,100mm
CL0330-LACE-BEIGE,,,,,,,,,120mm
CL0330-MULTICOLOR,,,Multicolor,,,,,,120mm
CL0330-MULTICOLOR-P,,,Multicolor,,,,,,120mm
CL0330-NUDE,,,Nude,,,,,,100mm
CL0330-NUDE-PATENT,,,Nude,,,,,,120mm
CL0330-PAPAYE,,,Orange,,,,,,100mm
CL0330-PATENT-BLACK,,,Black,,,,,,120mm
CL0330-PATENT-FLUO-YELLOW,,,,,,,,,120mm
CL0330-PATENT-JADE,,,Blue,,,,,,120mm
CL0330-PATENT-PIVOINE,,,Rose,,,,,,120mm
CL0330-PATENT-RED,,,Red,,,,,,120mm
CL0330-PATENT-YELLOW,,,Yellow,,,,,,120mm
CL0330-P-BLACK-ROSE,,,Multicolor,,,,,,120mm
CL0330-PINK-GOLD,,,Gold,,,,,,120mm
CL0330-PINKY,,,Pink,,,,,,120mm
CL0330-PLATO-BLACK,,,Black,,,,,,120mm
CL0330-PLATO-GLITTER,,,Silver,,,,,,120mm
CL0330-PLATO-NATURALE,,,,,,,,,120mm
CL0330-PLATO-NUDE,,,Nude,,,,,,120mm
CL0330-PLATO-PINK,,,Rose,,,,,,120mm
CL0330-PLATO-RED,,,Red,,,,,,120mm
CL0330-PLATO-WHITE,,,White,,,,,,120mm
CL0330-POINTED-JADE,,,Blue,,,,,,100mm
CL0330-POINTED-NUDE,,,Nude,,,,,,100mm
CL0330-PRINTED-SAHARA,,,Brown,,,,,,100mm
CL0330-PSTRASS-BLACK,,,Black,,,,,,140mm
CL0330-RED,,,Red,,,,,,100mm
CL0330-RED-MARCH,,,Red,,,,,,120mm
CL0330-SPIKE-PINK,,,Pink,,,,,,120mm
CL0330-SPIKE-ROSE,,,Red,,,,,,120mm
CL0330-SPIKES-ALLBLACK,,,Black,,,,,,120mm
CL0330-SPIKES-BLACK,,,Black,,,,,,120mm
CL0330-SPIKES-GOLD,,,Gold,,,,,,120mm
CL0330-SPIKES-HEMATITE,,,Black,,,,,,120mm
CL0330-SPIKES-NAVY,,,Black,,,,,,120mm
CL0330-SPIKES-NUDE,,,Nude,,,,,,120mm
CL0330-SPIKES-RED,,,Red,,,,,,120mm
CL0330-SPIKE-WHITE,,,White,,,,,,120mm
CL0330-STUDDED-BLACK,,,Black,,,,,,100mm
CL0330-WHITE,,,White,,,,,,120mm
CL0331-ALL-BLACK,,,Black,,,,,,
CL0331-BLACK,,,Black,,,,,,
CL0331-BLACK-LEATHER,,,Black,,,,,,
CL0331-BURGUNDY,,,,,,,,,
CL0331-GOLD,,,Gold,,,,,,
CL0331-MULTICOLOR,,,Multicolor,,,,,,
CL0331-NUDE,,,Nude,,,,,,
CL0331-PINK,,,Pink,,,,,,
CL0331-PRIMEVERE,,,Yellow,,,,,,
CL0331-PURPLE,,,Purple,,,,,,
CL0331-SILVER,,,Silver,,,,,,
CL0331-SPIKE-RED,,,Red,,,,,,
CL0331-SPIKES-BLACK,,,Black,,,,,,
CL0331-ZEBRA,,,Multicolor,,,,,,
CL0332-BLACK,,,Black,,,,,,
CL0332-NUDE,,,Nude,,,,,,
CL0333-BEIGE,,,,,,,,,
CL0333-BLACK,,,Black,,,,,,
CL0333-ECLIPSE,,,,,,,,,
CL0333-LEOPARD,,,Multicolor,,,,,,
CL0333M-BEIGE,,,,,,,,,
CL0333M-BLACK,,,Black,,,,,,
CL0333M-LEOPARD,,,Multicolor,,,,,,
CL0333M-LIE-WINE,,,Red,,,,,,
CL0333M-SAND,,,,,,,,,
CL0333M-VINTAGE-BLUE,,,Blue,,,,,,
CL0333-SAND,,,,,,,,,
CL0333-VINTAGE-BLUE,,,Blue,,,,,,
CL0333-WHITE,,,White,,,,,,
CL0334-BLACK,,,Black,,,,,,120mm
CL0334-NUDE,,,Nude,,,,,,120mm
CL0335-BLACK,,,Black,,,,,,100mm
CL0335-LEOPARD,,,Multicolor,,,,,,100mm
CL0335-NUDE,,,Nude,,,,,,100mm
CL0335-SILK-PINK,,,Multicolor,,,,,,100mm
CL0336-BEIGE,,,,,,,,,140mm
CL0336-BLACK,,,Black,,,,,,140mm
CL0336-TAN,,,Brown,,,,,,140mm
CL0338M-BLACK-I,,,Black,,,,,,
CL0338M-BLACK-WHITE,,,Multicolor,,,,,,
CL0341-BLACK,,,Black,,,,,,100mm
CL0341-CAMEL,,,Brown,,,,,,100mm
CL0341-FRAMBOISE,,,Rose,,,,,,100mm
CL0341-LEOPARD,,,Multicolor,,,,,,100mm
CL0341-LEOPARD-PRINTED-PONY,,,MultiColor,,,,,,90mm
CL0341-NATURALE,,,,,,,,,100mm
CL0341-NUDE,,,Nude,,,,,,100mm
CL0342-GOLD,,,Gold,,,,,,140mm
CL0343M-NAVY-DENIM,,,Blue,,,,,,
CL0343-NAVY-DENIM,,,Blue,,,,,,
CL0344-ALLBROWN,,,Brown,,,,,,
CL0344-APRICOT,,,,,,,,,
CL0344-BLACK,,,Black,,,,,,
CL0344-BLACK-LACE,,,Black,,,,,,
CL0344-BLEACHED-SAND,,,,,,,,,
CL0344-BLUE-GOLD,,,Blue,,,,,,
CL0344-BLUE-LACE,,,Blue,,,,,,
CL0344-BROWN,,,Brown,,,,,,
CL0344-BROWN-BLUE,,,Multicolor,,,,,,
CL0344-COFFEE,,,,,,,,,
CL0344-COGNAC,,,Multicolor,,,,,,
CL0344-DEEP-BLUE,,,Blue,,,,,,
CL0344-FLANNEL,,,,,,,,,
CL0344-GLITTER-BLACK,,,Silver,,,,,,
CL0344-GLITTER-GOLD,,,Gold,,,,,,
CL0344-IVORY,,,White,,,,,,
CL0344-LEOPARD,,,Multicolor,,,,,,
CL0344-LEOPARD-I,,,Multicolor,,,,,,
CL0344M-ALLBROWN,,,Brown,,,,,,
CL0344M-APRICOT,,,,,,,,,
CL0344M-BLACK,,,Black,,,,,,
CL0344M-BLACK-LACE,,,Black,,,,,,
CL0344M-BLEACHED-SAND,,,,,,,,,
CL0344-M-BLUE,,,Black,,,,,,
CL0344M-BLUE-GOLD,,,Blue,,,,,,
CL0344M-BLUE-LACE,,,Blue,,,,,,
CL0344M-BROWN,,,Brown,,,,,,
CL0344M-BROWN-BLUE,,,Multicolor,,,,,,
CL0344M-COFFEE,,,,,,,,,
CL0344M-COGNAC,,,Multicolor,,,,,,
CL0344M-DEEP-BLUE,,,Blue,,,,,,
CL0344M-FLANNEL,,,Multicolor,,,,,,
CL0344M-GLITTER-BLACK,,,Silver,,,,,,
CL0344M-GLITTER-GOLD,,,Gold,,,,,,
CL0344M-IVORY,,,White,,,,,,
CL0344M-LEOPARD,,,Multicolor,,,,,,
CL0344M-LEOPARD-I,,,Multicolor,,,,,,
CL0344M-M-BLUE,,,Black,,,,,,
CL0344M-MULTICOLOR,,,Multicolor,,,,,,
CL0344M-MULTICOLOR-M,,,Multicolor,,,,,,
CL0344M-PLAID,,,Black,,,,,,
CL0344M-RED,,,Red,,,,,,
CL0344M-RED-COTTON,,,Red,,,,,,
CL0344M-SMOKE-GREY,,,Gray,,,,,,
CL0344-MULTICOLOR,,,Multicolor,,,,,,
CL0344-MULTICOLOR-M,,,Multicolor,,,,,,
CL0344M-W-GLITTER,,,Gold,,,,,,
CL0344M-WHITE,,,White,,,,,,
CL0344M-WHITE-GOLD,,,White,,,,,,
CL0344M-W-LEOPARD,,,Multicolor,,,,,,
CL0344M-W-PINK,,,Pink,,,,,,
CL0344-PLAID,,,Black,,,,,,
CL0344-RED,,,Red,,,,,,
CL0344-RED-COTTON,,,Red,,,,,,
CL0344-SMOKE-GREY,,,Gray,,,,,,
CL0344-W-GLITTER,,,Gold,,,,,,
CL0344-WHITE,,,White,,,,,,
CL0344-WHITE-GOLD,,,White,,,,,,
CL0344-W-LEOPARD,,,Multicolor,,,,,,
CL0344-W-PINK,,,Pink,,,,,,
CL0345-BLACK,,,Black,,,,,,140mm
CL0349-INDIGO,,,Blue,,,,,,120mm
CL0350-BLACK,,,Black,,,,,,120mm
CL0350-NAVY,,,Blue,,,,,,120mm
CL0350-NUDE,,,Nude,,,,,,120mm
CL0350-ROSE,,,Red,,,,,,120mm
CL0350-ROSE-PATENT,,,Rose,,,,,,120mm
CL0350-TURQUOISE,,,Blue,,,,,,120mm
CL0351-ALLBLACK,,,Black,,,,,,
CL0351-BLACK,,,Black,,,,,,
CL0351-BLACK-MULTI,,,Black,,,,,,
CL0351-ECLIPSE,,,Blue,,,,,,
CL0351-EPI-GOLD,,,Yellow,,,,,,
CL0351-GOLD,,,Gold,,,,,,
CL0351M-ALLBLACK,,,Black,,,,,,
CL0351M-BLACK,,,Black,,,,,,
CL0351M-GOLD,,,Gold,,,,,,
CL0351M-M-RED,,,Multicolor,,,,,,
CL0351M-RED,,,Red,,,,,,
CL0351-M-RED,,,Multicolor,,,,,,
CL0351M-SILVER,,,Silver,,,,,,
CL0351M-WHITE,,,White,,,,,,
CL0351-RED,,,Red,,,,,,
CL0351-ROUGE,,,Red,,,,,,
CL0351-SILVER,,,Silver,,,,,,
CL0351-WHITE,,,White,,,,,,
CL0351-WHITE-IVORY,,,White,,,,,,
CL0353M-BLUE,,,Blue,,,,,,
CL0353M-GOLD,,,Gold,,,,,,
CL0353M-GREEN,,,Green,,,,,,
CL0353M-GREY,,,Gray,,,,,,
CL0353M-HEMINATE,,,,,,,,,
CL0353M-NUDE,,,Nude,,,,,,
CL0353M-PURPLE,,,Purple,,,,,,
CL0353M-SILVER,,,Silver,,,,,,
CL0353M-WHITE,,,White,,,,,,
CL0354-BLACK-SPIKES,,,Black,,,,,,
CL0354-ECLIPSE,,,Purple,,,,,,
CL0354M-ANTHRACITE,,,Multicolor,,,,,,
CL0354M-BEIGE-SPIKES,,,,,,,,,
CL0354M-BLACK-MULTIC-LUC,,,MultiColor,,,,,,
CL0354M-BLACK-SPIKES,,,Black,,,,,,
CL0354M-GREY,,,Multicolor,,,,,,
CL0354M-LEOPARD,,,Multicolor,,,,,,
CL0354M-LIE-WINE,,,Red,,,,,,
CL0354M-RED-SPIKES,,,Red,,,,,,
CL0354M-SPIKE-BLACK,,,Multicolor,,,,,,
CL0354M-TARTEN-RED,,,Red,,,,,,
CL0354-RIVIERA,,,Blue,,,,,,
CL0355-LEOPARD,,,Multicolor,,,,,,
CL0355M-LEOPARD,,,Multicolor,,,,,,
CL0355M-RED,,,Red,,,,,,
CL0355M-SPIKE-BLACK,,,Black,,,,,,
CL0355M-SPIKE-NUDE,,,Nude,,,,,,
CL0355M-STONE,,,,,,,,,
CL0355M-TURQUOISE,,,Blue,,,,,,
CL0355M-WHITE,,,White,,,,,,
CL0355-WHITE-MULTI,,,White,,,,,,
CL0357-CARAIBES,,,Multicolor,,,,,,100mm
CL0358-BLUE,,,Blue,,,,,,100mm
CL0358-BLUE-TARTAN,,,Blue,,,,,,100mm
CL0358-BROWN,,,Brown,,,,,,100mm
CL0358-CAMEO-ROSE,,,Red,,,,,,100mm
CL0358-GLITTER-MULTICOLOR,,,Multicolor,,,,,,100mm
CL0358-GLITTER-PINK,,,Red,,,,,,100mm
CL0358-GLITTER-TURQUOISE,,,Blue,,,,,,100mm
CL0358-NUDE,,,Nude,,,,,,100mm
CL0358-PARME,,,Purple,,,,,,100mm
CL0358-PATENT-BLACK,,,Black,,,,,,100mm
CL0358-PATENT-PINK,,,Pink,,,,,,100mm
CL0358-PIVOINE-POWDER,,,Rose,,,,,,100mm
CL0358-SUEDE-BLACK,,,Black,,,,,,100mm
CL0358-SUEDE-CHARTREUSE,,,Green,,,,,,100mm
CL0358-SUEDE-NAVY,,,Blue,,,,,,100mm
CL0358-SUEDE-PEACOCK,,,Blue,,,,,,100mm
CL0358-SUEDE-RED,,,Red,,,,,,100mm
CL0358-SUEDE-TAUPE,,,,,,,,,100mm
CL0358-SUEDE-TURQUOISE,,,Blue,,,,,,100mm
CL0358-TURQUIN,,,Blue,,,,,,100mm
CL0358-YELLOW,,,Yellow,,,,,,100mm
CL0359-BLACK,,,Black,,,,,,100mm
CL0359-NAVY,,,Blue,,,,,,100mm
CL0359-NUDE,,,Nude,,,,,,100mm
CL0359-RED,,,Red,,,,,,100mm
CL0359-RED-SUEDE,,,Red,,,,,,100mm
CL0360-BLACK,,,Black,,,,,,140mm
CL0360-LILAC,,,Purple,,,,,,140mm
CL0360-RED,,,Red,,,,,,140mm
CL0361-BROWN,,,Brown,,,,,,
CL0361-RED,,,Red,,,,,,
CL0362-GREY,,,Gray,,,,,,
CL0362-NATURALE,,,Brown,,,,,,
CL0362-VIOLET,,,Blue,,,,,,
CL0362-WATERSNAKE,,,Nude,,,,,,
CL0362-WHITE,,,White,,,,,,
CL0364-COGNAC,,,Brown,,,,,,140mm
CL0364-TAUPE,,,,,,,,,140mm
CL0365-BLACK,,,Black,,,,,,120mm
CL0365-SILVER,,,Silver,,,,,,120mm
CL0366-BLACK,,,Black,,,,,,120mm
CL0366-DEEP-BLUE,,,Blue,,,,,,120mm
CL0366-GOLD,,,Gold,,,,,,120mm
CL0366-RED,,,Red,,,,,,120mm
CL0367-BLUE,,,Blue,,,,,,100mm
CL0370-BLACK,,,Black,,,,,,120mm
CL0370-NUDE,,,Nude,,,,,,120mm
CL0371-BLACK,,,Black,,,,,,100mm
CL0371-BLACK-STRASS,,,Black,,,,,,100mm
CL0371-NUDE,,,Nude,,,,,,100mm
CL0371-RED,,,Red,,,,,,100mm
CL0372-BLACK,,,Black,,,,,,160mm
CL0372-NUDE,,,Nude,,,,,,160mm
CL0372-SUEDE-BLACK,,,Black,,,,,,160mm
CL0372-SUEDE-RED,,,Red,,,,,,160mm
CL0373-BLACK,,,Black,,,,,,140mm
CL0373-MULTICOLOR,,,Multicolor,,,,,,140mm
CL0375-BLACK-GLITTER,,,Black,,,,,,100mm
CL0375-BLACK-LEATHER,,,Black,,,,,,100mm
CL0375-BLACK-PATENT,,,Black,,,,,,100mm
CL0375-CAMEL,,,Nude,,,,,,100mm
CL0375-CARAIBES,,,Blue,,,,,,100mm
CL0375-GLITTER-BLACK,,,Black,,,,,,100mm
CL0375-MADARINE-RED,,,Red,,,,,,100mm
CL0375-NAVY,,,Blue,,,,,,120mm
CL0375-NUDE,,,Nude,,,,,,100mm
CL0375-PATENT-NUDE,,,Nude,,,,,,100mm
CL0375-PIVOINE,,,Rose,,,,,,100mm
CL0375-RED,,,Red,,,,,,100mm
CL0375-ROUGE,,,Red,,,,,,100mm
CL0375-SILVER-GLITTER,,,Silver,,,,,,100mm
CL0377-SILVER,,,Silver,,,,,,100mm
CL0378-BLACK,,,Black,,,,,,120mm
CL0378-MANDARIN-RED,,,Red,,,,,,120mm
CL0379-LEOPARD,,,Multicolor,,,,,,
CL0379M-LEOPARD,,,Multicolor,,,,,,
CL0380-WHITE,,,White,,,,,,120mm
CL0381-EMERAUDE,,,Green,,,,,,140mm
CL0381-LUNE,,,Multicolor,,,,,,140mm
CL0381-SILVER,,,Pink,,,,,,140mm
CL0382-BEIGE,,,,,,,,,100mm
CL0382-BLACK,,,Black,,,,,,120mm
CL0382-NOIR,,,Black,,,,,,100mm
CL0382-NUDE,,,Nude,,,,,,100mm
CL0382-PATENT-BLACK,,,Black,,,,,,100mm
CL0384-BLACK,,,Black,,,,,,100mm
CL0384-HEMATITE,,,,,,,,,100mm
CL0384-NUDE,,,Nude,,,,,,120mm
CL0385-BLACK,,,Black,,,,,,160mm
CL0385-CHESTNUT,,,,,,,,,160mm
CL0386-BLACK,,,Black,,,,,,140mm
CL0386-PINK,,,Pink,,,,,,140mm
CL0389-BLACK,,,Black,,,,,,120mm
CL0389-BLUE,,,Blue,,,,,,120mm
CL0389-CRIMSON,,,Rose,,,,,,120mm
CL0389-DARK-BLUE,,,Blue,,,,,,120mm
CL0389-DARK-GREEN,,,Green,,,,,,120mm
CL0389-GREY,,,Gray,,,,,,120mm
CL0389-PINK,,,Rose,,,,,,120mm
CL0389-RED,,,Red,,,,,,120mm
CL0391-IVORY,,,White,,,,,,120mm
CL0394-BLACK,,,Black,,,,,,140mm
CL0394-BROWN-WHITE,,,Multicolor,,,,,,140mm
CL0394-GOLD-WHITE,,,Nude,,,,,,140mm
CL0394-NUDE-MARINE,,,Multicolor,,,,,,140mm
CL0395-ACAJOU,,,Brown,,,,,,160mm
CL0395-BLACK,,,Black,,,,,,160mm
CL0395-JADE,,,Blue,,,,,,160mm
CL0395-LEOPARD,,,Multicolor,,,,,,160mm
CL0395-NUDE,,,Nude,,,,,,160mm
CL0395-PINK,,,Red,,,,,,160mm
CL0395-TAUPE,,,,,,,,,160mm
CL0395-TERRYCLOTH-BLACK,,,Black,,,,,,160mm
CL0395-WHITE,,,White,,,,,,160mm
CL0396-SILVER,,,Silver,,,,,,120mm
CL0399-PINK-GOLD,,,Multicolor,,,,,,140mm
CL0400-BLUE,,,Multicolor,,,,,,160mm
CL0400-RED,,,Red,,,,,,160mm
CL0401-RED,,,Red,,,,,,120mm
CL0402-BLACK,,,Black,,,,,,120mm
CL0402-BROWN,,,Brown,,,,,,120mm
CL0402-PURPLE,,,Purple,,,,,,120mm
CL0403-BEIGE,,,,,,,,,120mm
CL0404-LEMON,,,Yellow,,,,,,160mm
CL0404-ORANGE,,,Orange,,,,,,160mm
CL0404-RED,,,Red,,,,,,160mm
CL0404-TURQUOISE,,,Blue,,,,,,160mm
CL0406-CAMEL,,,,,,,,,100mm
CL0406-CUOIO,,,Orange,,,,,,100mm
CL0407-BEIGE,,,,,,,,,160mm
CL0407-BLACK,,,Black,,,,,,160mm
CL0407-CREME,,,,,,,,,160mm
CL0407-FUCHSIA,,,Rose,,,,,,160mm
CL0407-GREY,,,Gray,,,,,,160mm
CL0407-JADE,,,Blue,,,,,,160mm
CL0409-ANTHRACITE,,,Silver,,,,,,100mm
CL0409-BLACK,,,Black,,,,,,100mm
CL0409-BLUE,,,Blue,,,,,,100mm
CL0409-NUDE,,,Nude,,,,,,100mm
CL0409-PINK,,,Purple,,,,,,100mm
CL0409-RED-BLACK,,,Red,,,,,,100mm
CL0410-BEIGE,,,,,,,,,140mm
CL0410-BLACK,,,Black,,,,,,140mm
CL0410-VIOLET,,,Purple,,,,,,140mm
CL0411-BLACK,,,Black,,,,,,100mm
CL0411-OFF-WHITE,,,White,,,,,,100mm
CL0412-BLACK,,,Black,,,,,,140mm
CL0412-MANDARIN-RED,,,Red,,,,,,140mm
CL0413-BLACK,,,Black,,,,,,140mm
CL0416-WHITE,,,White,,,,,,100mm
CL0419-BLACK,,,Black,,,,,,140mm
CL0419-CHOCOLATE,,,,,,,,,140mm
CL0419-COLORFUL,,,Multicolor,,,,,,140mm
CL0419-ICE-BLUE,,,Blue,,,,,,140mm
CL0419-SILVER,,,Silver,,,,,,140mm
CL0419-WHITE,,,Gold,,,,,,140mm
CL0420-BLACK,,,Black,,,,,,140mm
CL0420-FRAMBOISE,,,Rose,,,,,,140mm
CL0420-NUDE,,,Nude,,,,,,140mm
CL0420-RED,,,Red,,,,,,140mm
CL0420-WHITE,,,White,,,,,,140mm
CL0420-YELLOW,,,Yellow,,,,,,140mm
CL0421-BLACK,,,Black,,,,,,100mm
CL0421-PINK,,,Red,,,,,,100mm
CL0421-RED,,,Red,,,,,,100mm
CL0421-TURQUOISE,,,Blue,,,,,,100mm
CL0423-BLACK,,,Black,,,,,,100mm
CL0423-BLACK-PEACOCK,,,MultiColor,,,,,,100mm
CL0423-BLACK-PEACOCK-P,,,MultiColor,,,,,,140mm
CL0423-BLUE,,,Blue,,,,,,100mm
CL0423-PINK,,,Pink,,,,,,100mm
CL0423-PURPLE,,,Purple,,,,,,100mm
CL0426-BLACK,,,Black,,,,,,120mm
CL0427-BLACK,,,Black,,,,,,140mm
CL0427-BLACK-WHITE,,,Black,,,,,,140mm
CL0427-YELLOW-BLACK,,,,,,,,,140mm
CL0428-BLACK,,,Black,,,,,,140mm
CL0428-GOLD,,,Gold,,,,,,140mm
CL0428-GREEN,,,Blue,,,,,,140mm
CL0428-RED,,,Red,,,,,,140mm
CL0428-VULCANO,,,Gold,,,,,,140mm
CL0429-BLUE,,,Blue,,,,,,120mm
CL0429-ROSE,,,Rose,,,,,,120mm
CL0430-BLACK,,,Black,,,,,,100mm
CL0430-BLUE,,,Blue,,,,,,100mm
CL0430-HOT-PINK,,,Rose,,,,,,100mm
CL0430-JADE,,,Blue,,,,,,100mm
CL0430-LAME,,,MultiColor,,,,,,120mm
CL0430-NUDE,,,Nude,,,,,,100mm
CL0430-PANAMA-BLACK,,,Black,,,,,,120mm
CL0430-PATENT-BLACK,,,Black,,,,,,100mm
CL0430-PATENT-BLACK-120MM,,,Black,,,,,,120mm
CL0430-PATENT-GREEN,,,Green,,,,,,100mm
CL0430-PATENT-NUDE,,,Nude,,,,,,100mm
CL0430-PEACH,,,Rose,,,,,,100mm
CL0430-PINK,,,Red,,,,,,120mm
CL0430-RED,,,Red,,,,,,100mm
CL0430-RED-FLAME,,,Red,,,,,,120mm
CL0430-RED-LIPSTICK,,,Red,,,,,,120mm
CL0430-SILK-NUDE,,,Nude,,,,,,100mm
CL0430-SNAKESKIN-GOLD,,,Gold,,,,,,100mm
CL0430-STRASS-NUDE,,,Nude,,,,,,120mm
CL0430-STRASS-PRUNE,,,,,,,,,120mm
CL0430-SUEDE-BLACK,,,Black,,,,,,100mm
CL0430-SUEDE-BROWN,,,Brown,,,,,,100mm
CL0430-SUEDE-RED,,,Red,,,,,,120mm
CL0430-WATERSNAKE-GOLD,,,Gold,,,,,,100mm
CL0430-WATERSNAKE-SILVER,,,Silver,,,,,,100mm
CL0431-CYRSTAL,,,Silver,,,,,,120mm
CL0432-GREY,,,Gray,,,,,,120mm
CL0432-RED,,,Red,,,,,,120mm
CL0433-GREY,,,Gray,,,,,,120mm
CL0434-BROWN,,,Brown,,,,,,120mm
CL0435-TAUPE,,,,,,,,,140mm
CL0435-WHITE,,,White,,,,,,140mm
CL0437-AMETHYST,,,Purple,,,,,,160mm
CL0437-BLACK,,,Black,,,,,,140mm
CL0437-CHAMPAGNE,,,Gold,,,,,,160mm
CL0437-EMERAUDE,,,Green,,,,,,160mm
CL0437-PINK,,,Red,,,,,,160mm
CL0440-BLACK,,,Black,,,,,,120mm
CL0440-POMICE,,,Nude,,,,,,120mm
CL0440-SAFRAN,,,,,,,,,120mm
CL0441-BLACK,,,Black,,,,,,120mm
CL0441-BLUE-GOLD,,,Blue,,,,,,120mm
CL0441-CAMEL,,,,,,,,,120mm
CL0441-CORK-BLACK,,,Black,,,,,,120mm
CL0441-CORK-NUDE,,,Nude,,,,,,120mm
CL0441-FLANNEL-BEIGE,,,,,,,,,120mm
CL0441-OFF-WHITE,,,White,,,,,,120mm
CL0441-SPIKES-BEIGE,,,,,,,,,120mm
CL0441-SPIKES-BLACK,,,Black,,,,,,120mm
CL0441-SPIKES-BLUE,,,Blue,,,,,,120mm
CL0441-SPIKES-GOLD,,,Gold,,,,,,120mm
CL0441-SPIKES-LEOPARD,,,Multicolor,,,,,,120mm
CL0441-SPIKES-NUDE,,,Nude,,,,,,120mm
CL0441-SPIKES-PINK,,,,,,,,,120mm
CL0441-SPIKES-SILVER,,,Silver,,,,,,120mm
CL0441-SUEDE-BLACK,,,Black,,,,,,120mm
CL0441-SUEDE-PURPLE,,,Purple,,,,,,120mm
CL0441-WATERSNAKE-BLUE,,,Blue,,,,,,120mm
CL0441-WATERSNAKE-FUCHSIA,,,Rose,,,,,,120mm
CL0443-AURORA-BOREALE,,,Silver,,,,,,100mm
CL0443-BLACK,,,Black,,,,,,100mm
CL0443-HEMATITE,,,Black,,,,,,100mm
CL0443-NUDE,,,Nude,,,,,,100mm
CL0443-PINK-100MM,,,Rose,,,,,,100mm
CL0443-PIVOINE,,,Rose,,,,,,100mm
CL0443-WHITE,,,White,,,,,,100mm
CL0444-ARGENT,,,Silver,,,,,,100mm
CL0444-BLACK,,,Black,,,,,,100mm
CL0444-NUDE,,,Nude,,,,,,100mm
CL0444-OFF-WHITE,,,White,,,,,,100mm
CL0444-RED,,,Red,,,,,,100mm
CL0447-BLACK-I,,,Black,,,,,,140mm
CL0449-BLACK,,,Black,,,,,,140mm
CL0449-BLACK-RED,,,Black,,,,,,140mm
CL0449-GOLD,,,Gold,,,,,,140mm
CL0449-PINK,,,Pink,,,,,,150mm
CL0449-POUDRE,,,Pink,,,,,,150mm
CL0449-ROSE,,,Rose,,,,,,140mm
CL0449-S-BLACK-ROSE,,,Multicolor,,,,,,140mm
CL0449-SLINGBACKS-GALAXY,,,Silver,,,,,,140mm
CL0449-SLINGBACKS-GOLD,,,Gold,,,,,,140mm
CL0449-SLINGBACKS-GRAY,,,Silver,,,,,,140mm
CL0449-SLINGBACKS-NUDE,,,Nude,,,,,,140mm
CL0449-SLINGBACKS-PINK,,,Rose,,,,,,140mm
CL0449-SLINGBACKS-SILVER,,,Pink,,,,,,140mm
CL0449-SLINGBACKS-TURQUOISE,,,Blue,,,,,,140mm
CL0449-SLING-BLACK,,,Black,,,,,,140mm
CL0449-SOURIS-CRAIE,,,Multicolor,,,,,,140mm
CL0449-WHITE,,,White,,,,,,150mm
CL0450-BLUE,,,Blue,,,,,,140mm
CL0450-LEOPARD,,,Multicolor,,,,,,140mm
CL0450-MEDIUM-BLUE,,,Blue,,,,,,140mm
CL0450-OFF-WHITE,,,White,,,,,,100mm
CL0450-SCALE-BLACK,,,Black,,,,,,140mm
CL0452-BLACK-WHITE,,,White,,,,,,100mm
CL0452-PEWTER,,,Multicolor,,,,,,100mm
CL0454-GOLD,,,Gold,,,,,,160mm
CL0454-MULTICOLOR,,,Multicolor,,,,,,160mm
CL0459-GOLD,,,Gold,,,,,,120mm
CL0460-ANIS,,,Yellow,,,,,,140mm
CL0460-FLAME,,,Orange,,,,,,140mm
CL0460-MARYJANE-BLACK,,,Black,,,,,,140mm
CL0460-MARYJANE-BROWN,,,Brown,,,,,,140mm
CL0460-MARYJANE-PINK,,,Pink,,,,,,140mm
CL0460-MARYJANE-RED,,,Red,,,,,,140mm
CL0464-BLACK,,,Black,,,,,,100mm
CL0464-GREEN,,,Green,,,,,,100mm
CL0464-MADARIN-RED,,,Red,,,,,,100mm
CL0464-RED,,,Red,,,,,,100mm
CL0466-BLACK,,,Black,,,,,,160mm
CL0467-BLACK,,,Black,,,,,,100mm
CL0467-LEOPARD,,,Multicolor,,,,,,100mm
CL0470-BLACK,,,Black,,,,,,100mm
CL0470-LEOPARD,,,Multicolor,,,,,,100mm
CL0470-RED,,,Red,,,,,,100mm
CL0471-BLACK,,,Black,,,,,,160mm
CL0471-NUDE,,,,,,,,,160mm
CL0471-PURPLE,,,Purple,,,,,,160mm
CL0475-PURPLE,,,Black,,,,,,120mm
CL0475-TAUPE,,,,,,,,,120mm
CL0479-BLUE,,,Blue,,,,,,
CL0479-COLOR,,,Multicolor,,,,,,
CL0479-NUDE,,,Nude,,,,,,
CL0480-BLACK,,,Black,,,,,,160mm
CL0480-RED,,,Red,,,,,,160mm
CL0484M-BLUE,,,Blue,,,,,,
CL0484M-FLANNEL-GREY,,,Gray,,,,,,
CL0484M-GREY,,,Gray,,,,,,
CL0490-TAUPE,,,,,,,,,140mm
CL0492-BLACK,,,Black,,,,,,100mm
CL0492-PURPLE,,,Purple,,,,,,100mm
CL0492-TAUPE,,,,,,,,,100mm
CL0496-BLACK,,,Black,,,,,,120mm
CL0496-BLACK-STRASS,,,Black,,,,,,120mm
CL0503M-LEOPARD,,,Multicolor,,,,,,
CL0503M-PINK,,,Rose,,,,,,
CL0505-BLACK,,,Black,,,,,,100mm
CL0507-BLACK,,,Black,,,,,,120mm
CL0508-HAVANE,,,Brown,,,,,,100mm
CL0508-LEOPARD,,,Multicolor,,,,,,100mm
CL0508-NAVYBLUE,,,Blue,,,,,,100mm
CL0509-BLACK,,,Black,,,,,,120mm
CL0509-BLACK-SUEDE,,,Black,,,,,,120mm
CL0509-CARAIBES,,,Blue,,,,,,120mm
CL0509-GREEN,,,Green,,,,,,120mm
CL0509-NUDE,,,,,,,,,120mm
CL0509-NUDE-WATERSNAKE,,,Nude,,,,,,120mm
CL0509-PATENT-BLACK,,,Black,,,,,,120mm
CL0509-ROSE-PARIS,,,Rose,,,,,,120mm
CL0509-SILVER,,,Silver,,,,,,120mm
CL0509-SUEDE-VIOLET,,,Purple,,,,,,120mm
CL0510-BLACK-SUEDE,,,Black,,,,,,120mm
CL0510-BLEU-SAPHIR,,,Blue,,,,,,120mm
CL0510-ENGLISH-GREEN,,,Green,,,,,,120mm
CL0510-KID-BLACK,,,Black,,,,,,120mm
CL0510-PLUM-SUEDE,,,,,,,,,120mm
CL0511-BLACK,,,Black,,,,,,100mm
CL0511-LEOPARD,,,Multicolor,,,,,,120mm
CL0512-BLACK,,,Black,,,,,,100mm
CL0512-WHITE,,,White,,,,,,100mm
CL0513-SILVER,,,Silver,,,,,,140mm
CL0514-120MM-RED,,,Multicolor,,,,,,120mm
CL0514-BLACK,,,Black,,,,,,160mm
CL0514-BLACK-120MM,,,Black,,,,,,120mm
CL0514-MULTICOLOR,,,Multicolor,,,,,,160mm
CL0515-BLACK,,,Black,,,,,,140mm
CL0515-PURPLE,,,Purple,,,,,,140mm
CL0516-BLACK,,,Black,,,,,,120mm
CL0517-BLACK,,,Black,,,,,,160mm
CL0517-PEACOCK,,,Blue,,,,,,160mm
CL0521-BLACK,,,Black,,,,,,120mm
CL0521-BROWN,,,Brown,,,,,,100mm
CL0521-GOLD,,,Gold,,,,,,100mm
CL0521-PIVOINE,,,Rose,,,,,,100mm
CL0523-BLACK-NEPTUNE,,,Black,,,,,,
CL0523M-SUEDE-BLACK,,,Black,,,,,,
CL0523M-SUEDE-PEACOCK,,,Blue,,,,,,
CL0524-LEOPARD-FLAME,,,Multicolor,,,,,,160mm
CL0524-NUDE,,,Nude,,,,,,120mm
CL0527-BLACK,,,Black,,,,,,100mm
CL0527-NUDE,,,Nude,,,,,,100mm
CL0528-TABACCO,,,Brown,,,,,,100mm
CL0530-BLACK,,,Black,,,,,,120mm
CL0530-VIOLET,,,Purple,,,,,,120mm
CL0531-TAUPE,,,,,,,,,100mm
CL0532-BLACK,,,Black,,,,,,120mm
CL0532-BLACK-TAUPE,,,Black,,,,,,120mm
CL0533-BLACK,,,Black,,,,,,100mm
CL0533-SPECCHIO,,,Multicolor,,,,,,100mm
CL0534-PEACOCK,,,Blue,,,,,,160mm
CL0534-TAUPE,,,Brown,,,,,,160mm
CL0536-BLACK,,,Black,,,,,,100mm
CL0536-ROSE,,,Multicolor,,,,,,100mm
CL0537-BLACK,,,Black,,,,,,120mm
CL0538-BLACK,,,Black,,,,,,100mm
CL0540-FAUVE,,,Brown,,,,,,100mm
CL0541-BLACK,,,Black,,,,,,120mm
CL0542-BLACK,,,Black,,,,,,120mm
CL0542-GRIS,,,Gray,,,,,,120mm
CL0543-BLACK,,,Black,,,,,,100mm
CL0543-LEOPARD,,,Multicolor,,,,,,100mm
CL0543-PONY-BLACK,,,Black,,,,,,100mm
CL0543-RED,,,Red,,,,,,100mm
CL0544-TABACCO,,,Brown,,,,,,120mm
CL0545-FAUVE,,,Brown,,,,,,100mm
CL0546-BLACK,,,Black,,,,,,100mm
CL0546-TABACCO,,,Brown,,,,,,100mm
CL0547-BLACK,,,Black,,,,,,100mm
CL0547-RED,,,Red,,,,,,100mm
CL0548-BLACK,,,Black,,,,,,160mm
CL0548-NUDE,,,Nude,,,,,,160mm
CL0549-BLACK,,,Black,,,,,,100mm
CL0549-NATURAL,,,,,,,,,100mm
CL0550M-NAVY,,,Blue,,,,,,
CL0550M-TAUPE,,,,,,,,,
CL0550-NAVY,,,Blue,,,,,,
CL0550-TAUPE,,,,,,,,,
CL0555M-BLACK,,,Black,,,,,,
CL0555M-RED,,,Red,,,,,,
CL0556-LEOPARD,,,MultiColor,,,,,,
CL0556M-BLUE,,,Blue,,,,,,
CL0556M-RED,,,Red,,,,,,
CL0556M-ZEBRA,,,Multicolor,,,,,,
CL0557M-LEOPARD,,,Multicolor,,,,,,
CL0557M-PEACOCK,,,Blue,,,,,,
CL0560M-BEIGE,,,,,,,,,
CL0560M-BLACK,,,Black,,,,,,
CL0561-BLACK,,,Black,,,,,,
CL0561M-BLACK,,,Black,,,,,,
CL0564M-MULTICOLOR,,,Multicolor,,,,,,
CL0564-MULTICOLOR,,,Multicolor,,,,,,
CL0567-BLACK,,,Black,,,,,,45mm
CL0568-BLACK,,,Black,,,,,,120mm
CL0568-BLACK-ROUGE,,,Black,,,,,,120mm
CL0568-CANARI,,,Blue,,,,,,120mm
CL0568-LEATHER-BLACK,,,Black,,,,,,120mm
CL0568-ROSE,,,Rose,,,,,,120mm
CL0569-BLACK,,,Black,,,,,,120mm
CL0569-NUDE,,,Nude,,,,,,120mm
CL0570-BLACK,,,Black,,,,,,100mm
CL0570-NUDE,,,Nude,,,,,,100mm
CL0571-BLACK,,,Black,,,,,,100mm
CL0571-PIVOINE,,,Purple,,,,,,100mm
CL0572-BLACK,,,Black,,,,,,160mm
CL0572-NUDE,,,Nude,,,,,,160mm
CL0572-SUEDE-VIOLET,,,Purple,,,,,,160mm
CL0574-BLACK,,,Black,,,,,,140mm
CL0574-BLACK-LEOPARD,,,Black,,,,,,140mm
CL0574-RED,,,Red,,,,,,140mm
CL0575-FAUVE,,,Brown,,,,,,160mm
CL0575-MULTICOLOR,,,Multicolor,,,,,,160mm
CL0576-BLACK,,,Black,,,,,,120mm
CL0578-BLACK,,,Black,,,,,,120mm
CL0579-BLACK,,,Black,,,,,,120mm
CL0580-BEIGE,,,,,,,,,100mm
CL0582-HAVANE,,,Brown,,,,,,100mm
CL0582-SUEDE-PIVOINE,,,Rose,,,,,,100mm
CL0584-BLACK,,,Black,,,,,,100mm
CL0584-VEAU,,,Blue,,,,,,100mm
CL0586-BLACK,,,Black,,,,,,100mm
CL0586-STONE,,,,,,,,,100mm
CL0587-BLACK,,,Black,,,,,,100mm
CL0587-RED,,,Red,,,,,,100mm
CL0589-RED,,,Red,,,,,,120mm
CL0590-BLACK,,,Black,,,,,,100mm
CL0590-NUDE,,,Nude,,,,,,100mm
CL0591-BLACK,,,Black,,,,,,120mm
CL0591-RED,,,Red,,,,,,100mm
CL0592-ROSE,,,Multicolor,,,,,,100mm
CL0593-BLACK,,,Black,,,,,,100mm
CL0593-TAUPE,,,,,,,,,100mm
CL0594-BLACK,,,Black,,,,,,100mm
CL0594-PIVOINE,,,Rose,,,,,,100mm
CL0595-BLACK,,,Black,,,,,,100mm
CL0595-ORANGE,,,Orange,,,,,,100mm
CL0595-PLATINE,,,Silver,,,,,,100mm
CL0597-BLACK,,,Black,,,,,,100mm
CL0598-BLACK,,,Black,,,,,,100mm
CL0598-PURPLE,,,Purple,,,,,,100mm
CL0599-CANARI,,,Multicolor,,,,,,140mm
CL0600-BLACK,,,Black,,,,,,100mm
CL0600-PATENT-BLACK,,,Black,,,,,,100mm
CL0600-RED,,,Red,,,,,,100mm
CL0600-SOURIS,,,Silver,,,,,,100mm
CL0602-BLACK,,,Black,,,,,,100mm
CL0602-BLUE,,,Blue,,,,,,100mm
CL0602-ROSE,,,Rose,,,,,,100mm
CL0603-BLACK,,,Black,,,,,,100mm
CL0603-WHITE,,,White,,,,,,100mm
CL0604-BLACK,,,Black,,,,,,100mm
CL0604-GREEN,,,Green,,,,,,100mm
CL0604-PURPLE,,,Purple,,,,,,100mm
CL0604-RED,,,Red,,,,,,100mm
CL0605-BLACK,,,Black,,,,,,120mm
CL0607-BLACK,,,Black,,,,,,140mm
CL0607-GOLD,,,Gold,,,,,,140mm
CL0608-BLACK,,,Black,,,,,,100mm
CL0608-PLUM,,,,,,,,,100mm
CL0609-LEOPARD,,,Multicolor,,,,,,140mm
CL0610-BLACK,,,Black,,,,,,
CL0611-BLACK,,,Black,,,,,,
CL0611-PURPLE,,,Purple,,,,,,
CL0618-BLACK,,,Black,,,,,,
CL0618-BLUE,,,Blue,,,,,,
CL0618-TARTEN,,,Blue,,,,,,
CL0619-LEOPARD,,,Multicolor,,,,,,
CL0619M-LEOPARD,,,Multicolor,,,,,,
CL0623-BLACK,,,Black,,,,,,
CL0623-RED,,,Red,,,,,,
CL0624-BLACK,,,Black,,,,,,
CL0624-SILVER-ROSE-PARIS,,,Multicolor,,,,,,
CL0625-SMOKE,,,Multicolor,,,,,,140mm
CL0627-FAUVE-GOLD,,,Gold,,,,,,120mm
CL0627-STONE,,,,,,,,,120mm
CL0628-BLACK,,,Black,,,,,,140mm
CL0628-ROSE-PARIS,,,Red,,,,,,140mm
CL0629-BABY-PINK,,,Pink,,,,,,120mm
CL0629-NUDE,,,Nude,,,,,,120mm
CL0629-ROSE-PARIS,,,Gray,,,,,,120mm
CL0632-WHITE-RED-BLUE,,,Multicolor,,,,,,
CL0636-MULTICOLOR,,,White,,,,,,80mm
CL0638-WHITE,,,White,,,,,,
CL0644-BLACK,,,Black,,,,,,45mm
CL0645-BLACK,,,Black,,,,,,100mm
CL0646-BLACK,,,Black,,,,,,100mm
CL0646-ROUGE-LIPSTICK,,,Red,,,,,,100mm
CL0647M-BLACK,,,Black,,,,,,
CL0647M-CENDRE,,,,,,,,,
CL0647M-GOLD,,,Gold,,,,,,
CL0647M-RED,,,Red,,,,,,
CL0647M-SILVER,,,Silver,,,,,,
CL0647M-STONE,,,,,,,,,
CL0649-BLACK,,,Black,,,,,,120mm
CL0649-RED,,,Red,,,,,,120mm
CL0650-BLUE,,,Blue,,,,,,140mm
CL0652-BLACKRED,,,Black,,,,,,100mm
CL0654-ROSE,,,Multicolor,,,,,,100mm
CL0655-PARME,,,Purple,,,,,,120mm
CL0657-CRAIE,,,White,,,,,,
CL0660-SILVER,,,Silver,,,,,,100mm
CL0661-BLACK,,,Black,,,,,,120mm
CL0661-SILVER,,,Silver,,,,,,120mm
CL0662-STONE,,,,,,,,,100mm
CL0665-NUDE,,,Nude,,,,,,120mm
CL0666-BLACK,,,Black,,,,,,140mm
CL0666-CANARI,,,Yellow,,,,,,140mm
CL0666-CORDE,,,,,,,,,140mm
CL0666-DENIM,,,Blue,,,,,,140mm
CL0668-BLACK,,,Black,,,,,,100mm
CL0669-MULTICOLOR,,,Multicolor,,,,,,80mm
CL0669-RED,,,Red,,,,,,100mm
CL0670-NUDE,,,Nude,,,,,,100mm
CL0670-WHITE,,,White,,,,,,120mm
CL0671-WHITE,,,White,,,,,,120mm
CL0672-SILVER,,,Silver,,,,,,120mm
CL0673-BLACK,,,Black,,,,,,140mm
CL0673-NUDE,,,Nude,,,,,,140mm
CL0675-BLACK,,,Black,,,,,,160mm
CL0675-GRENADINE,,,Pink,,,,,,160mm
CL0676-GRENADINE,,,Pink,,,,,,160mm
CL0676-YELLOW,,,Yellow,,,,,,160mm
CL0677-ALL-BLACK,,,Black,,,,,,120mm
CL0677-BLACK,,,Black,,,,,,100mm
CL0677-BLACK-BROWN,,,Black,,,,,,60mm
CL0677-BLACK-MULTI,,,Black,,,,,,100mm
CL0677-CURACAO-MULTI,,,Multicolor,,,,,,120mm
CL0677-DUNE,,,Multicolor,,,,,,80mm
CL0677-ECLIPSE,,,Blue,,,,,,80mm
CL0677-NUDE,,,Nude,,,,,,80mm
CL0677-NUDE-45MM,,,Nude,,,,,,45mm
CL0677-PINK,,,Pink,,,,,,100mm
CL0677-RED,,,Red,,,,,,80mm
CL0678-BLACK,,,Black,,,,,,100mm
CL0680-BLACK,,,Black,,,,,,120mm
CL0680-BLACK-SUEDE,,,,,,,,,100mm
CL0680-CURACAO,,,,,,,,,120mm
CL0680-GOLD,,,Gold,,,,,,
CL0680-LEOPARD,,,MultiColor,,,,,,100mm
CL0680-NUDE,,,Nude,,,,,,120mm
CL0680-OFF-WHITE,,,White,,,,,,100mm
CL0680-PAPAYE,,,Orange,,,,,,120mm
CL0680-RED-WINE,,,Red,,,,,,100mm
CL0680-ROSE,,,Rose,,,,,,100mm
CL0680-ROYAL-BLUE,,,Blue,,,,,,
CL0680-VIOLET,,,Purple,,,,,,100mm
CL0682-NUDE,,,Nude,,,,,,100mm
CL0683-BLACK,,,Black,,,,,,140mm
CL0684-BLACK,,,Black,,,,,,100mm
CL0684-NUDE,,,Nude,,,,,,100mm
CL0685-BRONZE,,,,,,,,,120mm
CL0686-NUDE,,,Nude,,,,,,
CL0687-AQUAMARINE,,,,,,,,,120mm
CL0687-BLACK,,,Black,,,,,,120mm
CL0687-BLACK-PATENT,,,Black,,,,,,120mm
CL0687-BLUE,,,Blue,,,,,,120mm
CL0687-LEA,,,Nude,,,,,,
CL0687-MAYA,,,,,,,,,
CL0687-RED,,,Red,,,,,,120mm
CL0687-SAFKI,,,,,,,,,
CL0688-BLACK,,,Black,,,,,,120mm
CL0689-BLACK,,,Black,,,,,,100mm
CL0690-BLACK,,,Black,,,,,,120mm
CL0691-BLACK,,,Black,,,,,,100mm
CL0691-BLACK-SUEDE,,,Black,,,,,,120mm
CL0692-BLACK,,,Black,,,,,,120mm
CL0692-BLUE,,,Blue,,,,,,120mm
CL0693-BLACK,,,Black,,,,,,
CL0693-LICHEN-WHITE,,,,,,,,,
CL0694-BLACK,,,Black,,,,,,80mm
CL0694-NUDE,,,Nude,,,,,,80mm
CL0695-YELLLOW,,,Yellow,,,,,,120mm
CL0696-BLACK,,,Black,,,,,,120mm
CL0697-BLACK,,,Black,,,,,,80mm
CL0698-SILVER,,,Silver,,,,,,120mm
CL0698-SILVER-LEATHER,,,Silver,,,,,,120mm
CL0699-NUDE,,,Nude,,,,,,100mm
CL0700-NUDE,,,Nude,,,,,,80mm
CL0701-LEOPARD,,,MultiColor,,,,,,80mm
CL0702-LEOPARD,,,MultiColor,,,,,,70mm
CL0703-WHEAT,,,,,,,,,80mm
CL0704-BLACK,,,Black,,,,,,160mm
CL0705-BLACK,,,Black,,,,,,160mm
CL0705-BLACK-LEATHER,,,Black,,,,,,160mm
CL0705-RED,,,Red,,,,,,100mm
CL0706-BLACK,,,Black,,,,,,140mm
CL0708-BLACK,,,Black,,,,,,100mm
CL0709-BLACK,,,Black,,,,,,100mm
CL0710-BLUE,,,Blue,,,,,,80mm
CL0712-BLACK,,,Black,,,,,,100mm
CL0714-BLACK,,,Black,,,,,,70mm
CL0714-RED,,,Red,,,,,,70mm
CL0715-BLACK,,,Black,,,,,,120mm
CL0716-BLACK,,,Black,,,,,,70mm
CL0717-BLACK,,,Black,,,,,,120mm
CL0717-BLACK-BROWN,,,Black,,,,,,120mm
CL0717-BLACK-PYTHON,,,Black,,,,,,120mm
CL0717-BLACK-SUEDE,,,Black,,,,,,120mm
CL0717-BLUE,,,Blue,,,,,,120mm
CL0717-CAPUCINE,,,Red,,,,,,120mm
CL0717-CHOCOLATE,,,,,,,,,120mm
CL0717-DUNE,,,Multicolor,,,,,,120mm
CL0717-EVEQUE,,,Rose,,,,,,120mm
CL0717-FOREST,,,Green,,,,,,120mm
CL0717-GLACIER,,,White,,,,,,120mm
CL0717-GOLDEN,,,Gold,,,,,,120mm
CL0717-GRENADINE,,,,,,,,,120mm
CL0717-LEA,,,Nude,,,,,,120mm
CL0717-LICHEN,,,,,,,,,120mm
CL0717-MAYA,,,Brown,,,,,,120mm
CL0717-NATS,,,Brown,,,,,,120mm
CL0717-NUDE,,,Nude,,,,,,120mm
CL0717-PURPLE,,,Purple,,,,,,120mm
CL0717-RED,,,Red,,,,,,120mm
CL0717-SAFKI,,,Brown,,,,,,120mm
CL0717-SEA-GREEN,,,Green,,,,,,
CL0717-TURQUOISE,,,Blue,,,,,,120mm
CL0718-BLACK,,,Black,,,,,,160mm
CL0719-BLACK,,,Black,,,,,,120mm
CL0720-BLACK,,,Black,,,,,,80mm
CL0721-BLACK,,,Black,,,,,,160mm
CL0721-NUDE,,,Nude,,,,,,160mm
CL0722-BLACK,,,Black,,,,,,80mm
CL0722-BLACK-LEOPARD,,,Black,,,,,,100mm
CL0723-BLACK,,,Black,,,,,,120mm
CL0723-NUDE,,,Nude,,,,,,120mm
CL0724-BLACK,,,Black,,,,,,140mm
CL0724-GOLD,,,Gold,,,,,,100mm
CL0724-NUDE,,,Nude,,,,,,140mm
CL0724-RED,,,Red,,,,,,140mm
CL0725-BLACK,,,Black,,,,,,120mm
CL0726-LEOPARD,,,MultiColor,,,,,,140mm
CL0728-ROSE,,,Rose,,,,,,100mm
CL0729-BROWN,,,Brown,,,,,,
CL0730-PINK,,,Pink,,,,,,100mm
CL0731-NAVY,,,MultiColor,,,,,,100mm
CL0732-BEIGE,,,,,,,,,100mm
CL0732-BLACK,,,Black,,,,,,100mm
CL0732-GOLD,,,Gold,,,,,,100mm
CL0733-BLACK,,,Black,,,,,,120mm
CL0734-RED,,,Red,,,,,,120mm
CL0735-BLACK,,,Black,,,,,,140mm
CL0736-RED,,,Red,,,,,,100mm
CL0737-SILVER,,,Silver,,,,,,100mm
CL0738-MULTICOLOR,,,Multicolor,,,,,,120mm
CL0738-ROSE,,,Rose,,,,,,120mm
CL0739-BLACK,,,Black,,,,,,100mm
CL0739-NUDE,,,Nude,,,,,,100mm
CL0740-BEIGE,,,,,,,,,100mm
CL0740-BLUE,,,Blue,,,,,,100mm
CL0741-BLACK,,,Black,,,,,,140mm
CL0741-TURQUESA,,,,,,,,,140mm
CL0744-CAPUCINE,,,Red,,,,,,
CL0744-ELECTRIC,,,Blue,,,,,,
CL0744-GREEN,,,Green,,,,,,
CL0744-LEOPARD,,,MultiColor,,,,,,
CL0745-BLACK,,,Black,,,,,,100mm
CL0745-LEOPARD,,,Nude,,,,,,100mm
CL0746-BLACK,,,Black,,,,,,120mm
CL0746-RED,,,Red,,,,,,120mm
CL0746-WHITE,,,White,,,,,,120mm
CL0747-BLACK,,,Black,,,,,,120mm
CL0747-GRENADINE,,,Silver,,,,,,100mm
CL0747-GRENADINE-RED,,,Nude,,,,,,120mm
CL0748-BLACK,,,Black,,,,,,100mm
CL0749-BLACK,,,Black,,,,,,100mm
CL0749-ECLIPSE,,,Blue,,,,,,120mm
CL0750-ANIS,,,Yellow,,,,,,100mm
CL0750-BLACK,,,Black,,,,,,120mm
CL0750-BLACK-PYTHON,,,Black,,,,,,
CL0750-PAPAYE,,,Orange,,,,,,100mm
CL0750-RED,,,Red,,,,,,100mm
CL0750-WHITE,,,White,,,,,,120mm
CL0751-BLACK,,,Black,,,,,,120mm
CL0753-BLUE,,,Blue,,,,,,120mm
CL0753-OFF-WHITE,,,White,,,,,,
CL0755-GOLD,,,Gold,,,,,,100mm
CL0756-WHITE,,,White,,,,,,100mm
CL0757-COFFEE,,,,,,,,,140mm
CL0758-BLACK,,,Black,,,,,,100mm
CL0760-BLACK,,,Black,,,,,,120mm
CL0761-BLACK,,,Black,,,,,,120mm
CL0762-WHITE,,,White,,,,,,120mm
CL0763-BLACK,,,Black,,,,,,100mm
CL0764-BLACK,,,Black,,,,,,120mm
CL0765-ANIS,,,Yellow,,,,,,100mm
CL0765-WHITE,,,White,,,,,,100mm
CL0766-GOLD,,,Gold,,,,,,120mm
CL0766-SILVER,,,Silver,,,,,,120mm
CL0767-BLACK,,,Black,,,,,,100mm
CL0767-BLACK-WHITE,,,Black,,,,,,120mm
CL0767-VERSION-RIVIERA,,,MultiColor,,,,,,120mm
CL0769-VERSION-RIVIERA,,,Gold,,,,,,120mm
CL0770-BLACK,,,Black,,,,,,120mm
CL0770-BLACK-LEATHER,,,Black,,,,,,120mm
CL0770-DUNE,,,Nude,,,,,,120mm
CL0770-NUDE,,,Nude,,,,,,120mm
CL0771-ROSE,,,Rose,,,,,,120mm
CL0772-BEIGE,,,,,,,,,
CL0773-BLACK-MULTIC-LUC,,,MultiColor,,,,,,
CL0773-WHITE,,,White,,,,,,
CL0774-BLACK,,,,,,,,,120mm
CL0774-MAYA,,,,,,,,,120mm
CL0774-SAFKI,,,,,,,,,120mm
CL0775-ANTHRACITE,,,Black,,,,,,
CL0775-GREY,,,Gray,,,,,,
CL0776-WHITE,,,White,,,,,,100mm
CL0777-GOLD,,,Gold,,,,,,120mm
CL0777-SILVER,,,Silver,,,,,,100mm
CL0778-BLACK-GOLD,,,Black,,,,,,120mm
CL0778-MULTI,,,Multicolor,,,,,,120mm
CL0778-NUDE-RED-MARCH,,,Nude,,,,,,120mm
CL0778-VERSION-DARK-BROWN,,,,,,,,,120mm
CL0779-RED,,,Red,,,,,,
CL0780-ECLIPSE,,,Blue,,,,,,
CL0780-MULTI,,,Multicolor,,,,,,
CL0781-FOREST,,,Green,,,,,,
CL0781-VERSION-COSMOS,,,Rose,,,,,,
CL0781-WHITE,,,White,,,,,,
CL0782-POUDRE,,,Nude,,,,,,
CL0783-POUDRE,,,Nude,,,,,,100mm
CL0783-WHITE-SILVER,,,White,,,,,,100mm
CL0784-NUDE,,,Nude,,,,,,100mm
CL0809-EVEQUE,,,Purple,,,,,,120mm
CL0809-NUDE,,,Nude,,,,,,120mm
CL0809-OFF-WHITE,,,White,,,,,,120mm
CL0809-PINK,,,Pink,,,,,,120mm
CL0810-ECLIPSE,,,Multicolor,,,,,,100mm
CL0810-PAPAYE,,,Red,,,,,,100mm
CL0811-ECLIPSE,,,Blue,,,,,,100mm
CL0811-NUDE,,,Nude,,,,,,100mm
CL0812-VERSION-EVEQUE,,,Blue,,,,,,100mm
CL0812-VERSION-NUDE,,,Nude,,,,,,
CL0812-VERSION-NUDE-I,,,Nude,,,,,,80mm
CL0813-POIVRE,,,,,,,,,
CL0813-VIOLET,,,Purple,,,,,,
CL0814-NUDE,,,Nude,,,,,,
CL0815-GOLD,,,,,,,,,120mm
CL0816-BROWN,,,,,,,,,
CL0816-LICHEN,,,,,,,,,
CL0817-FRAMBOISINE,,,Red,,,,,,
CL0817-PINK,,,Pink,,,,,,
CL0818-ECLIPSE-WHITE,,,,,,,,,
CL0818-WHITE-ECLIPSE,,,White,,,,,,
CL0819-WHITE,,,White,,,,,,
CL0820-CORAZON,,,Red,,,,,,140mm
CL0820-WHITE,,,White,,,,,,140mm
CL0821-BLACK,,,Black,,,,,,120mm
CL0822-BLACK,,,Black,,,,,,100mm
CL0823-GOLD,,,Gold,,,,,,100mm
CL0823-NUDE,,,Nude,,,,,,100mm
CL0824-BLACK,,,Black,,,,,,120mm
CL0824-MULTI,,,MultiColor,,,,,,120mm
CL0825-BLACK,,,Black,,,,,,120mm
CL0825-NUDE,,,Nude,,,,,,120mm
CL0826-BLACK,,,Black,,,,,,120mm
CL0827-BLACK,,,Black,,,,,,100mm
CL0828-WINE-RED-GOLD,,,Red,,,,,,140mm
CL0829-LIE-WINE,,,Red,,,,,,100mm
CL0829-PLATINE,,,Pink,,,,,,100mm
CL0829-TURQUIN,,,Blue,,,,,,100mm
CL0829-VIOLET,,,Purple,,,,,,100mm
CL0830-MULTI,,,Multicolor,,,,,,120mm
CL0830-PINK,,,Pink,,,,,,120mm
CL0831-BROWN-WHITE,,,Multicolor,,,,,,100mm
CL0831-LIE-WINE,,,Red,,,,,,100mm
CL0832-BLACK,,,Black,,,,,,100mm
CL0832-BLACK-GOLD,,,Black,,,,,,100mm
CL0832-BLACK-LEATHER,,,Black,,,,,,100mm
CL0832-VIOLET,,,Purple,,,,,,100mm
CL0832-VIOLET-GOLD,,,Purple,,,,,,100mm
CL0833-BLACK,,,Black,,,,,,
CL0833-ECLIPSE,,,Purple,,,,,,100mm
CL0833-VERSION-BLACK,,,Black,,,,,,100mm
CL0834-BLACK,,,Black,,,,,,120mm
CL0834-LEOPARD,,,,,,,,,120mm
CL0834-LIE-WINE,,,Red,,,,,,120mm
CL0835-BLACK,,,Black,,,,,,120mm
CL0835-CENDRE,,,,,,,,,
CL0836-BLACK,,,Black,,,,,,140mm
CL0836-MULTI,,,Multicolor,,,,,,140mm
CL0837-BLACK-MULTI,,,Black,,,,,,120mm
CL0837-TILLEUL,,,,,,,,,120mm
CL0838-BLACK,,,Black,,,,,,120mm
CL0838-NUDE,,,Nude,,,,,,120mm
CL0839-BLACK,,,Black,,,,,,120mm
CL0840-WINE-RED,,,Red,,,,,,100mm
CL0841-NAVY-GREEN,,,Blue,,,,,,
CL0841-RED-BLUE,,,Red,,,,,,
CL0842-BLACK,,,Black,,,,,,120mm
CL0842-BLACK-RED,,,Red,,,,,,120mm
CL0843-BLACK,,,Black,,,,,,120mm
CL0843-TURQUIN,,,Blue,,,,,,
CL0844-COSMOS,,,,,,,,,100mm
CL0844-HEMATITE,,,,,,,,,120mm
CL0845-LEA,,,Nude,,,,,,
CL0845-MAYA,,,,,,,,,
CL0845-SAFKI,,,,,,,,,
CL0846-BLUE,,,Blue,,,,,,
CL0847-BLACK,,,Black,,,,,,120mm
CL0847-BLACK-RED,,,Black,,,,,,120mm
CL0847-MULTI,,,Multicolor,,,,,,
CL0847-NUDE,,,Nude,,,,,,120mm
CL0847-RED,,,Red,,,,,,
CL0848-MULTI,,,Multicolor,,,,,,
CL0849-MIMOSA,,,Yellow,,,,,,
CL0850-BLACK,,,Black,,,,,,
CL0850-RED,,,Red,,,,,,
CL0851-BLACK,,,Black,,,,,,
CL0852-BLACK,,,Black,,,,,,120mm
CL0852-MULTI,,,Multicolor,,,,,,
CL0852-NUDE,,,Nude,,,,,,120mm
CL0852-WHITE,,,White,,,,,,120mm
CL0853-BLUSH-BEIGE,,,,,,,,,100mm
CL0853-BLUSH-CHOCOLATE,,,,,,,,,100mm
CL0853-BLUSH-ESPRESSO,,,,,,,,,100mm
CL0853-BLUSH-NUDE,,,Nude,,,,,,100mm
CL0853-BLUSH-SADDLEBROWN,,,,,,,,,100mm
CL0854-BLUSH-BEIGE,,,,,,,,,120mm
CL0854-BLUSH-CHOCOLATE,,,,,,,,,120mm
CL0854-BLUSH-ESPRESSO,,,,,,,,,120mm
CL0854-BLUSH-NUDE,,,Nude,,,,,,120mm
CL0854-BLUSH-SADDLEBROWN,,,,,,,,,120mm
CL0855-BLACK,,,Black,,,,,,120mm
CL0856-BEIGE,,,White,,,,,,120mm
CL0856-BLACK,,,Black,,,,,,70mm
CL0856-CAPUCINE,,,Red,,,,,,100mm
CL0856-ESPADON,,,Blue,,,,,,100mm
CL0856-NEIGE,,,Neige,,,,,,100mm
CL0857-BLACK,,,Black,,,,,,100mm
CL0857-ROSE,,,Pink,,,,,,80mm
CL0858-SILVER,,,White,,,,,,40mm
CL0859-ROSE,,,Pink,,,,,,120mm
CL0860-BEIGE,,,White,,,,,,120mm
CL0860-RUBIS-WHITE,,,Red,,,,,,120mm
CL0861-BLUE,,,Blue,,,,,,
CL0862-BLACK-SILVER,,,Black,,,,,,
CL0863-BLACK-SILVER,,,Black,,,,,,
CL0864-GOLD,,,Gold,,,,,,
CL0865-GOLD,,,Gold,,,,,,160mm
CL0866-GOLD,,,Gold,,,,,,120mm
CL0867-BLACK,,,Black,,,,,,85mm
CL0867-HORIZON-SILVER,,,Silver,,,,,,120mm
CL0867-RED,,,Red,,,,,,85mm
CL0867-WHITE-IVORY,,,White,,,,,,85mm
CL0868-SILVER,,,Silver,,,,,,160mm
CL0869-SILVER,,,Silver,,,,,,100mm
CL0870-NUDE-LIGHT-GOLD,,,Nude,,,,,,
CL0871-BLACK-SILVER,,,Black,,,,,,100mm
CL0871-NUDE,,,Nude,,,,,,100mm
CL0872-NUDE,,,Nude,,,,,,150mm
CL0873-EDELWEISS,,,Nude,,,,,,100mm
CL0874-Nude-Gold,,,Nude,,,,,,30mm
CL0875-Nude,,,Nude,,,,,,100mm
CL0876-Black,,,Black,,,,,,
CL0876-White,,,White,,,,,,
CL0877-White,,,White,,,,,,
CL0878-HORIZON,,,Blue,,,,,,100mm
CL0879-BLACK,,,Black,,,,,,120mm
CL0879-DIGITALE,,,Purple,,,,,,120mm
CL0880-VERSION-DIGITALE,,,Nude,,,,,,100mm
CL0881-PIERRE,,,Wheat,,,,,,
CL0882-BLACK,,,Black,,,,,,130mm
CL0883-HORIZON,,,,,,,,,
CL0884-BLACK,,,Black,,,,,,100mm
CL0884-RED,,,Red,,,,,,100mm
CL0884-ROSE,,,Rose,,,,,,100mm
CL0885-BLACK,,,Black,,,,,,140mm
CL0885-SILVER,,,Nude,,,,,,150mm
CL0886-NEIGE,,,Nude,,,,,,120mm
CL0887-BLACK,,,Black,,,,,,
CL0887-NEIGE,,,Neige,,,,,,
CL0887-NUDE,,,Nude,,,,,,70mm
CL0887-NUDE-LIGHT-GOLD,,,Nude,,,,,,
CL0887-WHITE,,,White,,,,,,70mm
CL0888-CAPUCINE,,,Orange,,,,,,100mm
CL0889-WHITE,,,White,,,,,,
CL0890-BEIGE,,,Nude,,,,,,120mm
CL0891-NUDE,,,Nude,,,,,,70mm
CL0892-OFF-WHITE,,,White,,,,,,100mm
CL0893-BLACK,,,Black,,,,,,120mm
CL0893-LIGHT-GOLD,,,Gold,,,,,,120mm
CL0893-NUDE,,,Nude,,,,,,120mm
CL0894-BLACK,,,Black,,,,,,70mm
CL0894-NUDE,,,Nude,,,,,,70mm
CL0895-BLACK,,,Black,,,,,,
CL0895-ELECTRIC,,,Blue,,,,,,
CL0895-PAVOT-PAVOT,,,Red,,,,,,
CL0896-BLACK,,,Black,,,,,,120mm
CL0896-NUDE,,,Nude,,,,,,120mm
CL0897-WHITE,,,White,,,,,,100mm
CL0898-NUDE,,,Nude,,,,,,100mm
CL0898-RED,,,Red,,,,,,100mm
CL0899-NUDE,,,Nude,,,,,,140mm
CL0900-BLACK,,,Black,,,,,,70mm
CL0903-NUDE,,,Nude,,,,,,85mm
CL0903-VERSION-NEON,,,Yellow,,,,,,120mm
CL0904-SILVER,,,Silver,,,,,,100mm
CL0905-NEIGE,,,White,,,,,,100mm
CL0906-NEIGE,,,White,,,,,,120mm
CL0907-CARMIN,,,Red,,,,,,120mm
CL0907-CARMIN-RONSARD,,,Red,,,,,,120mm
CL0907-NUDE,,,Nude,,,,,,100mm
CL0908-CARMIN,,,Red,,,,,,100mm
CL0909-BLACK-PINK,,,Black,,,,,,"100mm x 195mm x 25mm"
CL0909-BLACK-RED,,,Black,,,,,,"100mm x 195mm x 25mm"
CL0909-RED-WHITE,,,Red,,,,,,"100mm x 195mm x 25mm"
CL0909-WHITE-RED,,,White,,,,,,"100mm x 195mm x 25mm"
CL0909-MULTICOLOR,,,Multicolor,,,,,,"100mm x 195mm x 25mm"
CL0909-BLACK,,,Black,,,,,,"100mm x 195mm x 25mm"
CL0910-BLACK,,,Black,,,,,,"100mm x 195mm x 25mm"
CL0911-BLACK,,,Black,,,,,,"100mm x 195mm x 25mm"
CL0911-BLUE,,,Blue,,,,,,"100mm x 195mm x 25mm"
CL0911-GREEN,,,Green,,,,,,"100mm x 195mm x 25mm"
CL0911-RED,,,Red,,,,,,"100mm x 195mm x 25mm"
CL0911-PINK,,,Pink,,,,,,"100mm x 195mm x 25mm"
CL0911-YELLOW,,,Yellow,,,,,,"100mm x 195mm x 25mm"
CL0912-NUDE,,,Nude,,,,,,80mm
CL0912-CARMIN,,,Red,,,,,,70mm
CL0912-LIGHT-GOLD,,,Gold,,,,,,100mm
CL0912-NIGHT,,,Black,,,,,,100mm
CL0912-RONSARD,,,Pink,,,,,,100mm
CL0912-BLACK,,,Black,,,,,,100mm
CL0913-ANTIQUE-BRASS,,,Gold,,,,,,100mm
CL0913-APRICOT,,,White,,,,,,100mm
CL0913-BLUE,,,Blue,,,,,,80mm
CL0913-NUDE,,,Nude,,,,,,80mm
CL0913-BLACK,,,Black,,,,,,100mm
CL0913-PINK,,,Pink,,,,,,100mm
CL0913-SILVER,,,Silver,,,,,,100mm
CL0913-WATHET,,,Blue,,,,,,100mm
CL0914-BLACK,,,Black,,,,,,80mm
CL0914-White,,,White,,,,,,90mm
CL0914-Apricot,,,,,,,,,80mm
CL0915-BLACK,,,Black,,,,,,90mm
