产品型号,原价,特价
CL0001-BLACK,1088,136
CL0001-LIGHT-PEACH,1088,136
CL0001-MULTICOLOR,1088,136
CL0003-BLACK,1056,132
CL0003-PURPLE,1056,132
CL0004-WHITE,1056,132
CL0004-YELLOW,1056,132
CL0005-BLACK,1088,136
CL0005-NUDE,1088,136
CL0006-BLACK,1480,185
CL0010-BLACK,1088,136
CL0010-BLUE,1088,136
CL0010-BROWN,1088,136
CL0010-CHOCOLATE,1088,136
CL0010-FRAMBOISE,1088,136
CL0010-NUDE,1088,136
CL0010-RED,1088,136
CL0010-SLIDES,1088,136
CL0011-LEOPARD,1480,185
CL0013-BLACK,1056,132
CL0013-BROWN,1056,132
CL0013-NUDE-BLACK,1056,132
CL0014-BLACK,1320,165
CL0014-RED,1320,165
CL0015-BLACK,1480,185
CL0015-CREAM,1480,185
CL0016-BLACK,1088,136
CL0017-SILVER,1088,136
CL0018-BLACK,1056,132
CL0018-BLUE-POWDER,1056,132
CL0018-GREEN,1056,132
CL0018-NUDE,1056,132
CL0018-PINK-POWDER,1056,132
CL0018-SOURIS,1088,136
CL0018-WATERSNAKE-BLACK,1056,132
CL0018-WATERSNAKE-CHOCOLATE,1056,132
CL0020-BLACK,1056,132
CL0020-BLACK-PATENT,1056,132
CL0020-BLUE,1056,132
CL0020-ECLIPSE,1295,136
CL0020-NATURAL-GOLD,1056,132
CL0020-NUDE,1056,132
CL0020-SILVER,1056,132
CL0020-SPIKES-BLACK,1056,132
CL0020-SPIKES-NUDE,1056,132
CL0020-TAUPE-GREY,1056,132
CL0021-GREEN,1320,165
CL0021-PURPLE,1320,165
CL0022-BLACK,1088,136
CL0022-PLUM,1088,136
CL0023-BLACK,1056,132
CL0023-WHITE,1056,132
CL0024-BLACK,1240,155
CL0024-PLUM,1240,155
CL0025-BLACK,1088,136
CL0028-BLACK,1056,132
CL0028-FUXIA,1056,132
CL0028-WHITE,1056,132
CL0030-BLACK,1056,132
CL0030-BROWN,1056,132
CL0030-GLITTER-BLACK,1056,132
CL0030-NUDE,1056,132
CL0030-PINK,1056,132
CL0030-TURQUOISE,1056,132
CL0032-BLACK,896,112
CL0032-GOLD,896,112
CL0032-RED,896,112
CL0032-WHITE,896,112
CL0033-BLACK,1088,136
CL0033-GOLD,1088,136
CL0033-GREEN,1088,136
CL0033-SILVER,1088,136
CL0034-SILVER,1088,136
CL0034-WHITE-SILVER,1088,136
CL0037-BLACK,896,122
CL0037-RED,896,122
CL0038-BLACK,1088,136
CL0038-BLUE,1088,136
CL0038-GLITTER-BLACK,1088,136
CL0038-MULTICOLOR,1088,136
CL0038-PINK-GOLD,1088,136
CL0038-ROSE,1088,136
CL0039-AMETHYSTE,1088,136
CL0039-INDIGO,1088,136
CL0040-BLACK,1056,132
CL0040-NUDE,1056,132
CL0040-PINK,1056,132
CL0040-RED,1056,132
CL0040-TARTEN-BLUE,1088,136
CL0041-BEIGE,1088,136
CL0041-PYTHON,1088,136
CL0043-BEIGE,1056,132
CL0043-COFFEE,1056,132
CL0043-YELLOW,1056,132
CL0044-BLUE,1240,155
CL0044-CAMEL,1200,150
CL0044-EVEQUE,995,150
CL0044-LEOPARD,1200,150
CL0044-LEOPARD-PRINTED,1200,150
CL0044-PURPLE,1200,150
CL0044-PYTHON-BLACK,1280,160
CL0044-SUEDE-BLACK,1200,150
CL0044-SUEDE-COFFEE,1200,150
CL0045-SILVER,1056,132
CL0045-WHITE,1056,132
CL0046-120MM-BLACK,1088,136
CL0046-140MM-BLACK,1056,132
CL0046-AMETHYSTE,1088,136
CL0046-BLACK,1056,132
CL0046-BLACK-LEATHER,1056,132
CL0046-BLACK-SUEDE,1056,132
CL0046-BLUE,1056,132
CL0046-COFFEE,1088,136
CL0046-CORK,1088,136
CL0046-GREY,1056,132
CL0046-LEATHER-BLACK,1040,130
CL0046-LEOPARD-PRINT,1056,132
CL0046-LIGHT-COFFEE,1088,136
CL0046-NUDE,1056,132
CL0046-NUDE-PATENT,1088,136
CL0046-PINK,1056,132
CL0046-PIVOINE,1056,132
CL0046-PURPLE,1088,136
CL0046-PYTHON-RED,1088,136
CL0046-RED,1056,132
CL0046-ROSE-PARIS,1040,130
CL0046-SUEDE-NAVY,1088,136
CL0046-SUEDE-NUDE,1040,130
CL0046-TURQUOISE,1056,132
CL0047-BLACK,1480,185
CL0047-BLACK-SUEDE,1480,185
CL0048-BLACK-LEATHER,1056,132
CL0049-AMETHYST,1056,132
CL0049-BLACK,1056,132
CL0049-BLACK-120MM,1056,132
CL0049-BROWN,1056,132
CL0049-CAMEL,1056,132
CL0049-CHOCOLATE,1056,132
CL0049-ENGLISH-GREEN,1056,132
CL0049-GLITTER-GOLD,1168,146
CL0049-NUDE,1056,132
CL0049-PIVOINE,1056,132
CL0049-RED,1056,132
CL0049-SUEDE-BLACK,1056,132
CL0049-TARTAN-RED,1056,132
CL0050-PRINTED,896,122
CL0050-WHITE,896,122
CL0053-BLACK,1480,185
CL0054-BLACK,1056,132
CL0056-BLACK,896,122
CL0056-PURPLE,896,122
CL0056-ROSE,896,122
CL0056-SKY-BLUE,896,122
CL0057-BLACK,1320,165
CL0057-LEOPARD,1320,165
CL0059-GREY,1056,132
CL0059-RED,1056,132
CL0060-BLACK,1056,132
CL0060-RED,1056,132
CL0061-BLACK,1056,132
CL0061-BLUE,1040,130
CL0061-GREEN,1056,132
CL0061-ORANGE,1056,132
CL0061-PURPLE,1040,130
CL0061-RED,1056,132
CL0061-SILVER,1056,132
CL0061-YELLOW,1056,132
CL0064-APRICOT,1056,132
CL0064-BEIGE,1056,132
CL0064-BLACK,1056,132
CL0064-PYTHON-BLACK,1056,132
CL0065-GOLD,1088,136
CL0065-RED,1088,136
CL0065-SILVER,1088,136
CL0066-BLACK,1088,136
CL0066-BLUE,1088,136
CL0066-PINK,1088,136
CL0066-RED,1088,136
CL0066-TUTU,1088,136
CL0068-BLACK,1056,132
CL0068-CAMEL,1056,132
CL0068-WHITE,1056,132
CL0068-YELLOW,1056,132
CL0069-BLACK,1088,136
CL0069-SILVER,1088,136
CL0070-BLACK-SUEDE,1480,185
CL0070-LEATHER-BLACK,1480,185
CL0070-LEOPORD,1480,185
CL0071-BLACK,1200,150
CL0071-WHITE,1200,150
CL0072-BLACK,1056,132
CL0072-RED,1056,132
CL0073-BLACK,1056,132
CL0073-GOLD,1056,132
CL0076-BLACK,1056,132
CL0076-BURGUNDY,1056,132
CL0076-NUDE,1056,132
CL0078-AFRICA,1056,132
CL0078-BEIGE,1056,132
CL0078-BLACK,1056,132
CL0080-BROWN,1088,136
CL0080-IVORY,1088,136
CL0081-BLACK,1088,136
CL0081-BLACK-RED,1088,136
CL0081-RED-BLUE,1088,136
CL0082-ALL-BLACK,896,122
CL0082-BLACK,896,122
CL0082-RED,896,122
CL0083-BLACK,1056,132
CL0083-RED,1056,132
CL0084-BEIGE,1088,136
CL0084-BLACK,1088,136
CL0085-BLACK,1200,150
CL0085-SILVER,1200,150
CL0085-WHITE,1200,150
CL0089-ARGENT,1480,185
CL0089-BROWN,1480,185
CL0089-BROWN-CROSTA,1520,190
CL0089-TAUPE,1480,185
CL0091-BLACK,1088,146
CL0093-BLACK,1088,136
CL0093-BLUE,1088,136
CL0093-MINT,1088,136
CL0093-PINK,1088,136
CL0095-BLACK,1320,165
CL0096-ELEFANTE,1088,136
CL0096-ROCCIA,1088,136
CL0098-BLACK,1056,132
CL0098-BLACK-GLITTER,1088,136
CL0098-GLITTER-SILVER,1088,136
CL0098-RED,1056,132
CL0099-WHITE,1056,132
CL0101-BLACK,1200,150
CL0102-BLUE,1088,136
CL0104-BLACK,1088,136
CL0104-PINK,1088,136
CL0107-NATUERAL,1088,136
CL0108-BLACK,1056,132
CL0108-BLACK-100MM,1056,132
CL0108-LIGHT-GREY,1056,132
CL0108-NUDE,1056,132
CL0108-OFF-WHITE,1056,132
CL0108-PATENT-BLACK,1056,132
CL0108-PIVOINE,1056,132
CL0108-RED,1056,132
CL0108-SATIN-TURQUOISE,1088,136
CL0109-MULTICOLOR,1088,136
CL0109-NUDE,1088,136
CL0110-BEIGE,1056,132
CL0110-BLACK,1056,132
CL0111-AMETHYSTE,1200,150
CL0111-BLACK,1200,150
CL0113-BLACK,1088,136
CL0113-BLACK-GLITTER,1088,136
CL0113-BLACK-YELLOW,1088,136
CL0113-PURPLE,1088,136
CL0114-ORANGE,1088,136
CL0114-RED,1088,136
CL0114-TURQUOISE,1088,136
CL0115-BLACK,1056,132
CL0115-NUDE,1056,132
CL0115-WHITE,1056,132
CL0116-BLACK,1240,155
CL0116-LEOPARD,1320,165
CL0116-MULTICOLOR,1320,165
CL0116-RED,1320,165
CL0116-SUEDE-BLACK,1320,165
CL0116-TARTAN-BLUE,1320,165
CL0117-BLACK,1088,136
CL0117-BROWN,1088,136
CL0117-NUDE,1088,136
CL0118-AMETHYSTE,1088,136
CL0118-BLACK,1088,136
CL0118-BLUE,1088,136
CL0118-CAMEO-ROSE,1088,136
CL0118-DARK-BLUE,1088,136
CL0118-HOT-PINK,1088,136
CL0118-LEMON,1088,136
CL0118-LEOPARD,1088,136
CL0118-SUEDE-GREY,1088,136
CL0118-TAUPE-SUEDE,1088,136
CL0118-TURQUOISE,1088,136
CL0118-YELLOW,1088,136
CL0119-BEIGE,1088,136
CL0119-BLACK,1088,136
CL0119-BLEU-SAPHIR,1088,136
CL0119-BLUE,1088,136
CL0119-BOREALE-GOLD,1088,136
CL0119-BROWN,1088,136
CL0119-CHAIN-MULTICOLOR,1088,136
CL0119-CROCO-BLACK,1088,136
CL0119-CROCO-PATCHWORK,1088,136
CL0119-CROCO-PATCHWORKS,1088,136
CL0119-CROCO-TAN,1088,136
CL0119-FUCHSIA,1088,136
CL0119-GEEK,1600,200
CL0119-GLITTER-BLACK,1088,136
CL0119-GOLD,1088,136
CL0119-GREEN,1088,136
CL0119-GREEN-STRASS,1088,136
CL0119-JACQUARD-LEOPARD,1344,168
CL0119-LACE-BLACK,1088,136
CL0119-LACE-GREEN,1088,136
CL0119-LACE-GREY,1088,136
CL0119-LACE-WHITE,1088,136
CL0119-LAME-GOLD,1168,146
CL0119-LEATHER-NUDE,1088,136
CL0119-MERIDIAN-BLUE,1088,136
CL0119-MULTICOLOR,1088,136
CL0119-NATURALE,1088,136
CL0119-PANAMA-BLACK,1344,168
CL0119-PATENT-WHITE,1088,136
CL0119-PINK,1088,136
CL0119-PIVOINE,1088,136
CL0119-PLUM,1088,136
CL0119-PONY-ZEBRA,1088,136
CL0119-PURPLE,1088,136
CL0119-PYTHON-GREY,1088,136
CL0119-PYTHON-MENTHE,1168,146
CL0119-PYTHON-ROCCIA,1168,146
CL0119-ROUGE-LIPSTICK,1088,136
CL0119-SAHARA,1088,136
CL0119-SATIN-BLUE,1088,136
CL0119-SATIN-PLUM,1088,136
CL0119-SILVER,1088,136
CL0119-SNAKESKIN,1088,136
CL0119-SNAKESKIN-BLUE,1088,136
CL0119-SNAKESKIN-GREEN,1088,136
CL0119-SNAKESKIN-PINK,1088,136
CL0119-STRASS-GOLD,1088,136
CL0119-STRASS-HEMATITE,1088,136
CL0119-SUEDE-BLACK,1088,136
CL0119-SUEDE-PEACOCK,1088,136
CL0119-SUEDE-VIOLETTE,1088,136
CL0119-YELLOW,1088,136
CL0120-BLACK,1088,136
CL0120-BLUE,1088,136
CL0120-CHARTREUSE,1088,136
CL0120-HOT-PINK,1088,136
CL0120-RED,1088,136
CL0120-TAUPE,1088,136
CL0120-YELLOW,1088,136
CL0121-BEIGE,1088,136
CL0121-BLACK,1088,136
CL0121-GLITTE-BLACK,1088,136
CL0121-GOLD,1088,136
CL0121-GOLD-GLITTER,1088,136
CL0122-BLACK-SUEDE,1200,150
CL0122M-AFRICA,1200,150
CL0122M-ANTHRACITE,1200,150
CL0122M-BLACK,1200,150
CL0122M-BROWN,1200,150
CL0123-BLACK,1088,136
CL0123-BLACK-554,1056,132
CL0123-CANARI,1088,136
CL0123-CYCLAMEN,1040,130
CL0123-JAZZ-BLACK,1056,132
CL0123-LEOPARD,1088,136
CL0123-NUDE,1056,132
CL0123-NUDE-RED,825,136
CL0123-PATENT-BLACK,1040,130
CL0123-PYTHON,1088,136
CL0123-RED,1056,132
CL0123-STRASS-GOLD,1088,136
CL0123-STRASS-SILVER,1088,136
CL0123-W-BLACK,1088,136
CL0123-WINE-RED,1195,136
CL0124-BLACK,1088,136
CL0125-BLACK,1056,132
CL0125-COBRA,1056,132
CL0125-JADE,1056,132
CL0125-NUDE,1056,132
CL0125-ROSE,1056,132
CL0126-CAMEL,1056,132
CL0126-LEMON,1056,132
CL0127-BEIGE,1088,136
CL0127-BLACK,1088,136
CL0128-BLUE,1088,136
CL0129-IVORY,1056,132
CL0130-SAND,1240,155
CL0133-BLACK,1088,136
CL0133-CHOCOLATE,1088,136
CL0133-ORANGE,1088,136
CL0133-PINK,1088,136
CL0133-RED,1088,136
CL0133-SILVER,1088,136
CL0133-YELLOW,1088,136
CL0134-BLACK,1280,160
CL0134-MEKONG,1280,160
CL0134-RED,1280,160
CL0135-BLACK,1088,136
CL0135-CHAMPAGNE,1088,136
CL0135-NAVY,1088,136
CL0135-RED,1088,136
CL0136-BLACK,1088,136
CL0137-RED,1088,136
CL0138-LEOPARD-PRINTED,1088,136
CL0139-BLACK,1056,132
CL0139-NUDE,1056,132
CL0141-TAN,1320,165
CL0142-85MM-NUDE,1056,132
CL0142-BEIGE,1056,132
CL0142-BLACK,1056,132
CL0142-CAMEL,1056,132
CL0142-PINK,1056,132
CL0142-SILVER,1040,130
CL0144-BLACK,1056,132
CL0144-BLUE,1056,132
CL0144-WHITE,1056,132
CL0145-BROWN,1088,136
CL0146-ALL-BLACK,1075,136
CL0146-BEIGE,1088,136
CL0146-BLACK,1088,136
CL0146-GLITTER-PLATINE,1088,136
CL0146-NUDE,1088,136
CL0146-PLATINE,1088,136
CL0147-BEIGE,1088,136
CL0147-BLACK,1088,136
CL0152-BLACK-WHITE,1088,136
CL0152-CAMEO-ROSE,1056,132
CL0152-GLITTERED-SILVER,1088,136
CL0152-GLITTER-NUDE,1088,136
CL0152-GLITTER-SILVER,1088,136
CL0152-GREY-FLANNEL,1088,136
CL0152-LACE,1088,136
CL0152-LIGHT-PEACH,1088,136
CL0152-MULTICOLOR,1088,136
CL0152-NUDE,675,136
CL0152-NUDE-STRASS,1088,136
CL0152-PATENT-BLACK,1056,132
CL0152-PATENT-NUDE,1056,132
CL0152-PIVOINE,1088,136
CL0152-PYTHON-SILVER,1040,130
CL0152-RED-FLAME,1088,136
CL0152-SILVER,1088,136
CL0152-SPIKE-BLACK,1088,136
CL0152-SPIKE-CORDE,1088,136
CL0152-SPIKE-NUDE,1088,136
CL0152-SPIKE-ROSE,1088,136
CL0152-STRASS-ARGENT,1088,136
CL0152-STRASS-CRISTAL,1088,136
CL0152-STRASS-GOLD,1088,136
CL0152-VOLCANO,1088,136
CL0155-BLACK,1088,136
CL0155-GREY,1088,136
CL0155-RED-WINE,1088,136
CL0155-SILVER,1088,136
CL0156-BLACK,1088,136
CL0156-GOLD,1088,136
CL0156-NUDE,1088,136
CL0156-ROSE,1088,136
CL0156-SILVER,1088,136
CL0159-GINGHAM,1088,136
CL0160M-ALL-BLACK,1200,150
CL0160M-ALL-WHITE,1200,150
CL0160M-BLACK,1200,150
CL0160M-LACE-BLACK,1200,150
CL0161M-LIGHT-BROWN,1200,150
CL0161M-TAUPE,1200,150
CL0162-GOLD,1056,132
CL0164-BLACK,1088,136
CL0164-PINK,1088,136
CL0164-PURPLE,1088,136
CL0166-SILVER,1056,132
CL0168-BROWN,1480,185
CL0168-LEATHER-BLACK,1480,185
CL0168-SUEDE-BLACK,1480,185
CL0168-SUEDE-CHOCOLATE,1480,185
CL0170-ARGENTO,1088,136
CL0170-NUDE,1088,136
CL0172M-BLACK,1200,150
CL0176-CAMEL,1056,132
CL0176-NATURAL,1056,132
CL0176-WHITE,1056,132
CL0178-BLACK,1056,132
CL0178-NUDE,1056,132
CL0180M-BLACK,1200,150
CL0180M-LATTE,1200,150
CL0180M-NAVY,1200,150
CL0181-GLITTER-BLACK,1088,136
CL0181-GLITTER-MULTICOLOR,1088,136
CL0181-GLITTER-SILVER,1088,136
CL0181-PATENT-BLACK,1056,132
CL0181-PATENT-CARAMEL,1056,132
CL0181-PATENT-PINK,1056,132
CL0181-PATENT-TAUPE,1056,132
CL0182M-BLACK,1200,150
CL0182M-SPIKES-BLACK,1200,150
CL0182M-SUEDE-BLACK,1200,150
CL0184-BLACK,1056,132
CL0184-CORK,1168,146
CL0184-GOLD,1088,136
CL0184-GOLDEN,1040,130
CL0184-NUDE,1056,132
CL0184-PATENT-BLACK,1056,132
CL0184-P-BLACK-RED,1088,136
CL0184-PYTHON,1088,136
CL0184-SILVER,1095,136
CL0184-SUEDE-BLACK,1088,136
CL0184-SUEDE-LEOPARD,1088,136
CL0184-SUEDE-ORANGE,1088,136
CL0184-SUEDE-PINK,1088,136
CL0184-WRINKLE-BLACK,1088,136
CL0185-ACAJOU,1480,185
CL0185-BLACK,1480,185
CL0185-MANDARIN-RED,1480,185
CL0187-GOLD,1088,136
CL0187-NUDE,1040,130
CL0187-PATENT-BLACK,1056,132
CL0187-WHITE,1056,132
CL0188-GOLD,1056,132
CL0188-SILVER,1056,132
CL0189-BLACK,1088,136
CL0189-NUDE,1088,136
CL0190-BLACK-LEATHER,1200,150
CL0190M-BLACK,1200,150
CL0190M-BLUE,1200,150
CL0190M-DARK-RED,1200,150
CL0190M-FLANNEL,1200,150
CL0190M-LEOPARD,1200,150
CL0190M-M-BLACK,1200,150
CL0190M-RED,1200,150
CL0190M-ZEBRA,1200,150
CL0192-BLACK,1296,162
CL0192-BRONZE,1296,162
CL0192-GOLD,1296,162
CL0193-BLUE,1088,136
CL0193-GOLD,1088,136
CL0193-SILVER,1088,136
CL0195-BLACK,1088,136
CL0195-GREY,1088,136
CL0195-PURPLE,1088,136
CL0196-BAZIN,1168,146
CL0196-BLACK,1088,136
CL0196-BLACK-SUEDE,1088,136
CL0196-BLUE,1088,136
CL0196-FUXIA,1088,136
CL0196-GLITTER-SILVER,1088,136
CL0196-LEATHER-BLACK,1040,130
CL0196-LEATHER-NUDE,1040,130
CL0196-NAVY,1040,130
CL0196-NUDE,1088,136
CL0196-OFF-WHITE,1088,136
CL0196-PRINTED,1088,136
CL0196-ROSE,1088,136
CL0196-SILVER,1088,136
CL0196-SUEDE-RED,1088,136
CL0196-WHITE,1040,130
CL0198-BLACK,1056,132
CL0198-WHITE,1056,132
CL0200-BLACK,1088,136
CL0200-GOLD,1088,136
CL0200-SILVER,1088,136
CL0202-BEIGE,1088,136
CL0202-BLACK,1088,136
CL0202-BROWN,1088,136
CL0202-GREEN,1088,136
CL0205-BEIGE,1056,132
CL0205-BLACK,1056,132
CL0205-LEOPARD-PRINT,1056,132
CL0205-OXBLOOD,1088,136
CL0205-PETROL-BLUE,1056,132
CL0205-RED,1088,136
CL0205-SILVER,1088,136
CL0206-BEIGE,1088,136
CL0206-BLACK,1088,136
CL0206-NUDE,1088,136
CL0206-WHITE,1088,136
CL0207-FUCHSIA,1088,136
CL0207-RED,1088,136
CL0207-TUTU,1088,136
CL0209-AMETHYSTE,1088,136
CL0209-BLUE,1088,136
CL0209-DEEP-BLUE,1088,136
CL0209-LIGHT-GREY,1088,136
CL0209-NOIR,1088,136
CL0209-NUDE,1088,136
CL0209-PLUM,1088,136
CL0209-RED,1088,136
CL0209-SATIN-FUCHSIA,1088,136
CL0209-SATIN-GREEN,1088,136
CL0209-SATIN-PURPLE,1088,136
CL0209-SCALES,1088,136
CL0209-SNAKESKIN,1088,136
CL0209-SUEDE-BLACK,1088,136
CL0209-SUEDE-RED,1088,136
CL0209-VIOLA,1088,136
CL0211-BEIGE,1088,136
CL0211-BLACK,1088,136
CL0211-FRAMBOISE,1088,136
CL0211-RED,1088,136
CL0211-SUEDE-BLACK,1088,136
CL0211-TURQUOISE,1088,136
CL0212-BLACK,1088,136
CL0212-BLUE,1040,130
CL0212-GREEN,1088,136
CL0212-PARME,1040,130
CL0213-BLACK,1088,136
CL0213-NUDE,1088,136
CL0213-POUSSIN,1088,136
CL0214-BLACK,1088,136
CL0214-GOLD,1088,136
CL0214-NUDE,1088,136
CL0214-SILVER,1088,136
CL0215-BLACK,1056,132
CL0215-BURGUNDY,1056,132
CL0216-ALL-BLACK,1088,136
CL0216-ANTIQUE-SILVER,1040,130
CL0216-BLACK,1088,136
CL0216-BLACK-SATIN,1088,136
CL0216-CAMEL,1088,136
CL0216-FLAME,1040,130
CL0216-GLITTER-BLACK,1088,136
CL0216-GLITTER-BLEU,1088,136
CL0216-GLITTER-GOLD,1088,136
CL0216-GOLD,1088,136
CL0216-HEMATITE-GOLD,1088,136
CL0216-IVORY,995,146
CL0216-JADE,1088,136
CL0216-LIGHT-PEACH,1088,136
CL0216-MANDARIN-RED,1088,136
CL0216-MENTHE,1088,136
CL0216-MOROCCAN-RED,1088,136
CL0216-NAVY,1088,136
CL0216-NUDE,1088,136
CL0216-PATENT-BLACK,1040,130
CL0216-PATENT-BLACK-RED,1088,136
CL0216-PATENT-BLUE,1088,136
CL0216-PATENT-COFFEE,1088,136
CL0216-PATENT-FUCHSIA,1088,136
CL0216-PATENT-GREEN,1088,136
CL0216-PATENT-ORANGE,1088,136
CL0216-PATENT-PIVOINE,1088,136
CL0216-PATENT-RED,1088,136
CL0216-PATENT-SKYBLUE,1088,136
CL0216-PATENT-SPIKES-RED,1088,136
CL0216-PATENT-YELLOW,1088,136
CL0216-P-CAMEO-ROSE,1088,136
CL0216-P-CANARI,1088,136
CL0216-PIVOINE,1088,136
CL0216-P-MULTICOLOR,1168,146
CL0216-P-PINK,1088,136
CL0216-P-ROSE,1088,136
CL0216-PURPLE,1088,136
CL0216-RED,1088,136
CL0216-ROSE,1088,136
CL0216-SAPHIR,1088,136
CL0216-SILVER,1088,136
CL0216-SPECCHIO-GOLD,1088,136
CL0216-SPIKE-CRAIE,1200,150
CL0216-SPIKE-PINK,1200,150
CL0216-SPIKES-BLACK,1088,136
CL0216-SPIKES-NUDE,1088,136
CL0216-SPIKE-YELLOW,1200,150
CL0216-TURQUOISE,1088,136
CL0216-VIOLET,945,136
CL0217-BLACK,1088,136
CL0217-NUDE,1088,136
CL0219-BLACK,1088,136
CL0219-RED,1088,136
CL0220-PINK,1200,150
CL0222-GLITTER,1088,136
CL0222-SNAKESKIN,1088,136
CL0223-BLACK-GRAY,1056,132
CL0223-BLUE,1056,132
CL0223-CAMEL,1056,132
CL0223-LEATHER-BLACK,1056,132
CL0223-NUDE,1056,132
CL0223-TAN,1056,132
CL0224-BLACK,1240,155
CL0226-BLACK,1088,136
CL0226-SLICK-BLACK,1088,136
CL0226-WHITE,1088,136
CL0229-BLACK-RED,1088,136
CL0233-ALBA,1200,150
CL0233-ALL-BLACK,1200,150
CL0233-ALL-CHOCOLATE,1200,150
CL0233-ALL-WHITE,1200,150
CL0233-BLACK,1200,150
CL0233-BLACK-BROWN,1200,150
CL0233-BLACK-GOLD,1200,150
CL0233-BLACK-M,1200,150
CL0233-BLACK-WHITE,1200,150
CL0233-BLUE-RED,1200,150
CL0233-BRONZE,1200,150
CL0233-BROWN,1200,150
CL0233-CHOCOLATE,1200,150
CL0233-CRYSTAL-BLACK,1200,150
CL0233-CRYSTAL-BLUE,1200,150
CL0233-GOLD,1200,150
CL0233-GOLD-SILVER,1200,150
CL0233-GRAY,1200,150
CL0233-GREY,1200,150
CL0233-GRID-BLUE,1200,150
CL0233-GRID-RED,1200,150
CL0233-HEMATITE,1200,150
CL0233-HI-RED,1200,150
CL0233-L-BLACK,1200,150
CL0233M-ALBA,1200,150
CL0233M-ALL-BLACK,1200,150
CL0233M-ALL-CHOCOLATE,1200,150
CL0233M-ALL-WHITE,1200,150
CL0233M-BLACK,1200,150
CL0233M-BLACK-BROWN,1200,150
CL0233M-BLACK-GOLD,1200,150
CL0233M-BLACK-M,1200,150
CL0233M-BLACK-WHITE,1200,150
CL0233M-BLUE-RED,1200,150
CL0233M-BRONZE,1200,150
CL0233M-BROWN,1200,150
CL0233M-CHOCOLATE,1200,150
CL0233M-CRYSTAL-BLACK,1200,150
CL0233M-CRYSTAL-BLUE,1200,150
CL0233M-ELECTRIC,1295,160
CL0233M-GOLD,1200,150
CL0233M-GOLD-SILVER,1200,150
CL0233M-GREY,1200,150
CL0233M-GRID-BLUE,1200,150
CL0233M-GRID-RED,1200,150
CL0233M-HEMATITE,1200,150
CL0233M-HI-RED,1200,150
CL0233M-L-BLACK,1200,150
CL0233M-MULTICOLOR,1200,150
CL0233M-MW-BLUE,1200,150
CL0233M-NAVY,1200,150
CL0233M-NAVY-GREY,1200,150
CL0233M-OFF-WHITE,1495,160
CL0233M-PATENT-BLACK,1200,150
CL0233M-PIK-LAME,1200,150
CL0233M-PIK-NOIR,1200,150
CL0233M-PURPLE,1200,150
CL0233M-PURPLE-GOLD,1200,150
CL0233M-PYTHON-BLACK,1200,150
CL0233M-PYTHON-NAVY,1200,150
CL0233M-RED,1200,150
CL0233M-SCALE-BROWN,1200,150
CL0233M-SCALE-PURPLE,1200,150
CL0233M-SPIKE-BLACK,1200,150
CL0233M-SPIKES-BLACK,1200,150
CL0233M-SPIKES-GREEN,1200,150
CL0233M-STRASS-APRICOT,1200,150
CL0233M-STRASS-BLACK,1200,150
CL0233M-STRASS-BLACK-SILVER,1200,150
CL0233M-STRASS-GOLD,1200,150
CL0233M-STRASS-HEMATITE,1200,150
CL0233M-STRASS-PLUM,1200,150
CL0233M-STRASS-PURPLE,1200,150
CL0233M-STRASS-WHITE,1200,150
CL0233M-STUDDED-BLUE,1200,150
CL0233M-SUEDE-RED,1200,150
CL0233M-SUN,1295,160
CL0233M-TAUPE,1200,150
CL0233-MULTICOLOR,1200,150
CL0233M-W-BALCK-GUN,1200,150
CL0233M-W-BEIGE,1200,150
CL0233M-W-BLACK,1200,150
CL0233-MW-BLUE,1200,150
CL0233M-W-BRONZE,1200,150
CL0233M-WHITE,1200,150
CL0233M-WHITE-GOLD,1200,150
CL0233M-WHITE-IVORY,1295,160
CL0233M-W-MULTICOLOR,1280,160
CL0233M-W-NUDE,1200,150
CL0233M-W-RED,1200,150
CL0233M-W-ROSE,1200,150
CL0233M-W-STONE,1200,150
CL0233M-W-VIOLET,1200,150
CL0233-NAVY,1200,150
CL0233-NAVY-GREY,1200,150
CL0233-PATENT-BLACK,1200,150
CL0233-PIK-LAME,1200,150
CL0233-PIK-NOIR,1200,150
CL0233-PURPLE,1200,150
CL0233-PURPLE-GOLD,1200,150
CL0233-PYTHON-BLACK,1200,150
CL0233-PYTHON-NAVY,1200,150
CL0233-RED,1200,150
CL0233-RED-PIK,1200,150
CL0233-RIVIERA,1495,150
CL0233-SCALE-BROWN,1200,150
CL0233-SCALE-PURPLE,1200,150
CL0233-SPIKE-BLACK,1200,150
CL0233-SPIKES-BLACK,1200,150
CL0233-SPIKES-GREEN,1200,150
CL0233-STRASS-APRICOT,1200,150
CL0233-STRASS-BLACK,1200,150
CL0233-STRASS-BLACK-SILVER,1200,150
CL0233-STRASS-GOLD,1200,150
CL0233-STRASS-HEMATITE,1200,150
CL0233-STRASS-PLUM,1200,150
CL0233-STRASS-PURPLE,1200,150
CL0233-STRASS-WHITE,1200,150
CL0233-STUDDED-BLUE,1200,150
CL0233-SUEDE-RED,1200,150
CL0233-TAUPE,1200,150
CL0233-W-BALCK-GUN,1200,150
CL0233-W-BEIGE,1200,150
CL0233-W-BLACK,1200,150
CL0233-W-BRONZE,1200,150
CL0233-WHITE,1200,150
CL0233-WHITE-GOLD,1200,150
CL0233-W-NUDE,1200,150
CL0233-W-RED,1200,150
CL0233-W-ROSE,1200,150
CL0233-W-STONE,1200,150
CL0233-W-VIOLET,1200,150
CL0233-YELLOW,1245,150
CL0235-MULTICOLOR-STRASS,1200,150
CL0240M-ALL-BLACK,1200,150
CL0240M-BLACK,1200,150
CL0241-BLACK-85MM,1056,132
CL0241-BLACK-LEATHER,1056,132
CL0241-GOLD,1088,136
CL0241-NUDE-85MM,1056,132
CL0241-NUDE-LEATHER,1056,132
CL0241-OFF-WHITE,1056,132
CL0241-PURPLE,1088,136
CL0242-BLACK,1088,136
CL0242-POMICE,1088,136
CL0243-IVORY,1088,136
CL0244-BEIGE,1088,136
CL0244-BLACK,1088,136
CL0246-BLACK,1088,136
CL0246-BLACK-BROWN,1088,136
CL0247-BEIGE,1240,155
CL0248-BLACK,1088,136
CL0249-ACID-BLUE,1200,150
CL0249-APRICOT,1200,150
CL0249-BEIGE,1200,150
CL0249-BLACK,1200,150
CL0249-BROWN,1200,150
CL0249-FRAMBOISE,1200,150
CL0249-LEATHER-BLACK,1200,150
CL0249-RED,1200,150
CL0249-TAUPE,1200,150
CL0250-AFRICA,1088,136
CL0250-BLACK,1088,136
CL0250-BROWN,1088,136
CL0250-ELEFANTE-PEWTER,1088,136
CL0250-LEOPARD,1088,136
CL0250-NUDE,1088,136
CL0250-NUDE-GOLD,1088,136
CL0250-PONY-BLACK,1088,136
CL0250-SEPIA,1088,136
CL0250-WATERSNAKE-BLACK,1088,136
CL0251-BLACK,1088,136
CL0251-BLUE,1088,136
CL0252-BLACK,1088,136
CL0252-TAUPE,1088,136
CL0254-BLUE,1240,155
CL0254-BROWN,1240,155
CL0255-BLACK-RED,1240,155
CL0255-CAMEL,1240,155
CL0256-GOLD,1240,155
CL0258-WHITE,1056,132
CL0259-BLACK,1056,132
CL0259-NUDE,1056,132
CL0260-SILVER,1088,136
CL0261-BLACK,1240,155
CL0262-BLACK,1088,136
CL0262-BRONZE,1088,136
CL0262-HOT-PINK,1088,136
CL0262-NOCE,1088,136
CL0263-BLACK,1480,185
CL0265-BLACK,1088,136
CL0265-NATURAL,1088,136
CL0265-RED,1088,136
CL0266-NUDE,1088,136
CL0267-BLACK,1056,132
CL0267-BLACK-RED,1056,132
CL0267-BLUE,1056,132
CL0267-FUCHSIA,1056,132
CL0267-LEOPARD,1056,132
CL0267-MANDA,1056,132
CL0267-NUDE,1056,132
CL0267-TAUPE,1056,132
CL0268-ALBA,1088,136
CL0268-OFF-WHITE,1088,136
CL0268-PINK,1088,136
CL0268-SAHARA,1088,136
CL0269-BLACK,1056,132
CL0269-NUDE,1056,132
CL0270-BLACK,1088,136
CL0270-SUEDE-BLACK,1088,136
CL0271-BROWN,1088,136
CL0271-NATURAL,1088,136
CL0271-NAVY,1088,136
CL0276-WATERSNAKE-GOLD,1088,136
CL0277-BLACK,1320,165
CL0278-AFRICA,1088,136
CL0278-BLACK,1088,136
CL0278-BLUE,1088,136
CL0278-LEOPARD,1088,136
CL0278-YELLOW,1088,136
CL0284-BLACK,1056,132
CL0284-NUDE,1056,132
CL0284-NUDE-BLACK,1056,132
CL0284-OFF-WHITE,1056,132
CL0284-PIVOINE,1056,132
CL0285-BLACK-GLITTER,896,122
CL0285-NUDE,896,122
CL0285-SAHARA,896,122
CL0285-SILVER,896,122
CL0286-BLACK,1088,136
CL0286-CHAMPAGNE,1088,136
CL0286-RED,1088,136
CL0288-BLACK,1200,150
CL0288-MOROCCAN-RED,1200,150
CL0288-SUEDE-BLACK,1200,150
CL0289-BLACK,1088,136
CL0289-TURQUOISE,1088,136
CL0292-BLACK,1088,136
CL0292-CORK,1088,136
CL0292-NUDE,1088,136
CL0293-BLACK,1088,136
CL0293-BROWN,1088,136
CL0295-BLACK,1320,165
CL0295-BLACK-SUEDE,1240,155
CL0296-BLACK,1056,132
CL0296-LEOPARD-PRINT,1056,132
CL0296-NUDE,1056,132
CL0297-BLACK,1056,132
CL0298-BLACK,1088,136
CL0298-BLUE,1088,136
CL0299-BLACK,1088,136
CL0299-LEOPARD,1088,136
CL0301-GOLD,896,122
CL0301-SILVER,896,122
CL0303-NUDE,1056,132
CL0303-SILVER,1088,136
CL0304-BLACK,1480,185
CL0305-BLACK,1088,136
CL0305-NUDE,1088,136
CL0306-BLACK,1056,132
CL0306-LAME,1088,136
CL0306-NUDE,1056,132
CL0306-RED,1056,132
CL0307-BEIGE,1056,132
CL0307-BLACK,1056,132
CL0307-KID-BLACK,1088,136
CL0307-LEOPARD,1088,136
CL0307-NOIR,1088,136
CL0307-NUDE,1056,132
CL0307-PINK,1056,132
CL0307-RIVIERA,1088,136
CL0307-WHITE,1056,132
CL0308-BLACK,1088,136
CL0308-NUDE,1088,136
CL0309-BEIGE,1088,136
CL0309-BLACK,1088,136
CL0309-RED,1088,136
CL0309-SUEDE-BLACK,1088,136
CL0309-SUEDE-TURQUOISE,1088,136
CL0310-AMETHYST,1056,132
CL0310-BLACK,1056,132
CL0310-BLACK-PATENT,1056,132
CL0310-EMERAUDE,1056,132
CL0310-FLANNEL-GREY,1088,136
CL0310-MANDARIN-RED,1088,136
CL0310-NUDE,1056,132
CL0310-NUDE-100MM,1056,132
CL0310-NUDE-PATENT,1040,130
CL0310-PEACOCK,1088,136
CL0310-ROCCIA,1088,136
CL0310-SUEDE-NAVY,1088,136
CL0311-BLACK,1480,185
CL0312-BLACK,1056,132
CL0312-BLUE,1056,132
CL0312-SILVER,1056,132
CL0314-BLACK,1088,136
CL0314-BLACK-SILVER,1088,136
CL0314-BURGUNDY,1088,136
CL0314-MULTICOLOR-RED,1088,136
CL0315-BLACK,1088,136
CL0315-BLACK-WHITE,1088,136
CL0315-GLITTER-BLACK,1088,136
CL0315-GLITTER-SILVER,1040,130
CL0315-GOLD,1088,136
CL0315-LEATHER-BLACK,1088,136
CL0315-MULTICOLOR,1088,136
CL0315-MULTICOLOR-GLITTER,1088,136
CL0315-NEUTRAL,1088,136
CL0315-NUDE,1088,136
CL0315-PATENT-BLACK,1040,130
CL0315-PATENT-PIVOINE,1088,136
CL0315-POUSSIN,1088,136
CL0315-RED-GLITTER,1088,136
CL0315-SILVER,1088,136
CL0315-SPECCHIO,1088,136
CL0315-WHITE,1088,136
CL0317-BLACK,1088,136
CL0317-GREEN,1088,136
CL0317-WHITE,1088,136
CL0318-ALL-BLACK,1088,136
CL0318-BEIGE,1088,136
CL0320-BLACK,1088,136
CL0320-BLUE,1088,136
CL0320-IVORY,1088,136
CL0320-RED,1088,136
CL0322-BLACK,1056,132
CL0322-GREEN,1056,132
CL0322-LEOPARD,1056,132
CL0324-LEOPARD,1088,136
CL0325-BLACK,1088,136
CL0325-NUDE,1088,136
CL0325-PINK,1088,136
CL0325-SILVER,1088,136
CL0325-SUEDE-BLACK,1088,136
CL0325-YELLOW,1088,136
CL0326-BLUE,1088,136
CL0327-BLACK,1088,136
CL0329-BLACK,1088,136
CL0329-SILVER,1088,136
CL0330-100MM-CAMEO,1088,136
CL0330-100MM-NOIR,1088,136
CL0330-BEIGE,1088,136
CL0330-BLACK,1056,132
CL0330-BLACK-LEATHER,1088,136
CL0330-BLACK-PATENT,1040,130
CL0330-BLUE-KHOL,1040,130
CL0330-CORDE,1040,130
CL0330-EPI-GOLD,625,136
CL0330-FLUO-PINK,1056,132
CL0330-GLITTER-BLACK,1088,136
CL0330-GLITTER-GOLD,1088,136
CL0330-GLITTER-SILVER,1088,136
CL0330-GRAFFITI-MULTICOLOR,1088,136
CL0330-GRENADINE,1040,130
CL0330-GRID-BLACK,1056,132
CL0330-JAZZ-NUDE,1088,136
CL0330-LACE-BEIGE,1200,150
CL0330-MULTICOLOR,1088,136
CL0330-MULTICOLOR-P,1088,136
CL0330-NUDE,1056,132
CL0330-NUDE-PATENT,1040,130
CL0330-PAPAYE,625,136
CL0330-PATENT-BLACK,1056,132
CL0330-PATENT-FLUO-YELLOW,1056,132
CL0330-PATENT-JADE,1056,132
CL0330-PATENT-PIVOINE,1056,132
CL0330-PATENT-RED,1056,132
CL0330-PATENT-YELLOW,1056,132
CL0330-P-BLACK-ROSE,1088,136
CL0330-PINK-GOLD,1088,136
CL0330-PINKY,625,136
CL0330-PLATO-BLACK,1056,132
CL0330-PLATO-GLITTER,1088,136
CL0330-PLATO-NATURALE,1056,132
CL0330-PLATO-NUDE,1056,132
CL0330-PLATO-PINK,1056,132
CL0330-PLATO-RED,1056,132
CL0330-PLATO-WHITE,1056,132
CL0330-POINTED-JADE,1056,132
CL0330-POINTED-NUDE,1056,132
CL0330-PRINTED-SAHARA,1056,132
CL0330-PSTRASS-BLACK,1088,136
CL0330-RED,1056,132
CL0330-RED-MARCH,625,136
CL0330-SPIKE-PINK,1088,136
CL0330-SPIKE-ROSE,1088,136
CL0330-SPIKES-ALLBLACK,1088,136
CL0330-SPIKES-BLACK,1088,136
CL0330-SPIKES-GOLD,1088,136
CL0330-SPIKES-HEMATITE,1088,136
CL0330-SPIKES-NAVY,1088,136
CL0330-SPIKES-NUDE,1088,136
CL0330-SPIKES-RED,1088,136
CL0330-SPIKE-WHITE,1088,136
CL0330-STUDDED-BLACK,1088,136
CL0330-WHITE,1088,136
CL0331-ALL-BLACK,896,122
CL0331-BLACK,896,122
CL0331-BLACK-LEATHER,896,112
CL0331-BURGUNDY,896,122
CL0331-GOLD,896,122
CL0331-MULTICOLOR,896,122
CL0331-NUDE,896,122
CL0331-PINK,896,122
CL0331-PRIMEVERE,625,122
CL0331-PURPLE,896,122
CL0331-SILVER,896,122
CL0331-SPIKE-RED,896,122
CL0331-SPIKES-BLACK,896,122
CL0331-ZEBRA,896,122
CL0332-BLACK,896,122
CL0332-NUDE,896,122
CL0333-BEIGE,1200,150
CL0333-BLACK,1200,150
CL0333-ECLIPSE,945,150
CL0333-LEOPARD,1200,150
CL0333M-BEIGE,1200,150
CL0333M-BLACK,1200,150
CL0333M-LEOPARD,1200,150
CL0333M-LIE-WINE,950,150
CL0333M-SAND,1200,150
CL0333M-VINTAGE-BLUE,1200,150
CL0333-SAND,1200,150
CL0333-VINTAGE-BLUE,1200,150
CL0333-WHITE,1200,150
CL0334-BLACK,1088,136
CL0334-NUDE,1088,136
CL0335-BLACK,1056,132
CL0335-LEOPARD,1056,132
CL0335-NUDE,1056,132
CL0335-SILK-PINK,1088,136
CL0336-BEIGE,1088,136
CL0336-BLACK,1088,136
CL0336-TAN,1088,136
CL0338M-BLACK-I,1264,158
CL0338M-BLACK-WHITE,1200,150
CL0341-BLACK,1056,132
CL0341-CAMEL,1056,132
CL0341-FRAMBOISE,1088,136
CL0341-LEOPARD,1056,132
CL0341-LEOPARD-PRINTED-PONY,1056,132
CL0341-NATURALE,1088,136
CL0341-NUDE,1056,132
CL0342-GOLD,1088,136
CL0343M-NAVY-DENIM,1200,150
CL0343-NAVY-DENIM,1200,150
CL0344-ALLBROWN,1200,150
CL0344-APRICOT,1200,150
CL0344-BLACK,1200,150
CL0344-BLACK-LACE,1200,150
CL0344-BLEACHED-SAND,1200,150
CL0344-BLUE-GOLD,1200,150
CL0344-BLUE-LACE,1200,150
CL0344-BROWN,1200,150
CL0344-BROWN-BLUE,1200,150
CL0344-COFFEE,1200,150
CL0344-COGNAC,1200,150
CL0344-DEEP-BLUE,1200,150
CL0344-FLANNEL,1200,150
CL0344-GLITTER-BLACK,1200,150
CL0344-GLITTER-GOLD,1200,150
CL0344-IVORY,1200,150
CL0344-LEOPARD,1200,150
CL0344-LEOPARD-I,1200,150
CL0344M-ALLBROWN,1200,150
CL0344M-APRICOT,1200,150
CL0344M-BLACK,1200,150
CL0344M-BLACK-LACE,1200,150
CL0344M-BLEACHED-SAND,1200,150
CL0344-M-BLUE,1200,150
CL0344M-BLUE-GOLD,1200,150
CL0344M-BLUE-LACE,1200,150
CL0344M-BROWN,1200,150
CL0344M-BROWN-BLUE,1200,150
CL0344M-COFFEE,1200,150
CL0344M-COGNAC,1200,150
CL0344M-DEEP-BLUE,1200,150
CL0344M-FLANNEL,1200,150
CL0344M-GLITTER-BLACK,1200,150
CL0344M-GLITTER-GOLD,1200,150
CL0344M-IVORY,1200,150
CL0344M-LEOPARD,1200,150
CL0344M-LEOPARD-I,1200,150
CL0344M-M-BLUE,1200,150
CL0344M-MULTICOLOR,1200,150
CL0344M-MULTICOLOR-M,1200,150
CL0344M-PLAID,1200,150
CL0344M-RED,1200,150
CL0344M-RED-COTTON,1200,150
CL0344M-SMOKE-GREY,1200,150
CL0344-MULTICOLOR,1200,150
CL0344-MULTICOLOR-M,1200,150
CL0344M-W-GLITTER,1200,150
CL0344M-WHITE,1200,150
CL0344M-WHITE-GOLD,1200,150
CL0344M-W-LEOPARD,1200,150
CL0344M-W-PINK,1200,150
CL0344-PLAID,1200,150
CL0344-RED,1200,150
CL0344-RED-COTTON,1200,150
CL0344-SMOKE-GREY,1200,150
CL0344-W-GLITTER,1200,150
CL0344-WHITE,1200,150
CL0344-WHITE-GOLD,1200,150
CL0344-W-LEOPARD,1200,150
CL0344-W-PINK,1200,150
CL0345-BLACK,1088,136
CL0349-INDIGO,1088,136
CL0350-BLACK,1056,132
CL0350-NAVY,1056,132
CL0350-NUDE,1056,132
CL0350-ROSE,1056,132
CL0350-ROSE-PATENT,1040,130
CL0350-TURQUOISE,1088,136
CL0351-ALLBLACK,1200,150
CL0351-BLACK,1200,150
CL0351-BLACK-MULTI,1175,150
CL0351-ECLIPSE,1175,150
CL0351-EPI-GOLD,1175,150
CL0351-GOLD,1200,150
CL0351M-ALLBLACK,1200,150
CL0351M-BLACK,1200,150
CL0351M-GOLD,1200,150
CL0351M-M-RED,1200,150
CL0351M-RED,1200,150
CL0351-M-RED,1200,150
CL0351M-SILVER,1200,150
CL0351M-WHITE,1175,150
CL0351-RED,1200,150
CL0351-ROUGE,1175,150
CL0351-SILVER,1200,150
CL0351-WHITE,1175,150
CL0351-WHITE-IVORY,1195,160
CL0353M-BLUE,1200,150
CL0353M-GOLD,1200,150
CL0353M-GREEN,1200,150
CL0353M-GREY,1200,150
CL0353M-HEMINATE,1200,150
CL0353M-NUDE,1200,150
CL0353M-PURPLE,1200,150
CL0353M-SILVER,1200,150
CL0353M-WHITE,1200,150
CL0354-BLACK-SPIKES,1200,150
CL0354-ECLIPSE,1395,150
CL0354M-ANTHRACITE,1200,150
CL0354M-BEIGE-SPIKES,1200,150
CL0354M-BLACK-MULTIC-LUC,1772,150
CL0354M-BLACK-SPIKES,1200,150
CL0354M-GREY,1200,150
CL0354M-LEOPARD,1200,150
CL0354M-LIE-WINE,1395,150
CL0354M-RED-SPIKES,1200,150
CL0354M-SPIKE-BLACK,1200,150
CL0354M-TARTEN-RED,1200,150
CL0354-RIVIERA,1395,150
CL0355-LEOPARD,1200,150
CL0355M-LEOPARD,1200,150
CL0355M-RED,1200,150
CL0355M-SPIKE-BLACK,1200,150
CL0355M-SPIKE-NUDE,1200,150
CL0355M-STONE,1200,150
CL0355M-TURQUOISE,1200,150
CL0355M-WHITE,1200,150
CL0355-WHITE-MULTI,1200,150
CL0357-CARAIBES,1088,136
CL0358-BLUE,1040,130
CL0358-BLUE-TARTAN,1056,132
CL0358-BROWN,1088,136
CL0358-CAMEO-ROSE,1088,136
CL0358-GLITTER-MULTICOLOR,1056,132
CL0358-GLITTER-PINK,1056,132
CL0358-GLITTER-TURQUOISE,1056,132
CL0358-NUDE,1056,132
CL0358-PARME,1040,130
CL0358-PATENT-BLACK,1056,132
CL0358-PATENT-PINK,1056,132
CL0358-PIVOINE-POWDER,1088,136
CL0358-SUEDE-BLACK,1056,132
CL0358-SUEDE-CHARTREUSE,1056,132
CL0358-SUEDE-NAVY,1056,132
CL0358-SUEDE-PEACOCK,1088,136
CL0358-SUEDE-RED,1088,136
CL0358-SUEDE-TAUPE,1088,136
CL0358-SUEDE-TURQUOISE,1056,132
CL0358-TURQUIN,625,132
CL0358-YELLOW,1040,130
CL0359-BLACK,1088,136
CL0359-NAVY,1088,136
CL0359-NUDE,1088,136
CL0359-RED,1088,136
CL0359-RED-SUEDE,1088,136
CL0360-BLACK,1088,136
CL0360-LILAC,1088,136
CL0360-RED,1088,136
CL0361-BROWN,1320,165
CL0361-RED,1320,165
CL0362-GREY,896,122
CL0362-NATURALE,896,122
CL0362-VIOLET,896,122
CL0362-WATERSNAKE,896,122
CL0362-WHITE,896,122
CL0364-COGNAC,1088,136
CL0364-TAUPE,1088,136
CL0365-BLACK,1088,136
CL0365-SILVER,1088,136
CL0366-BLACK,1088,136
CL0366-DEEP-BLUE,1088,136
CL0366-GOLD,1088,136
CL0366-RED,1088,136
CL0367-BLUE,1088,136
CL0370-BLACK,1056,132
CL0370-NUDE,1056,132
CL0371-BLACK,1056,132
CL0371-BLACK-STRASS,1088,136
CL0371-NUDE,1056,132
CL0371-RED,1056,132
CL0372-BLACK,1088,136
CL0372-NUDE,1088,136
CL0372-SUEDE-BLACK,1088,136
CL0372-SUEDE-RED,1088,136
CL0373-BLACK,1088,136
CL0373-MULTICOLOR,1088,136
CL0375-BLACK-GLITTER,1056,132
CL0375-BLACK-LEATHER,1056,132
CL0375-BLACK-PATENT,1056,132
CL0375-CAMEL,1056,132
CL0375-CARAIBES,1088,136
CL0375-GLITTER-BLACK,1056,132
CL0375-MADARINE-RED,1088,136
CL0375-NAVY,1088,136
CL0375-NUDE,1056,132
CL0375-PATENT-NUDE,1056,132
CL0375-PIVOINE,1088,136
CL0375-RED,1088,136
CL0375-ROUGE,1088,136
CL0375-SILVER-GLITTER,1088,136
CL0377-SILVER,1088,136
CL0378-BLACK,1088,136
CL0378-MANDARIN-RED,1088,136
CL0379-LEOPARD,1200,150
CL0379M-LEOPARD,1200,150
CL0380-WHITE,1088,136
CL0381-EMERAUDE,1088,136
CL0381-LUNE,1088,136
CL0381-SILVER,1088,136
CL0382-BEIGE,1088,136
CL0382-BLACK,1088,136
CL0382-NOIR,1088,136
CL0382-NUDE,1088,136
CL0382-PATENT-BLACK,1040,130
CL0384-BLACK,1088,136
CL0384-HEMATITE,1088,136
CL0384-NUDE,1088,136
CL0385-BLACK,1200,150
CL0385-CHESTNUT,1200,150
CL0386-BLACK,1088,136
CL0386-PINK,1088,136
CL0389-BLACK,1056,132
CL0389-BLUE,1056,132
CL0389-CRIMSON,1056,132
CL0389-DARK-BLUE,1056,132
CL0389-DARK-GREEN,1056,132
CL0389-GREY,1056,132
CL0389-PINK,1056,132
CL0389-RED,1056,132
CL0391-IVORY,1088,136
CL0394-BLACK,1088,136
CL0394-BROWN-WHITE,1088,136
CL0394-GOLD-WHITE,1088,136
CL0394-NUDE-MARINE,1088,136
CL0395-ACAJOU,1088,136
CL0395-BLACK,1088,136
CL0395-JADE,1088,136
CL0395-LEOPARD,1088,136
CL0395-NUDE,1088,136
CL0395-PINK,1088,136
CL0395-TAUPE,1088,136
CL0395-TERRYCLOTH-BLACK,1088,136
CL0395-WHITE,1088,136
CL0396-SILVER,1088,136
CL0399-PINK-GOLD,1088,136
CL0400-BLUE,1088,136
CL0400-RED,1088,136
CL0401-RED,1088,136
CL0402-BLACK,1200,150
CL0402-BROWN,1200,150
CL0402-PURPLE,1200,150
CL0403-BEIGE,1056,132
CL0404-LEMON,1088,136
CL0404-ORANGE,1088,136
CL0404-RED,1088,136
CL0404-TURQUOISE,1088,136
CL0406-CAMEL,1088,136
CL0406-CUOIO,1088,136
CL0407-BEIGE,1088,136
CL0407-BLACK,1088,136
CL0407-CREME,1088,136
CL0407-FUCHSIA,1088,136
CL0407-GREY,1088,136
CL0407-JADE,1088,136
CL0409-ANTHRACITE,1088,136
CL0409-BLACK,1088,136
CL0409-BLUE,1088,136
CL0409-NUDE,1088,136
CL0409-PINK,1088,136
CL0409-RED-BLACK,1088,136
CL0410-BEIGE,1088,136
CL0410-BLACK,1088,136
CL0410-VIOLET,1088,136
CL0411-BLACK,1088,136
CL0411-OFF-WHITE,1088,136
CL0412-BLACK,1088,136
CL0412-MANDARIN-RED,1088,136
CL0413-BLACK,1088,136
CL0416-WHITE,1056,132
CL0419-BLACK,1056,132
CL0419-CHOCOLATE,1056,132
CL0419-COLORFUL,1056,132
CL0419-ICE-BLUE,1056,132
CL0419-SILVER,1056,132
CL0419-WHITE,1056,132
CL0420-BLACK,1088,136
CL0420-FRAMBOISE,1088,136
CL0420-NUDE,1088,136
CL0420-RED,1088,136
CL0420-WHITE,1088,136
CL0420-YELLOW,1088,136
CL0421-BLACK,1088,136
CL0421-PINK,1088,136
CL0421-RED,1088,136
CL0421-TURQUOISE,1088,136
CL0423-BLACK,1056,132
CL0423-BLACK-PEACOCK,1056,132
CL0423-BLACK-PEACOCK-P,1056,132
CL0423-BLUE,1056,132
CL0423-PINK,1056,132
CL0423-PURPLE,1056,132
CL0426-BLACK,1088,136
CL0427-BLACK,1088,136
CL0427-BLACK-WHITE,1088,136
CL0427-YELLOW-BLACK,1088,136
CL0428-BLACK,1088,136
CL0428-GOLD,1088,136
CL0428-GREEN,1088,136
CL0428-RED,1088,136
CL0428-VULCANO,1088,136
CL0429-BLUE,1088,136
CL0429-ROSE,1088,136
CL0430-BLACK,1088,136
CL0430-BLUE,1088,136
CL0430-HOT-PINK,1088,136
CL0430-JADE,1088,136
CL0430-LAME,1088,136
CL0430-NUDE,1088,136
CL0430-PANAMA-BLACK,1088,136
CL0430-PATENT-BLACK,1040,130
CL0430-PATENT-BLACK-120MM,1040,130
CL0430-PATENT-GREEN,1088,136
CL0430-PATENT-NUDE,1040,130
CL0430-PEACH,1088,136
CL0430-PINK,1088,136
CL0430-RED,1088,136
CL0430-RED-FLAME,1056,132
CL0430-RED-LIPSTICK,1056,132
CL0430-SILK-NUDE,1088,136
CL0430-SNAKESKIN-GOLD,1088,136
CL0430-STRASS-NUDE,1088,136
CL0430-STRASS-PRUNE,1088,136
CL0430-SUEDE-BLACK,1088,136
CL0430-SUEDE-BROWN,1088,136
CL0430-SUEDE-RED,1088,136
CL0430-WATERSNAKE-GOLD,1088,136
CL0430-WATERSNAKE-SILVER,1088,136
CL0431-CYRSTAL,1088,136
CL0432-GREY,1480,185
CL0432-RED,1480,185
CL0433-GREY,1200,150
CL0434-BROWN,1088,136
CL0435-TAUPE,1088,136
CL0435-WHITE,1088,136
CL0437-AMETHYST,1088,136
CL0437-BLACK,1088,136
CL0437-CHAMPAGNE,1088,136
CL0437-EMERAUDE,1088,136
CL0437-PINK,1088,136
CL0440-BLACK,1088,136
CL0440-POMICE,1088,136
CL0440-SAFRAN,1088,136
CL0441-BLACK,1088,136
CL0441-BLUE-GOLD,1088,136
CL0441-CAMEL,1088,136
CL0441-CORK-BLACK,1088,136
CL0441-CORK-NUDE,1088,136
CL0441-FLANNEL-BEIGE,1088,136
CL0441-OFF-WHITE,1088,136
CL0441-SPIKES-BEIGE,1088,136
CL0441-SPIKES-BLACK,1088,136
CL0441-SPIKES-BLUE,1088,136
CL0441-SPIKES-GOLD,1088,136
CL0441-SPIKES-LEOPARD,1088,136
CL0441-SPIKES-NUDE,1088,136
CL0441-SPIKES-PINK,1088,136
CL0441-SPIKES-SILVER,1088,136
CL0441-SUEDE-BLACK,1088,136
CL0441-SUEDE-PURPLE,1088,136
CL0441-WATERSNAKE-BLUE,1088,136
CL0441-WATERSNAKE-FUCHSIA,1088,136
CL0443-AURORA-BOREALE,1088,136
CL0443-BLACK,1088,136
CL0443-HEMATITE,1088,136
CL0443-NUDE,1088,136
CL0443-PINK-100MM,1056,132
CL0443-PIVOINE,1088,136
CL0443-WHITE,1088,136
CL0444-ARGENT,1088,136
CL0444-BLACK,1088,136
CL0444-NUDE,1088,136
CL0444-OFF-WHITE,1088,136
CL0444-RED,1088,136
CL0447-BLACK-I,1600,200
CL0449-BLACK,1040,130
CL0449-BLACK-RED,1040,130
CL0449-GOLD,1168,146
CL0449-PINK,1088,136
CL0449-POUDRE,1040,130
CL0449-ROSE,1040,130
CL0449-S-BLACK-ROSE,1088,136
CL0449-SLINGBACKS-GALAXY,1088,136
CL0449-SLINGBACKS-GOLD,1088,136
CL0449-SLINGBACKS-GRAY,1088,136
CL0449-SLINGBACKS-NUDE,1088,136
CL0449-SLINGBACKS-PINK,1088,136
CL0449-SLINGBACKS-SILVER,1088,136
CL0449-SLINGBACKS-TURQUOISE,1088,136
CL0449-SLING-BLACK,1088,136
CL0449-SOURIS-CRAIE,1088,136
CL0449-WHITE,1040,136
CL0450-BLUE,1088,136
CL0450-LEOPARD,1088,136
CL0450-MEDIUM-BLUE,1088,136
CL0450-OFF-WHITE,1056,132
CL0450-SCALE-BLACK,1088,136
CL0452-BLACK-WHITE,1088,136
CL0452-PEWTER,1088,136
CL0454-GOLD,1088,136
CL0454-MULTICOLOR,1088,136
CL0459-GOLD,1088,136
CL0460-ANIS,625,136
CL0460-FLAME,1088,136
CL0460-MARYJANE-BLACK,1088,136
CL0460-MARYJANE-BROWN,1088,136
CL0460-MARYJANE-PINK,1088,136
CL0460-MARYJANE-RED,1088,136
CL0464-BLACK,1240,155
CL0464-GREEN,1240,155
CL0464-MADARIN-RED,1240,155
CL0464-RED,1240,155
CL0466-BLACK,1320,165
CL0467-BLACK,1240,155
CL0467-LEOPARD,1240,155
CL0470-BLACK,1240,155
CL0470-LEOPARD,1240,155
CL0470-RED,1240,155
CL0471-BLACK,1320,165
CL0471-NUDE,1320,165
CL0471-PURPLE,1320,165
CL0475-PURPLE,1320,165
CL0475-TAUPE,1320,165
CL0479-BLUE,960,120
CL0479-COLOR,896,112
CL0479-NUDE,976,122
CL0480-BLACK,1480,185
CL0480-RED,1480,185
CL0484M-BLUE,1200,150
CL0484M-FLANNEL-GREY,1200,150
CL0484M-GREY,1200,150
CL0490-TAUPE,1088,136
CL0492-BLACK,1240,155
CL0492-PURPLE,1200,150
CL0492-TAUPE,1200,150
CL0496-BLACK,1480,185
CL0496-BLACK-STRASS,1800,225
CL0503M-LEOPARD,1200,150
CL0503M-PINK,1200,150
CL0505-BLACK,1480,185
CL0507-BLACK,1320,165
CL0508-HAVANE,1480,185
CL0508-LEOPARD,1480,185
CL0508-NAVYBLUE,1480,185
CL0509-BLACK,1088,136
CL0509-BLACK-SUEDE,1088,136
CL0509-CARAIBES,1040,130
CL0509-GREEN,1088,136
CL0509-NUDE,1088,136
CL0509-NUDE-WATERSNAKE,1040,130
CL0509-PATENT-BLACK,1088,136
CL0509-ROSE-PARIS,1040,130
CL0509-SILVER,1088,136
CL0509-SUEDE-VIOLET,1088,136
CL0510-BLACK-SUEDE,1088,136
CL0510-BLEU-SAPHIR,1088,136
CL0510-ENGLISH-GREEN,1088,136
CL0510-KID-BLACK,1088,136
CL0510-PLUM-SUEDE,1088,136
CL0511-BLACK,1088,136
CL0511-LEOPARD,1088,136
CL0512-BLACK,1040,130
CL0512-WHITE,1056,132
CL0513-SILVER,1088,136
CL0514-120MM-RED,1088,136
CL0514-BLACK,1088,136
CL0514-BLACK-120MM,1088,136
CL0514-MULTICOLOR,1088,136
CL0515-BLACK,1088,136
CL0515-PURPLE,1088,136
CL0516-BLACK,1088,136
CL0517-BLACK,1088,136
CL0517-PEACOCK,1200,150
CL0521-BLACK,1240,155
CL0521-BROWN,1240,155
CL0521-GOLD,1240,155
CL0521-PIVOINE,1240,155
CL0523-BLACK-NEPTUNE,945,150
CL0523M-SUEDE-BLACK,1200,150
CL0523M-SUEDE-PEACOCK,1200,150
CL0524-LEOPARD-FLAME,1200,150
CL0524-NUDE,1200,150
CL0527-BLACK,1200,150
CL0527-NUDE,1200,150
CL0528-TABACCO,1320,165
CL0530-BLACK,1200,150
CL0530-VIOLET,1200,150
CL0531-TAUPE,1240,155
CL0532-BLACK,1320,165
CL0532-BLACK-TAUPE,1320,165
CL0533-BLACK,1200,150
CL0533-SPECCHIO,1200,150
CL0534-PEACOCK,1200,150
CL0534-TAUPE,1200,150
CL0536-BLACK,1600,200
CL0536-ROSE,1600,200
CL0537-BLACK,1480,185
CL0538-BLACK,1600,200
CL0540-FAUVE,1200,150
CL0541-BLACK,1480,185
CL0542-BLACK,1320,165
CL0542-GRIS,1320,165
CL0543-BLACK,1200,150
CL0543-LEOPARD,1200,150
CL0543-PONY-BLACK,1200,150
CL0543-RED,1200,150
CL0544-TABACCO,1400,175
CL0545-FAUVE,1480,185
CL0546-BLACK,1240,155
CL0546-TABACCO,1240,155
CL0547-BLACK,1480,185
CL0547-RED,1480,185
CL0548-BLACK,1200,150
CL0548-NUDE,1200,150
CL0549-BLACK,1320,165
CL0549-NATURAL,1320,165
CL0550M-NAVY,1200,150
CL0550M-TAUPE,1200,150
CL0550-NAVY,1200,150
CL0550-TAUPE,1200,150
CL0555M-BLACK,1200,150
CL0555M-RED,1200,150
CL0556-LEOPARD,1200,150
CL0556M-BLUE,1200,150
CL0556M-RED,1200,150
CL0556M-ZEBRA,1200,150
CL0557M-LEOPARD,1200,150
CL0557M-PEACOCK,1200,150
CL0560M-BEIGE,1200,150
CL0560M-BLACK,1200,150
CL0561-BLACK,1200,150
CL0561M-BLACK,1200,150
CL0564M-MULTICOLOR,1200,150
CL0564-MULTICOLOR,1200,150
CL0567-BLACK,1040,130
CL0568-BLACK,1056,132
CL0568-BLACK-ROUGE,1088,136
CL0568-CANARI,1088,136
CL0568-LEATHER-BLACK,1040,130
CL0568-ROSE,1088,136
CL0569-BLACK,1056,132
CL0569-NUDE,1056,132
CL0570-BLACK,1056,132
CL0570-NUDE,1056,132
CL0571-BLACK,1088,136
CL0571-PIVOINE,1088,136
CL0572-BLACK,1168,146
CL0572-NUDE,1168,146
CL0572-SUEDE-VIOLET,1168,146
CL0574-BLACK,1200,150
CL0574-BLACK-LEOPARD,1168,146
CL0574-RED,1168,146
CL0575-FAUVE,1200,150
CL0575-MULTICOLOR,1200,150
CL0576-BLACK,1056,132
CL0578-BLACK,1088,136
CL0579-BLACK,1056,132
CL0580-BEIGE,1088,136
CL0582-HAVANE,1088,136
CL0582-SUEDE-PIVOINE,1088,136
CL0584-BLACK,1088,136
CL0584-VEAU,1088,136
CL0586-BLACK,1088,136
CL0586-STONE,1088,136
CL0587-BLACK,1088,136
CL0587-RED,1088,136
CL0589-RED,1088,136
CL0590-BLACK,1088,136
CL0590-NUDE,1088,136
CL0591-BLACK,1088,136
CL0591-RED,1088,136
CL0592-ROSE,1088,136
CL0593-BLACK,1088,136
CL0593-TAUPE,1088,136
CL0594-BLACK,1088,136
CL0594-PIVOINE,1088,136
CL0595-BLACK,1088,136
CL0595-ORANGE,1088,136
CL0595-PLATINE,1088,136
CL0597-BLACK,1088,136
CL0598-BLACK,1088,136
CL0598-PURPLE,1088,136
CL0599-CANARI,1088,136
CL0600-BLACK,1088,136
CL0600-PATENT-BLACK,1088,136
CL0600-RED,1088,136
CL0600-SOURIS,1088,136
CL0602-BLACK,1088,136
CL0602-BLUE,1088,136
CL0602-ROSE,1088,136
CL0603-BLACK,1056,132
CL0603-WHITE,1056,132
CL0604-BLACK,1088,136
CL0604-GREEN,1088,136
CL0604-PURPLE,1088,136
CL0604-RED,1088,136
CL0605-BLACK,1088,136
CL0607-BLACK,1088,136
CL0607-GOLD,1088,136
CL0608-BLACK,1200,150
CL0608-PLUM,1200,150
CL0609-LEOPARD,1088,136
CL0610-BLACK,896,122
CL0611-BLACK,896,122
CL0611-PURPLE,896,122
CL0618-BLACK,896,122
CL0618-BLUE,896,122
CL0618-TARTEN,896,122
CL0619-LEOPARD,1200,150
CL0619M-LEOPARD,1200,150
CL0623-BLACK,896,122
CL0623-RED,896,122
CL0624-BLACK,760,115
CL0624-SILVER-ROSE-PARIS,760,115
CL0625-SMOKE,1111.92,138.99
CL0627-FAUVE-GOLD,1399.92,174.99
CL0627-STONE,1399.92,174.99
CL0628-BLACK,1359.92,169.99
CL0628-ROSE-PARIS,1359.92,169.99
CL0629-BABY-PINK,1063.92,132.99
CL0629-NUDE,1040,130
CL0629-ROSE-PARIS,1063.92,132.99
CL0632-WHITE-RED-BLUE,1184,148
CL0636-MULTICOLOR,1040,130
CL0638-WHITE,1200,150
CL0644-BLACK,1040,130
CL0645-BLACK,1040,130
CL0646-BLACK,1040,130
CL0646-ROUGE-LIPSTICK,1040,130
CL0647M-BLACK,2497,150
CL0647M-CENDRE,1995,150
CL0647M-GOLD,1040,150
CL0647M-RED,2497,150
CL0647M-SILVER,1200,150
CL0647M-STONE,1200,150
CL0649-BLACK,1040,130
CL0649-RED,1040,130
CL0650-BLUE,1040,130
CL0652-BLACKRED,1040,130
CL0654-ROSE,1040,130
CL0655-PARME,1040,130
CL0657-CRAIE,1200,150
CL0660-SILVER,1088,136
CL0661-BLACK,1040,130
CL0661-SILVER,1040,130
CL0662-STONE,1040,130
CL0665-NUDE,1040,130
CL0666-BLACK,1040,130
CL0666-CANARI,1040,130
CL0666-CORDE,1040,130
CL0666-DENIM,1040,130
CL0668-BLACK,1040,130
CL0669-MULTICOLOR,1088,136
CL0669-RED,1088,136
CL0670-NUDE,1088,136
CL0670-WHITE,1040,130
CL0671-WHITE,1040,130
CL0672-SILVER,1040,130
CL0673-BLACK,1040,130
CL0673-NUDE,1040,130
CL0675-BLACK,1088,136
CL0675-GRENADINE,1088,136
CL0676-GRENADINE,1040,130
CL0676-YELLOW,1040,130
CL0677-ALL-BLACK,725,136
CL0677-BLACK,1040,130
CL0677-BLACK-BROWN,695,130
CL0677-BLACK-MULTI,1040,136
CL0677-CURACAO-MULTI,725,136
CL0677-DUNE,925,132
CL0677-ECLIPSE,839,136
CL0677-NUDE,1040,130
CL0677-NUDE-45MM,1088,136
CL0677-PINK,725,136
CL0677-RED,725,136
CL0678-BLACK,1088,136
CL0680-BLACK,625,130
CL0680-BLACK-SUEDE,625,130
CL0680-CURACAO,625,130
CL0680-GOLD,675,136
CL0680-LEOPARD,1040,130
CL0680-NUDE,625,130
CL0680-OFF-WHITE,625,130
CL0680-PAPAYE,625,130
CL0680-RED-WINE,625,130
CL0680-ROSE,1040,130
CL0680-ROYAL-BLUE,675,136
CL0680-VIOLET,625,130
CL0682-NUDE,1040,130
CL0683-BLACK,1088,136
CL0684-BLACK,1088,136
CL0684-NUDE,1088,136
CL0685-BRONZE,1088,136
CL0686-NUDE,896,122
CL0687-AQUAMARINE,1088,136
CL0687-BLACK,1040,130
CL0687-BLACK-PATENT,1088,136
CL0687-BLUE,1040,130
CL0687-LEA,845,136
CL0687-MAYA,845,136
CL0687-RED,1040,130
CL0687-SAFKI,845,136
CL0688-BLACK,1040,130
CL0689-BLACK,1088,136
CL0690-BLACK,1240,155
CL0691-BLACK,1320,165
CL0691-BLACK-SUEDE,1320,165
CL0692-BLACK,1320,165
CL0692-BLUE,1200,150
CL0693-BLACK,1200,150
CL0693-LICHEN-WHITE,745,150
CL0694-BLACK,1040,130
CL0694-NUDE,1040,130
CL0695-YELLLOW,1040,130
CL0696-BLACK,1240,155
CL0697-BLACK,1040,130
CL0698-SILVER,1040,130
CL0698-SILVER-LEATHER,1040,130
CL0699-NUDE,1088,136
CL0700-NUDE,1040,130
CL0701-LEOPARD,1040,130
CL0702-LEOPARD,1088,136
CL0703-WHEAT,1200,150
CL0704-BLACK,1200,185
CL0705-BLACK,1200,150
CL0705-BLACK-LEATHER,1200,150
CL0705-RED,1200,150
CL0706-BLACK,1200,150
CL0708-BLACK,1280,160
CL0709-BLACK,1280,160
CL0710-BLUE,1200,150
CL0712-BLACK,1480,185
CL0714-BLACK,1088,136
CL0714-RED,1088,136
CL0715-BLACK,1200,150
CL0716-BLACK,1200,150
CL0717-BLACK,1088,136
CL0717-BLACK-BROWN,625,136
CL0717-BLACK-PYTHON,1295,136
CL0717-BLACK-SUEDE,675,136
CL0717-BLUE,1088,136
CL0717-CAPUCINE,675,146
CL0717-CHOCOLATE,1088,136
CL0717-DUNE,825,136
CL0717-EVEQUE,1295,136
CL0717-FOREST,675,136
CL0717-GLACIER,1045,136
CL0717-GOLDEN,1088,136
CL0717-GRENADINE,1088,136
CL0717-LEA,1088,136
CL0717-LICHEN,1295,136
CL0717-MAYA,1088,136
CL0717-NATS,675,146
CL0717-NUDE,1088,136
CL0717-PURPLE,1088,136
CL0717-RED,1088,136
CL0717-SAFKI,1088,136
CL0717-SEA-GREEN,675,136
CL0717-TURQUOISE,1088,136
CL0718-BLACK,1280,160
CL0719-BLACK,1480,185
CL0720-BLACK,1088,136
CL0721-BLACK,1200,150
CL0721-NUDE,1200,150
CL0722-BLACK,1520,190
CL0722-BLACK-LEOPARD,1200,150
CL0723-BLACK,775,136
CL0723-NUDE,1088,136
CL0724-BLACK,1088,136
CL0724-GOLD,1088,136
CL0724-NUDE,1088,136
CL0724-RED,1088,136
CL0725-BLACK,1200,150
CL0726-LEOPARD,1200,150
CL0728-ROSE,1088,136
CL0729-BROWN,1240,155
CL0730-PINK,1088,136
CL0731-NAVY,1088,136
CL0732-BEIGE,1120,140
CL0732-BLACK,1120,140
CL0732-GOLD,895,140
CL0733-BLACK,1088,136
CL0734-RED,1200,150
CL0735-BLACK,1088,136
CL0736-RED,1088,136
CL0737-SILVER,1088,136
CL0738-MULTICOLOR,1088,136
CL0738-ROSE,1088,136
CL0739-BLACK,725,136
CL0739-NUDE,1088,136
CL0740-BEIGE,1088,136
CL0740-BLUE,1088,136
CL0741-BLACK,1200,150
CL0741-TURQUESA,1200,150
CL0744-CAPUCINE,995,160
CL0744-ELECTRIC,1295,160
CL0744-GREEN,995,150
CL0744-LEOPARD,1200,150
CL0745-BLACK,1088,136
CL0745-LEOPARD,1088,136
CL0746-BLACK,1200,150
CL0746-RED,1200,150
CL0746-WHITE,1240,155
CL0747-BLACK,1088,136
CL0747-GRENADINE,1088,136
CL0747-GRENADINE-RED,1195,136
CL0748-BLACK,1088,136
CL0749-BLACK,1200,150
CL0749-ECLIPSE,1145,150
CL0750-ANIS,1095,150
CL0750-BLACK,1200,150
CL0750-BLACK-PYTHON,1995,150
CL0750-PAPAYE,1095,150
CL0750-RED,1200,150
CL0750-WHITE,1217,150
CL0751-BLACK,1088,136
CL0753-BLUE,1088,136
CL0753-OFF-WHITE,995,136
CL0755-GOLD,1088,136
CL0756-WHITE,1088,136
CL0757-COFFEE,1088,136
CL0758-BLACK,1088,136
CL0760-BLACK,1088,136
CL0761-BLACK,1088,136
CL0762-WHITE,1088,136
CL0763-BLACK,1088,136
CL0764-BLACK,1088,136
CL0765-ANIS,645,136
CL0765-WHITE,1088,136
CL0766-GOLD,1248,156
CL0766-SILVER,1248,156
CL0767-BLACK,1088,136
CL0767-BLACK-WHITE,825,136
CL0767-VERSION-RIVIERA,1088,136
CL0769-VERSION-RIVIERA,1088,136
CL0770-BLACK,1195,150
CL0770-BLACK-LEATHER,1245,150
CL0770-DUNE,1245,150
CL0770-NUDE,1200,150
CL0771-ROSE,995,150
CL0772-BEIGE,595,122
CL0773-BLACK-MULTIC-LUC,1530,150
CL0773-WHITE,1245,150
CL0774-BLACK,625,132
CL0774-MAYA,625,132
CL0774-SAFKI,625,132
CL0775-ANTHRACITE,845,150
CL0775-GREY,845,150
CL0776-WHITE,795,136
CL0777-GOLD,795,136
CL0777-SILVER,825,136
CL0778-BLACK-GOLD,1045,136
CL0778-MULTI,1045,136
CL0778-NUDE-RED-MARCH,1045,136
CL0778-VERSION-DARK-BROWN,1045,136
CL0779-RED,845,150
CL0780-ECLIPSE,1245,150
CL0780-MULTI,1245,150
CL0781-FOREST,2895,150
CL0781-VERSION-COSMOS,2895,150
CL0781-WHITE,2595,150
CL0782-POUDRE,725,114
CL0783-POUDRE,780,136
CL0783-WHITE-SILVER,780,136
CL0784-NUDE,995,142
CL0809-EVEQUE,825,136
CL0809-NUDE,825,136
CL0809-OFF-WHITE,825,136
CL0809-PINK,825,136
CL0810-ECLIPSE,1295,136
CL0810-PAPAYE,1295,136
CL0811-ECLIPSE,695,132
CL0811-NUDE,695,132
CL0812-VERSION-EVEQUE,725,136
CL0812-VERSION-NUDE,725,122
CL0812-VERSION-NUDE-I,725,132
CL0813-POIVRE,895,150
CL0813-VIOLET,895,150
CL0814-NUDE,625,122
CL0815-GOLD,1395,136
CL0816-BROWN,1795,150
CL0816-LICHEN,1995,150
CL0817-FRAMBOISINE,995,150
CL0817-PINK,995,150
CL0818-ECLIPSE-WHITE,895,150
CL0818-WHITE-ECLIPSE,845,150
CL0819-WHITE,1495,150
CL0820-CORAZON,645,136
CL0820-WHITE,645,136
CL0821-BLACK,2392,200
CL0822-BLACK,2442,185
CL0823-GOLD,1295,136
CL0823-NUDE,1295,136
CL0824-BLACK,1075,136
CL0824-MULTI,1135,136
CL0825-BLACK,725,132
CL0825-NUDE,725,132
CL0826-BLACK,1845,190
CL0827-BLACK,1295,185
CL0828-WINE-RED-GOLD,945,136
CL0829-LIE-WINE,1175,136
CL0829-PLATINE,895,136
CL0829-TURQUIN,895,136
CL0829-VIOLET,895,136
CL0830-MULTI,845,136
CL0830-PINK,845,136
CL0831-BROWN-WHITE,995,136
CL0831-LIE-WINE,1465,136
CL0832-BLACK,745,136
CL0832-BLACK-GOLD,1095,136
CL0832-BLACK-LEATHER,1095,136
CL0832-VIOLET,745,136
CL0832-VIOLET-GOLD,1095,136
CL0833-BLACK,1095,136
CL0833-ECLIPSE,1095,136
CL0833-VERSION-BLACK,1095,136
CL0834-BLACK,1095,150
CL0834-LEOPARD,1395,150
CL0834-LIE-WINE,1395,150
CL0835-BLACK,2295,185
CL0835-CENDRE,2295,185
CL0836-BLACK,2095,136
CL0836-MULTI,1895,136
CL0837-BLACK-MULTI,775,136
CL0837-TILLEUL,775,136
CL0838-BLACK,895,136
CL0838-NUDE,895,136
CL0839-BLACK,1395,136
CL0840-WINE-RED,518,136
CL0841-NAVY-GREEN,950,150
CL0841-RED-BLUE,950,150
CL0842-BLACK,895,136
CL0842-BLACK-RED,995,146
CL0843-BLACK,1545,160
CL0843-TURQUIN,1545,165
CL0844-COSMOS,1195,136
CL0844-HEMATITE,1195,136
CL0845-LEA,845,136
CL0845-MAYA,845,136
CL0845-SAFKI,845,136
CL0846-BLUE,895,150
CL0847-BLACK,845,146
CL0847-BLACK-RED,845,146
CL0847-MULTI,895,150
CL0847-NUDE,845,146
CL0847-RED,845,136
CL0848-MULTI,895,150
CL0849-MIMOSA,1095,150
CL0850-BLACK,675,136
CL0850-RED,675,136
CL0851-BLACK,895,136
CL0852-BLACK,1295,136
CL0852-MULTI,1450,136
CL0852-NUDE,1295,136
CL0852-WHITE,1295,136
CL0853-BLUSH-BEIGE,745,136
CL0853-BLUSH-CHOCOLATE,745,136
CL0853-BLUSH-ESPRESSO,745,136
CL0853-BLUSH-NUDE,745,136
CL0853-BLUSH-SADDLEBROWN,745,136
CL0854-BLUSH-BEIGE,745,136
CL0854-BLUSH-CHOCOLATE,745,136
CL0854-BLUSH-ESPRESSO,745,136
CL0854-BLUSH-NUDE,745,136
CL0854-BLUSH-SADDLEBROWN,745,136
CL0855-BLACK,1095,146
CL0856-BEIGE,1095,146
CL0856-BLACK,995,146
CL0856-CAPUCINE,995,146
CL0856-ESPADON,995,146
CL0856-NEIGE,996,146
CL0857-BLACK,675,146
CL0857-ROSE,675,140
CL0858-SILVER,675,146
CL0859-ROSE,865,146
CL0860-BEIGE,865,146
CL0860-RUBIS-WHITE,865,146
CL0861-BLUE,995,160
CL0862-BLACK-SILVER,995,160
CL0863-BLACK-SILVER,1395,160
CL0864-GOLD,495,136
CL0865-GOLD,1095,150
CL0866-GOLD,965,140
CL0867-BLACK,795,146
CL0867-HORIZON-SILVER,965,140
CL0867-RED,795,146
CL0867-WHITE-IVORY,795,146
CL0868-SILVER,1165,150
CL0869-SILVER,965,140
CL0870-NUDE-LIGHT-GOLD,695,136
CL0871-BLACK-SILVER,795,146
CL0871-NUDE,795,146
CL0872-NUDE,795,146
CL0873-EDELWEISS,795,146
CL0874-Nude-Gold,695,146
CL0875-Nude,875,146
CL0876-Black,895,160
CL0876-White,895,160
CL0877-White,895,160
CL0878-HORIZON,675,146
CL0879-BLACK,945,146
CL0879-DIGITALE,945,146
CL0880-VERSION-DIGITALE,795,160
CL0881-PIERRE,895,160
CL0882-BLACK,995,146
CL0883-HORIZON,1495,160
CL0884-BLACK,795,146
CL0884-RED,795,146
CL0884-ROSE,795,146
CL0885-BLACK,995,146
CL0885-SILVER,995,146
CL0886-NEIGE,895,146
CL0887-BLACK,759,136
CL0887-NEIGE,759,136
CL0887-NUDE,895,140
CL0887-NUDE-LIGHT-GOLD,759,136
CL0887-WHITE,895,140
CL0888-CAPUCINE,925,150
CL0889-WHITE,1295,160
CL0890-BEIGE,965,140
CL0891-NUDE,795,140
CL0892-OFF-WHITE,875,146
CL0893-BLACK,965,140
CL0893-LIGHT-GOLD,945,140
CL0893-NUDE,965,140
CL0894-BLACK,675,146
CL0894-NUDE,675,146
CL0895-BLACK,945,160
CL0895-ELECTRIC,945,160
CL0895-PAVOT-PAVOT,945,160
CL0896-BLACK,995,146
CL0896-NUDE,995,146
CL0897-WHITE,1295,146
CL0898-NUDE,850,146
CL0898-RED,850,146
CL0899-NUDE,995,146
CL0900-BLACK,675,140
CL0903-NUDE,745,146
CL0903-VERSION-NEON,745,146
CL0904-SILVER,845,146
CL0905-NEIGE,995,146
CL0906-NEIGE,895,146
CL0907-CARMIN,945,146
CL0907-CARMIN-RONSARD,845,146
CL0907-NUDE,745,146
CL0908-CARMIN,845,146
CL0909-BLACK-PINK,490,130
CL0909-BLACK-RED,490,130
CL0909-RED-WHITE,490,130
CL0909-WHITE-RED,490,130
CL0909-MULTICOLOR,490,130
CL0909-BLACK,490,130
CL0910-BLACK,490,130
CL0911-BLACK,490,130
CL0911-BLUE,490,130
CL0911-GREEN,490,130
CL0911-RED,490,130
CL0911-PINK,490,130
CL0911-YELLOW,490,130
CL0912-NUDE,1056,142
CL0912-CARMIN,945,160
CL0912-LIGHT-GOLD,845,160
CL0912-NIGHT,675,146
CL0912-RONSARD,945,146
CL0912-BLACK,945,146
CL0913-ANTIQUE-BRASS,345,99
CL0913-APRICOT,345,99
CL0913-BLUE,345,99
CL0913-NUDE,345,99
CL0913-BLACK,345,99
CL0913-PINK,345,99
CL0913-SILVER,345,99
CL0913-WATHET,345,99
CL0914-BLACK,350,95
CL0914-White,275,80
CL0914-Apricot,350,95
CL0915-BLACK,275,80
