产品型号,分类路径,排序
CL0118-AMETHYSTE,分类不存在,10
CL0118-BLACK,分类不存在,20
CL0118-BLUE,分类不存在,30
CL0118-CAMEO-ROSE,分类不存在,40
CL0118-DARK-BLUE,分类不存在,50
CL0118-HOT-PINK,分类不存在,60
CL0118-LEMON,分类不存在,70
CL0118-LEOPARD,分类不存在,80
CL0118-SUEDE-GREY,分类不存在,90
CL0118-TAUPE-SUEDE,分类不存在,100
CL0118-TURQUOISE,分类不存在,110
CL0118-YELLOW,分类不存在,120
CL0119-BEIGE,分类不存在,130
CL0119-BLACK,分类不存在,140
CL0119-BLEU-SAPHIR,分类不存在,150
CL0119-BLUE,分类不存在,160
CL0119-BOREALE-GOLD,分类不存在,170
CL0119-BROWN,分类不存在,180
CL0119-CHAIN-MULTICOLOR,分类不存在,190
CL0119-CROCO-BLACK,分类不存在,200
CL0119-CROCO-PATCHWORK,分类不存在,210
CL0119-CROCO-PATCHWORKS,分类不存在,220
CL0119-CROCO-TAN,分类不存在,230
CL0119-FUCHSIA,分类不存在,240
CL0119-GEEK,分类不存在,250
CL0119-GLITTER-BLACK,分类不存在,260
CL0119-GOLD,分类不存在,270
CL0119-GREEN,分类不存在,280
CL0119-GREEN-STRASS,分类不存在,290
CL0119-JACQUARD-LEOPARD,分类不存在,300
CL0119-LACE-BLACK,分类不存在,310
CL0119-LACE-GREEN,分类不存在,320
CL0119-LACE-GREY,分类不存在,330
CL0119-LACE-WHITE,分类不存在,340
CL0119-LAME-GOLD,分类不存在,350
CL0119-LEATHER-NUDE,分类不存在,360
CL0119-MERIDIAN-BLUE,分类不存在,370
CL0119-MULTICOLOR,分类不存在,380
CL0119-MULTICOLOR-PYTHON,分类不存在,390
CL0119-NATURALE,分类不存在,400
CL0119-PANAMA-BLACK,分类不存在,410
CL0119-PATENT-WHITE,分类不存在,420
CL0119-PINK,分类不存在,430
CL0119-PIVOINE,分类不存在,440
CL0119-PLUM,分类不存在,450
CL0119-PONY-ZEBRA,分类不存在,460
CL0119-PURPLE,分类不存在,470
CL0119-PYTHON-GREY,分类不存在,480
CL0119-PYTHON-MENTHE,分类不存在,490
CL0119-PYTHON-ROCCIA,分类不存在,500
CL0119-ROUGE-LIPSTICK,分类不存在,510
CL0119-SAHARA,分类不存在,520
CL0119-SATIN-BLUE,分类不存在,530
CL0119-SATIN-PLUM,分类不存在,540
CL0119-SILVER,分类不存在,550
CL0119-SNAKESKIN,分类不存在,560
CL0119-SNAKESKIN-BLUE,分类不存在,570
CL0119-SNAKESKIN-GREEN,分类不存在,580
CL0119-SNAKESKIN-PINK,分类不存在,590
CL0119-STRASS-GOLD,分类不存在,600
CL0119-STRASS-HEMATITE,分类不存在,610
CL0119-SUEDE-BLACK,分类不存在,620
CL0119-SUEDE-PEACOCK,分类不存在,630
CL0119-SUEDE-VIOLETTE,分类不存在,640
CL0119-YELLOW,分类不存在,650
CL0233M-PIK-LAME,分类不存在,660
CL0233M-PIK-NOIR,分类不存在,670
CL0233-PIK-LAME,分类不存在,680
CL0233-PIK-NOIR,分类不存在,690
CL0233-RED-PIK,分类不存在,700
CL0330-100MM-CAMEO,分类不存在,710
CL0330-100MM-NOIR,分类不存在,720
CL0330-BEIGE,分类不存在,730
CL0330-BLACK,分类不存在,740
CL0330-BLACK-LEATHER,分类不存在,750
CL0330-BLACK-PATENT,分类不存在,760
CL0330-BLUE-KHOL,分类不存在,770
CL0330-CORDE,分类不存在,780
CL0330-FLUO-PINK,分类不存在,790
CL0330-GLITTER-BLACK,分类不存在,800
CL0330-GLITTER-GOLD,分类不存在,810
CL0330-GLITTER-SILVER,分类不存在,820
CL0330-GRAFFITI-MULTICOLOR,分类不存在,830
CL0330-GRENADINE,分类不存在,840
CL0330-GRID-BLACK,分类不存在,850
CL0330-JAZZ-NUDE,分类不存在,860
CL0330-LACE-BEIGE,分类不存在,870
CL0330-MULTICOLOR,分类不存在,880
CL0330-MULTICOLOR-P,分类不存在,890
CL0330-NUDE,分类不存在,900
CL0330-NUDE-PATENT,分类不存在,910
CL0330-PATENT-BLACK,分类不存在,920
CL0330-PATENT-FLUO-YELLOW,分类不存在,930
CL0330-PATENT-JADE,分类不存在,940
CL0330-PATENT-PIVOINE,分类不存在,950
CL0330-PATENT-RED,分类不存在,960
CL0330-PATENT-YELLOW,分类不存在,970
CL0330-P-BLACK-ROSE,分类不存在,980
CL0330-PINK-GOLD,分类不存在,990
CL0330-PINKY,分类不存在,1000
CL0330-PLATO-BLACK,分类不存在,1010
CL0330-PLATO-GLITTER,分类不存在,1020
CL0330-PLATO-NATURALE,分类不存在,1030
CL0330-PLATO-NUDE,分类不存在,1040
CL0330-PLATO-PINK,分类不存在,1050
CL0330-PLATO-RED,分类不存在,1060
CL0330-PLATO-WHITE,分类不存在,1070
CL0330-POINTED-JADE,分类不存在,1080
CL0330-POINTED-NUDE,分类不存在,1090
CL0330-PRINTED-SAHARA,分类不存在,1100
CL0330-PSTRASS-BLACK,分类不存在,1110
CL0330-RED,分类不存在,1120
CL0330-RED-MARCH,分类不存在,1130
CL0330-SPIKE-PINK,分类不存在,1140
CL0330-SPIKES-ALLBLACK,分类不存在,1150
CL0330-SPIKES-BLACK,分类不存在,1160
CL0330-SPIKES-GOLD,分类不存在,1170
CL0330-SPIKES-HEMATITE,分类不存在,1180
CL0330-SPIKES-NAVY,分类不存在,1190
CL0330-SPIKES-NUDE,分类不存在,1200
CL0330-SPIKES-RED,分类不存在,1210
CL0330-SPIKE-WHITE,分类不存在,1220
CL0330-STUDDED-BLACK,分类不存在,1230
CL0330-WHITE,分类不存在,1240
CL0331-ALL-BLACK,分类不存在,1250
CL0331-BLACK,分类不存在,1260
CL0331-BLACK-LEATHER,分类不存在,1270
CL0331-BURGUNDY,分类不存在,1280
CL0331-GOLD,分类不存在,1290
CL0331-MULTICOLOR,分类不存在,1300
CL0331-NUDE,分类不存在,1310
CL0331-PINK,分类不存在,1320
CL0331-PRIMEVERE,分类不存在,1330
CL0331-PURPLE,分类不存在,1340
CL0331-SILVER,分类不存在,1350
CL0331-SPIKE-RED,分类不存在,1360
CL0331-SPIKES-BLACK,分类不存在,1370
CL0331-ZEBRA,分类不存在,1380
CL0496-BLACK,分类不存在,1390
CL0496-BLACK-STRASS,分类不存在,1400
CL0509-BLACK,分类不存在,1410
CL0509-BLACK-SUEDE,分类不存在,1420
CL0509-CARAIBES,分类不存在,1430
CL0509-GREEN,分类不存在,1440
CL0509-NUDE,分类不存在,1450
CL0509-NUDE-WATERSNAKE,分类不存在,1460
CL0509-PATENT-BLACK,分类不存在,1470
CL0509-ROSE-PARIS,分类不存在,1480
CL0509-SILVER,分类不存在,1490
CL0509-SUEDE-VIOLET,分类不存在,1500
CL0548-BLACK,分类不存在,1510
CL0548-NUDE,分类不存在,1520
CL0629-BABY-PINK,分类不存在,1530
CL0629-NUDE,分类不存在,1540
CL0629-ROSE-PARIS,分类不存在,1550
CL0647-SILVER,分类不存在,1560
CL0717-BLACK,分类不存在,1570
CL0717-BLACK-BROWN,分类不存在,1580
CL0717-BLACK-PYTHON,分类不存在,1590
CL0717-BLACK-SUEDE,分类不存在,1600
CL0717-BLUE,分类不存在,1610
CL0717-CHOCOLATE,分类不存在,1620
CL0717-DUNE,分类不存在,1630
CL0717-EVEQUE,分类不存在,1640
CL0717-FOREST,分类不存在,1650
CL0717-GLACIER,分类不存在,1660
CL0717-GOLDEN,分类不存在,1670
CL0717-GRENADINE,分类不存在,1680
CL0717-LEA,分类不存在,1690
CL0717-LICHEN,分类不存在,1700
CL0717-MAYA,分类不存在,1710
CL0717-NUDE,分类不存在,1720
CL0717-PURPLE,分类不存在,1730
CL0717-RED,分类不存在,1740
CL0717-SAFKI,分类不存在,1750
CL0717-SEA-GREEN,分类不存在,1760
CL0717-TURQUOISE,分类不存在,1770
CL0721-NUDE,分类不存在,1780
CL0737-SILVER,分类不存在,1790
CL0747-BLACK,分类不存在,1800
CL0747-GRENADINE,分类不存在,1810
CL0747-GRENADINE-RED,分类不存在,1820
CL0750-ANIS,分类不存在,1830
CL0750-BLACK,分类不存在,1840
CL0750-RED,分类不存在,1850
CL0750-WHITE,分类不存在,1860
CL0766-GOLD,分类不存在,1870
CL0766-SILVER,分类不存在,1880
CL0782-POUDRE,分类不存在,1890
